tweet_id,created_at,username,display_name,followers_count,content,content_clean,lang,like_count,retweet_count,reply_count,quote_count,view_count,is_retweet,step,keyword_matched,root_tweet_id,sentiment,sentiment_score,url
2094361331227107548,2026-08-31 09:47:07,pramanaputera,dipptr,6023,@panggilsajamumu emg enak enihh mbg nya mu🤤,emg enak enihh mbg nya mu,in,0,0,0,0,0,0,1_root,MBG[Latest],,positif,1,https://x.com/pramanaputera/status/2094361331227107548
2094361214998732933,2026-08-31 09:46:39,pramanaputera,dipptr,6023,@iwthil met mam mbg bang,met mam mbg bang,in,0,0,0,0,2,0,1_root,MBG[Latest],,netral,0,https://x.com/pramanaputera/status/2094361214998732933
2094361131846353032,2026-08-31 09:46:19,Bazza12312,PORT BEGGING BOTS,125,@xMBGx Is Mbg asking fof himself or for friend,is mbg asking fof himself or for friend,en,0,0,0,0,0,0,1_root,MBG[Latest],,netral,0,https://x.com/Bazza12312/status/2094361131846353032
2094361082030592442,2026-08-31 09:46:07,Navpem,MatSot,9248,"Ini yang Bikin Program MBG SAKTI

Yayasan Adi Upaya (Yasau)
Pendiri/Pembina: Didirikan oleh jajaran pimpinan TNI AU. Secara ex-officio, KSAU bertindak sebagai Ketua Pembina bersama jajaran Perwira Tinggi TNI AU (dikelola oleh purnawirawan marsekal TNI AU).

Yayasan Kemala Bhayangkari
Pendiri/Tokoh Kunci: Ny. Sri Rochmani Anton Soedjarwo (diprakarsai bersama para istri perwira Polri pada tahun 1980).
Pembina: Istri Kepala Kepolisian RI (Kapolri) yang menjabat sebagai Ketua Pembina Yayasan Kemala Bhayangkari.

Yayasan Patriot Solidaritas Nusantara
Pendiri/Tokoh Kunci: Tokoh penggerak relawan kebangsaan dan tokoh purnawirawan nasional (terafiliasi dengan gerakan solidaritas nasional dan jejaring pendukung program strategis pemerintah).

Yayasan Perjuangan Untuk Kesejahteraan Rakyat
Pendiri/Tokoh Kunci: Tokoh aktivis sosial dan praktisi filantropi kerakyatan yang bergerak dalam program bantuan pangan mandiri.

Yayasan Persyarikatan Muhammadiyah
Pendiri: K.H. Ahmad Dahlan (Muhammad Darwis) pada 18 November 1912.
Pimpinan Pusat: Prof. Dr. K.H. Haedar Nashir, https://t.co/UHDIffySFr. (Ketua Umum PP Muhammadiyah) dan Prof. Dr. Abdul Mu'ti, M.Ed. (Sekretaris Umum PP Muhammadiyah).

Yayasan Pundi Amal Nusantara
Pendiri/Tokoh Kunci: Para inisiator lembaga filantropi dan penggalangan donasi sosial kemanusiaan masyarakat.

Yayasan Yayasan Pengembangan Potensi Sumber Daya Pertahanan
Pendiri/Pembina: Kementerian Pertahanan RI. Jajaran pimpinan/Sekjen Kemhan RI dan Menteri Pertahanan RI bertindak sebagai Pembina utama.

Yayasan Purnawirawan Pejuang Indonesia Raya 
Pendiri/Tokoh Kunci: Mayjen TNI (Purn.) Musa Bangun (Ketua Umum PPIR) bersama Jenderal TNI (Purn.)/H. Prabowo Subianto selaku Ketua Dewan Pembina organisasi purnawirawan sayap Gerindra/PPIR.

Yayasan Kartika Purna Yudha
Pendiri/Tokoh Kunci: Jajaran purnawirawan perwira tinggi TNI Angkatan Darat (dibina bersama jejaring Persatuan Purnawirawan TNI AD/PPAD).

Yayasan Manunggal Kartika Jasa
Pendiri/Pembina: Korps lingkungan TNI Angkatan Darat (terafiliasi dengan ekosistem badan usaha dan kesejahteraan prajurit di bawah yayasan keluarga besar TNI AD).

Yayasan Supra Merah Putih
Pendiri/Tokoh Kunci: Penggerak organisasi kepemudaan, wiraswasta sosial, dan aktivis ketahanan pangan lokal.

Yayasan Elsye Peduli Bangsa
Pendiri/Tokoh Kunci: Elsye (pengusaha/tokoh filantropi perempuan) beserta jajaran keluarga pendiri yang bergerak di bidang kesejahteraan ibu dan anak.

Yayasan Pemberdayaan Perempuan UMKM Indonesia 
Pendiri/Tokoh Kunci: Hj. Munifah Syanwani, https://t.co/UHDIffySFr. (Pendiri dan Ketua Umum DPP PPUMI) bersama jajaran pengusaha perempuan nasional.

Yayasan Bina Bangsa
Pendiri/Tokoh Kunci: Surya Putra Subandi (Founder / Dewan Pengurus Yayasan Bina Bangsa School) beserta konsorsium pendidik swasta.

Yayasan Bhakti Mitra Widyatama
Pendiri/Tokoh Kunci: Para akademisi, pakar manajemen pendidikan tinggi vokasi dan tenaga ahli pengembangan sumber daya manusia.",ini yang bikin program mbg sakti yayasan adi upaya yasau pendiri pembina didirikan oleh jajaran pimpinan tni au secara ex officio ksau bertindak sebagai ketua pembina bersama jajaran perwira tinggi tni au dikelola oleh purnawirawan marsekal tni au yayasan kemala bhayangkari pendiri tokoh kunci ny sri rochmani anton soedjarwo diprakarsai bersama para istri perwira polri pada tahun 1980 pembina istri kepala kepolisian ri kapolri yang menjabat sebagai ketua pembina yayasan kemala bhayangkari yayasan patriot solidaritas nusantara pendiri tokoh kunci tokoh penggerak relawan kebangsaan dan tokoh purnawirawan nasional terafiliasi dengan gerakan solidaritas nasional dan jejaring pendukung program strategis pemerintah yayasan perjuangan untuk kesejahteraan rakyat pendiri tokoh kunci tokoh aktivis sosial dan praktisi filantropi kerakyatan yang bergerak dalam program bantuan pangan mandiri yayasan persyarikatan muhammadiyah pendiri k h ahmad dahlan muhammad darwis pada 18 november 1912 pimpinan pusat prof dr k h haedar nashir ketua umum pp muhammadiyah dan prof dr abdul mu ti m ed sekretaris umum pp muhammadiyah yayasan pundi amal nusantara pendiri tokoh kunci para inisiator lembaga filantropi dan penggalangan donasi sosial kemanusiaan masyarakat yayasan yayasan pengembangan potensi sumber daya pertahanan pendiri pembina kementerian pertahanan ri jajaran pimpinan sekjen kemhan ri dan menteri pertahanan ri bertindak sebagai pembina utama yayasan purnawirawan pejuang indonesia raya pendiri tokoh kunci mayjen tni purn musa bangun ketua umum ppir bersama jenderal tni purn h prabowo subianto selaku ketua dewan pembina organisasi purnawirawan sayap gerindra ppir yayasan kartika purna yudha pendiri tokoh kunci jajaran purnawirawan perwira tinggi tni angkatan darat dibina bersama jejaring persatuan purnawirawan tni ad ppad yayasan manunggal kartika jasa pendiri pembina korps lingkungan tni angkatan darat terafiliasi dengan ekosistem badan usaha dan kesejahteraan prajurit di bawah yayasan keluarga besar tni ad yayasan supra merah putih pendiri tokoh kunci penggerak organisasi kepemudaan wiraswasta sosial dan aktivis ketahanan pangan lokal yayasan elsye peduli bangsa pendiri tokoh kunci elsye pengusaha tokoh filantropi perempuan beserta jajaran keluarga pendiri yang bergerak di bidang kesejahteraan ibu dan anak yayasan pemberdayaan perempuan umkm indonesia pendiri tokoh kunci hj munifah syanwani pendiri dan ketua umum dpp ppumi bersama jajaran pengusaha perempuan nasional yayasan bina bangsa pendiri tokoh kunci surya putra subandi founder dewan pengurus yayasan bina bangsa school beserta konsorsium pendidik swasta yayasan bhakti mitra widyatama pendiri tokoh kunci para akademisi pakar manajemen pendidikan tinggi vokasi dan tenaga ahli pengembangan sumber daya manusia,in,0,0,0,0,19,0,1_root,MBG[Latest],,netral,0,https://x.com/Navpem/status/2094361082030592442
2094261906316087765,2026-08-31 03:12:02,rebukanrain,Rebukanre,8278,"Bagi yang mau tau yayasan yang paling berkuasa dalam pengelolaan SPPG
Nih bisa di lihat ada 15 Yayasan dan kalau kalian cek satu-satu kalian bakalan terkejut dengan siapa pemegang nya.

Kalau ada yang tanya ini peraturan apa
Ini SE PPATK no 7/2025 https://t.co/WAHxPR2hBA",bagi yang mau tau yayasan yang paling berkuasa dalam pengelolaan sppg nih bisa di lihat ada 15 yayasan dan kalau kalian cek satu satu kalian bakalan terkejut dengan siapa pemegang nya kalau ada yang tanya ini peraturan apa ini se ppatk no 7 2025,in,38,24,2,3,2597,0,1_root,MBG[Latest],,netral,0,https://x.com/rebukanrain/status/2094261906316087765
2094360991895290179,2026-08-31 09:45:46,rahmaniarbaftim,RahmaBaftim,23706,"@P0113R Yg penting MBG, itu poinnya 🤣🤣🫢",yg penting mbg itu poinnya,in,0,0,0,0,1,0,1_root,MBG[Latest],,netral,0,https://x.com/rahmaniarbaftim/status/2094360991895290179
2094360930851381718,2026-08-31 09:45:31,boerhanudin27,icepicep,341,"@hamsterbacod Ya dari sebelum prabowo menjabat juga petani sudah pada umroh, bahkan ada yang naik haji. Tapi dua hal ini ya bukan liburan. Plenger bener admin Gerindra, mentang-mentang pengikutnya punya otak setipis ompreng MBG!!!",ya dari sebelum prabowo menjabat juga petani sudah pada umroh bahkan ada yang naik haji tapi dua hal ini ya bukan liburan plenger bener admin gerindra mentang mentang pengikutnya punya otak setipis ompreng mbg,in,0,0,0,0,0,0,1_root,MBG[Latest],,netral,0,https://x.com/boerhanudin27/status/2094360930851381718
2094360861192425533,2026-08-31 09:45:15,isseinugrohoX,Issei Nugroho,51,"Pejabat ini Tetep Nyuruh Siswa Kalimantan Buat Sekolah, Demi MBG https://t.co/lKIc4HXAFd",pejabat ini tetep nyuruh siswa kalimantan buat sekolah demi mbg,in,0,0,0,0,1,0,1_root,MBG[Latest],,netral,0,https://x.com/isseinugrohoX/status/2094360861192425533
2094073985260728427,2026-08-30 14:45:18,dodisegrovee,DSG Post,2175,"Kepala Dinas Pendidikan (Kadisdik) Prov. Kalimantan Tengah: 

""Libur sekolah karna asap ini bikin dapur2 MBG mati &amp; anak2 ke kafe""

Pak, anak2 di rumah nggak akan ke kafe pas asap separah ini, btw jangan2 anda punya dapur MBG? 

Paru anak2 mati pelan2 karna kebijakan anda ini. https://t.co/C2GOh85B4C",kepala dinas pendidikan kadisdik prov kalimantan tengah libur sekolah karna asap ini bikin dapur2 mbg mati amp anak2 ke kafe pak anak2 di rumah nggak akan ke kafe pas asap separah ini btw jangan2 anda punya dapur mbg paru anak2 mati pelan2 karna kebijakan anda ini,in,22954,8773,870,2634,1012180,0,1_root,MBG[Latest],,netral,0,https://x.com/dodisegrovee/status/2094073985260728427
2094360553997373500,2026-08-31 09:44:02,justnipzyy,Nipzyy.,36,@seishook maunya denia mbg,maunya denia mbg,in,0,0,0,0,4,0,1_root,MBG[Latest],,netral,0,https://x.com/justnipzyy/status/2094360553997373500
2094360475379417328,2026-08-31 09:43:43,yuanitazh,Yua,231,"Covid itu vaksinnya gratis, jadi masuk aja ya Bpk/ibu, daripada MBG tutup...

Nanti kalo kena covid InshaAllah ada BPJS.
Daripada MBG tutup...

Tapi maaf Pak, Buk... BPJS PBInya kami kurangi yah kuotanya... Demi keberlangsungan MBG... Makanya jangan sampai MBG tutup ya bpk/ibu...",covid itu vaksinnya gratis jadi masuk aja ya bpk ibu daripada mbg tutup nanti kalo kena covid inshaallah ada bpjs daripada mbg tutup tapi maaf pak buk bpjs pbinya kami kurangi yah kuotanya demi keberlangsungan mbg makanya jangan sampai mbg tutup ya bpk ibu,in,0,0,0,0,6,0,1_root,MBG[Latest],,positif,1,https://x.com/yuanitazh/status/2094360475379417328
2094223013499851071,2026-08-31 00:37:29,rayestu,Nathaniel Rayestu,29779,"Coba pas covid kemaren udah ada MBG mungkin sekolah ga bakalan tutup lama2, bakal dipaksa masuk 😃",coba pas covid kemaren udah ada mbg mungkin sekolah ga bakalan tutup lama2 bakal dipaksa masuk,in,537,123,6,4,13346,0,1_root,MBG[Latest],,netral,0,https://x.com/rayestu/status/2094223013499851071
2094360468572024855,2026-08-31 09:43:41,GoatCR7Portugal,CR7 GOAT,25,"@LambeSahamjja kenapa ga bilang aja terus terang ""saya bekerja di dapur MBG karena pengin cpt kaya raya""",kenapa ga bilang aja terus terang saya bekerja di dapur mbg karena pengin cpt kaya raya,in,0,0,0,0,5,0,1_root,MBG[Latest],,netral,0,https://x.com/GoatCR7Portugal/status/2094360468572024855
2094360434149314733,2026-08-31 09:43:33,GalangTirta5,I Gd Galang,29,"Data BPS menunjukkan data orang kategori miskin sekitar 24 juta orang, tapi penerima manfaat MBG sampai 82 juta orang. Artinya 2/3 penerima MBG itu orang mampu?",data bps menunjukkan data orang kategori miskin sekitar 24 juta orang tapi penerima manfaat mbg sampai 82 juta orang artinya 2 3 penerima mbg itu orang mampu,in,0,0,0,0,1,0,1_root,MBG[Latest],,netral,0,https://x.com/GalangTirta5/status/2094360434149314733
2094360407893069904,2026-08-31 09:43:27,syammasfitria,Syammas P. Syarbini,340,"(MBG) Mari Bedah Grafisnya Poster Byon Combat 🔥

@wongjhonsn berhasil meraih kemenangan dan membawa pulang gelar juara di @byoncombat. Momen ini juga menarik kalau kita lihat dari sisi desain posternya. https://t.co/RkB23fH1lf",mbg mari bedah grafisnya poster byon combat berhasil meraih kemenangan dan membawa pulang gelar juara di momen ini juga menarik kalau kita lihat dari sisi desain posternya,in,0,0,1,0,0,0,1_root,MBG[Latest],,positif,1,https://x.com/syammasfitria/status/2094360407893069904
2094360355229286515,2026-08-31 09:43:14,DOHPAMlNE,"The 𝘗͟𝘦͟𝘢͟𝘤͟𝘦͟𝘧͟𝘶͟𝘭͟ 𝘌͟𝘢͟𝘴͟𝘦͟, D.O.",983,❦ … Piknik musim panas rasanya kurang lengkap jika tidak dilengkapi atribut pesta. Aku mengajakmu untuk menggunakan 𝗕𝗶𝗻𝗴𝗸𝗮𝗶 𝗗𝗮𝘂𝗻 𝗥𝗶𝗻𝗱𝗮𝗻𝗴 saat kamu menikmati kelezatan MBG dan menikmati acara yang meriah ini! 🍱,piknik musim panas rasanya kurang lengkap jika tidak dilengkapi atribut pesta aku mengajakmu untuk menggunakan 𝗕𝗶𝗻𝗴𝗸𝗮𝗶 𝗗𝗮𝘂𝗻 𝗥𝗶𝗻𝗱𝗮𝗻𝗴 saat kamu menikmati kelezatan mbg dan menikmati acara yang meriah ini,in,0,0,0,0,8,0,1_root,MBG[Latest],,negatif,-1,https://x.com/DOHPAMlNE/status/2094360355229286515
2094360211167555645,2026-08-31 09:42:40,Keeentutt,Kentut,3671,"@xyshulu Merrka lebih penting MBG dari pada sekolahnya, mereka lebih mikir cuan nya sendiri",merrka lebih penting mbg dari pada sekolahnya mereka lebih mikir cuan nya sendiri,in,0,0,0,0,9,0,1_root,MBG[Latest],,netral,0,https://x.com/Keeentutt/status/2094360211167555645
2094360092347142238,2026-08-31 09:42:12,4d315k4nd4r,D45U17,104,"@bismillahyuk_ Tetap fokus mendesak @mprgoid untuk segera melakukan MBG 😉
#MakzulkanBowoGibran",tetap fokus mendesak untuk segera melakukan mbg makzulkanbowogibran,in,0,0,0,0,4,0,1_root,MBG[Latest],,netral,0,https://x.com/4d315k4nd4r/status/2094360092347142238
2094360039326908880,2026-08-31 09:41:59,akudansibd93535,akudansibdh,12,"@LambeSahamjja ini pasti golongan kismin dan geng bansos pastinya pemilih 02 si anak Abah Hombreng.

kalau dia pintar dan punya empati pasti gak akan join ke program MBG

dia pasti bertahan dan berjuang diluar sistem konyol itu

mau gimana lagi golongan sampah.",ini pasti golongan kismin dan geng bansos pastinya pemilih 02 si anak abah hombreng kalau dia pintar dan punya empati pasti gak akan join ke program mbg dia pasti bertahan dan berjuang diluar sistem konyol itu mau gimana lagi golongan sampah,in,0,0,0,0,2,0,1_root,MBG[Latest],,netral,0,https://x.com/akudansibd93535/status/2094360039326908880
2094359955046625489,2026-08-31 09:41:39,jamalsaurus,Dec Malin | Arsenal ID,86,Wohooo MBG ikutt,wohooo mbg ikutt,in,0,0,0,0,16,0,1_root,MBG[Latest],,netral,0,https://x.com/jamalsaurus/status/2094359955046625489
2094355707160060034,2026-08-31 09:24:46,HandofArsenal,HandofArsenal,406344,"Bruno G and Konsa both part of the travelling squad to face Villa.

Remains to be seen if they are included in the official squad list.",bruno g and konsa both part of the travelling squad to face villa remains to be seen if they are included in the official squad list,en,5105,639,262,76,107248,0,1_root,MBG[Latest],,netral,0,https://x.com/HandofArsenal/status/2094355707160060034
2094359729720246399,2026-08-31 09:40:45,cuma100ribu,Sinofcked.,8,"@Utha_san @LambeSahamjja Nah ini jawaban singkatnya, masalahnya pemrentah skill issue dlm ngasi lapangan pekerjaan yg layak makanya manfaatin program yg banyak celah korupsi kek MBG pake topeng “membuka lap pekerjaan masif”, tp ga heran ada orang dongo yg cb jelasin manfaat MBG kek tweet di bawah ini 🤣",nah ini jawaban singkatnya masalahnya pemrentah skill issue dlm ngasi lapangan pekerjaan yg layak makanya manfaatin program yg banyak celah korupsi kek mbg pake topeng membuka lap pekerjaan masif tp ga heran ada orang dongo yg cb jelasin manfaat mbg kek tweet di bawah ini,in,0,0,0,0,11,0,1_root,MBG[Latest],,netral,0,https://x.com/cuma100ribu/status/2094359729720246399
2094356265061277826,2026-08-31 09:26:59,djoniecash2,- ( - ) 🧠,2543,"Kok jawaban netizen2 mental kepiting ni pada sedungu itu sih?

Mbok dilihat programnya secara utuh. Ini program dahsyat, karena efek ekonominya ke mana-mana. Semua kebagian.

1. Memberikan makan masyarakat yang membutuhkan.
2. Membuka lapangan kerja dalam jumlah besar.
3. Petani ikut sejahtera, karena kebutuhan bahan pangan meningkat.
4. Peternak terbantu, karena sisa makanan bisa diolah menjadi pakan ternak.
5. UMKM ikut bergerak, dari penyedia bahan baku, katering, distribusi sampai pengolahan.
6. Transportasi ikut hidup, karena ada kebutuhan pengangkutan bahan pangan dan distribusi.
7. Industri pangan tumbuh, karena permintaan produksi meningkat.
8. Warung, pasar dan pedagang lokal ikut mendapatkan manfaat.
9. Perputaran uang terjadi di daerah, bukan hanya terkonsentrasi di kota besar.
10. Rantai ekonomi terbentuk dari petani → pengolah → distributor → pekerja → masyarakat.
11. Gizi anak meningkat, yang dalam jangka panjang berarti kualitas SDM juga meningkat.
12. Sampah makanan bisa dikurangi dengan pengolahan sisa makanan secara tepat.
13. Ekonomi daerah ikut bergerak, karena belanja program masuk ke banyak sektor.

Jadi jangan cuma melihat, “Oh, ini cuma kasih makan.”

Justru yang harus dilihat adalah multiplier effect-nya.

Satu program bisa menggerakkan begitu banyak sektor sekaligus.

Kalau pelaksanaannya transparan, tepat sasaran, dan pengawasannya kuat, ini bukan sekadar program makan.

Ini bisa menjadi mesin penggerak ekonomi dari bawah.",kok jawaban netizen2 mental kepiting ni pada sedungu itu sih mbok dilihat programnya secara utuh ini program dahsyat karena efek ekonominya ke mana mana semua kebagian 1 memberikan makan masyarakat yang membutuhkan 2 membuka lapangan kerja dalam jumlah besar 3 petani ikut sejahtera karena kebutuhan bahan pangan meningkat 4 peternak terbantu karena sisa makanan bisa diolah menjadi pakan ternak 5 umkm ikut bergerak dari penyedia bahan baku katering distribusi sampai pengolahan 6 transportasi ikut hidup karena ada kebutuhan pengangkutan bahan pangan dan distribusi 7 industri pangan tumbuh karena permintaan produksi meningkat 8 warung pasar dan pedagang lokal ikut mendapatkan manfaat 9 perputaran uang terjadi di daerah bukan hanya terkonsentrasi di kota besar 10 rantai ekonomi terbentuk dari petani pengolah distributor pekerja masyarakat 11 gizi anak meningkat yang dalam jangka panjang berarti kualitas sdm juga meningkat 12 sampah makanan bisa dikurangi dengan pengolahan sisa makanan secara tepat 13 ekonomi daerah ikut bergerak karena belanja program masuk ke banyak sektor jadi jangan cuma melihat oh ini cuma kasih makan justru yang harus dilihat adalah multiplier effect nya satu program bisa menggerakkan begitu banyak sektor sekaligus kalau pelaksanaannya transparan tepat sasaran dan pengawasannya kuat ini bukan sekadar program makan ini bisa menjadi mesin penggerak ekonomi dari bawah,in,1,0,3,1,143,0,1_root,MBG[Latest],,positif,6,https://x.com/djoniecash2/status/2094356265061277826
2094359522873848291,2026-08-31 09:39:56,HidupNusantara,Hidup Nusantara,121,Langkah Nyata untuk Kesejahteraan petani singkong dalam program MBG https://t.co/lV2rET0WVS,langkah nyata untuk kesejahteraan petani singkong dalam program mbg,in,0,0,0,0,1,0,1_root,MBG[Latest],,netral,0,https://x.com/HidupNusantara/status/2094359522873848291
2094359471736955202,2026-08-31 09:39:44,HidupNusantara,Hidup Nusantara,121,Langkah Nyata untuk Kesejahteraan petani singkong dalam program MBG https://t.co/1ik42W8Cop,langkah nyata untuk kesejahteraan petani singkong dalam program mbg,in,0,0,1,0,1,0,1_root,MBG[Latest],,netral,0,https://x.com/HidupNusantara/status/2094359471736955202
2093881389317845442,2026-08-30 02:00:00,GYUVINDEER,GYUVINS! 🦌,1163,"⠀
🍽️ Ompreng siap disantap, tikar piknik telah terbentang, tinggal kalian yang melengkapi suasana. Mari kenakan 𝗕𝗶𝗻𝗴𝗸𝗮𝗶 𝗗𝗮𝘂𝗻 𝗥𝗶𝗻𝗱𝗮𝗻𝗴 https://t.co/EvP82urzzB, lalu duduk di sampingku dan nikmati pesta musim panas dengan bekal penuh tawa! ⋆˚࿔
⠀ https://t.co/NfzgvrBugw",ompreng siap disantap tikar piknik telah terbentang tinggal kalian yang melengkapi suasana mari kenakan 𝗕𝗶𝗻𝗴𝗸𝗮𝗶 𝗗𝗮𝘂𝗻 𝗥𝗶𝗻𝗱𝗮𝗻𝗴 lalu duduk di sampingku dan nikmati pesta musim panas dengan bekal penuh tawa,in,8,344,1,264,16048,0,1_root,MBG[Latest],,netral,0,https://x.com/GYUVINDEER/status/2093881389317845442
2094359382452732170,2026-08-31 09:39:22,HidupNusantara,Hidup Nusantara,121,Cerita Manfaat dari Masyarakat mendukung dan mengaspirasi program MBG https://t.co/fHWRGByBuB,cerita manfaat dari masyarakat mendukung dan mengaspirasi program mbg,in,0,0,1,0,1,0,1_root,MBG[Latest],,positif,1,https://x.com/HidupNusantara/status/2094359382452732170
2094359360558534964,2026-08-31 09:39:17,Zhuofanthedark,Reality Check,55,"Yg menikmati pertumbuhan tuh kroni kalian doang. Kek MBG, emang menyumbang pertumbuhan, tapi efeknya harga bahan pokok di pasar jadi pada mahal. 

Atau kopdes katakanlah menyumbang pertumbuhan lewat konsumsi semen nasional (gatau si ini efeknya apa) awokwkwk",yg menikmati pertumbuhan tuh kroni kalian doang kek mbg emang menyumbang pertumbuhan tapi efeknya harga bahan pokok di pasar jadi pada mahal atau kopdes katakanlah menyumbang pertumbuhan lewat konsumsi semen nasional gatau si ini efeknya apa awokwkwk,in,0,0,0,0,6,0,1_root,MBG[Latest],,netral,0,https://x.com/Zhuofanthedark/status/2094359360558534964
2094359284608036913,2026-08-31 09:38:59,pppiyakpiyakkk,mon ☽̶☾,1089,TOLOOOONG GUE UDAH MUAK SAMA MBG,toloooong gue udah muak sama mbg,in,0,0,0,0,4,0,1_root,MBG[Latest],,netral,0,https://x.com/pppiyakpiyakkk/status/2094359284608036913
2094081583674490956,2026-08-30 15:15:30,dosenkesmas,MinDos,25868,"Kadisdik Provinsi Kalimantan Tengah:
- Ketika sekolah libur dikarenakan asap, akan mengakibatkan dapur dapur MBG mati, kantin kantin mati

- Anak - anak yang harusnya di rumah malah ke kafe kafe dan membuat masalah ketika dipulangkan

- Nanti kita yang PUSING Bu...

Jadi Bapak Ibu saya mohon kebijaksanaannya....

Apa benar nih Pak Kadisdik?",kadisdik provinsi kalimantan tengah ketika sekolah libur dikarenakan asap akan mengakibatkan dapur dapur mbg mati kantin kantin mati anak anak yang harusnya di rumah malah ke kafe kafe dan membuat masalah ketika dipulangkan nanti kita yang pusing bu jadi bapak ibu saya mohon kebijaksanaannya apa benar nih pak kadisdik,in,5981,1952,750,1932,1229974,0,1_root,MBG[Latest],,negatif,-1,https://x.com/dosenkesmas/status/2094081583674490956
2094359184389312949,2026-08-31 09:38:35,HidupNusantara,Hidup Nusantara,121,Langkah Nyata untuk Kesejahteraan petani singkong dalam program MBG https://t.co/ORNjrHl3Yw,langkah nyata untuk kesejahteraan petani singkong dalam program mbg,in,0,0,1,0,4,0,1_root,MBG[Latest],,netral,0,https://x.com/HidupNusantara/status/2094359184389312949
2094359019079286927,2026-08-31 09:37:56,caeruleus_me,Gara,378,"@dosenkesmas Lah anak2 gak makan mbg masih bisa hidup. Kalo anak2 kepapar asap akibatnya jangka panjang, penyakit, dll
Mikir kidz",lah anak2 gak makan mbg masih bisa hidup kalo anak2 kepapar asap akibatnya jangka panjang penyakit dll mikir kidz,in,0,0,0,0,3,0,1_root,MBG[Latest],,netral,0,https://x.com/caeruleus_me/status/2094359019079286927
2094358995981197608,2026-08-31 09:37:50,sweetandlilac,snakebite🐍,21,dibilang emg mbg tu bdoh bgt kok aplagi di negara korupsi kek gini,dibilang emg mbg tu bdoh bgt kok aplagi di negara korupsi kek gini,in,0,0,0,0,2,0,1_root,MBG[Latest],,negatif,-1,https://x.com/sweetandlilac/status/2094358995981197608
2094358901517152374,2026-08-31 09:37:28,CarolsStories,Cerita Rakyat Indonesia,4,"@hamsterbacod MBG kalo pake persentase, tingkat keracunan sgt rendah. Tp kalo diubah ke nominal, ratusan ribu jiwa. Begitu juga dgn petani umroh, secara persentase &amp; nominal ya kecil. Dulu nih admin asik, skrng asik sendiri",mbg kalo pake persentase tingkat keracunan sgt rendah tp kalo diubah ke nominal ratusan ribu jiwa begitu juga dgn petani umroh secara persentase amp nominal ya kecil dulu nih admin asik skrng asik sendiri,in,2,0,0,0,1532,0,1_root,MBG[Latest],,negatif,-1,https://x.com/CarolsStories/status/2094358901517152374
2094358860714877245,2026-08-31 09:37:18,liogtttscrp,elzgatza,14117,@panggilsajamumu anjay mbg dri kantor kahh ini,anjay mbg dri kantor kahh ini,in,0,0,1,0,3,0,1_root,MBG[Latest],,netral,0,https://x.com/liogtttscrp/status/2094358860714877245
2094358749611778183,2026-08-31 09:36:51,SigitShul,Sigit Sulistyo,138,"Kenapa anggaran makan DPR tidak di potong aja? 

Atau mengapa kalian tidak makan MBG yang katanya bergizi?",kenapa anggaran makan dpr tidak di potong aja atau mengapa kalian tidak makan mbg yang katanya bergizi,in,0,0,0,0,4,0,1_root,MBG[Latest],,positif,1,https://x.com/SigitShul/status/2094358749611778183
2094358673435111863,2026-08-31 09:36:33,uuyujoahuyu_,₊ ⊹ᯓ★ Rif. k/ia🇵🇸,756,"@purpleelilac Mjb, report aja kak dulu ada mbg yg gini juga make foto dari banyak idol kpop, pas ketauan kena report banyak pada dihapus yg pake AI",mjb report aja kak dulu ada mbg yg gini juga make foto dari banyak idol kpop pas ketauan kena report banyak pada dihapus yg pake ai,in,0,0,0,0,12,0,1_root,MBG[Latest],,netral,0,https://x.com/uuyujoahuyu_/status/2094358673435111863
2094358490005590420,2026-08-31 09:35:49,AhmadSumitro,sumitro ahmad,64,"@susipudjiastuti @prabowo Kita hanya hebat kalau urusan makan, MBG dalam setahun bisa jadi ratusan ribu.",kita hanya hebat kalau urusan makan mbg dalam setahun bisa jadi ratusan ribu,in,0,0,0,0,4,0,1_root,MBG[Latest],,positif,1,https://x.com/AhmadSumitro/status/2094358490005590420
2094358476894122053,2026-08-31 09:35:46,adryan_2407,Pen Makan Onigiri,248,"@meknagget Prabowo itu penjahat.. dia jadiin kita sebagai samsak tinju org"" biar ga fokus ke masalah MBG &amp; Kopdes. Pdhl dia sm jajarannya yg seharusnya dicap ancaman buat negara, daya rusaknya sangat berpengaruh ke negara",prabowo itu penjahat dia jadiin kita sebagai samsak tinju org biar ga fokus ke masalah mbg amp kopdes pdhl dia sm jajarannya yg seharusnya dicap ancaman buat negara daya rusaknya sangat berpengaruh ke negara,in,0,0,0,0,6,0,1_root,MBG[Latest],,negatif,-1,https://x.com/adryan_2407/status/2094358476894122053
2094358466601083379,2026-08-31 09:35:44,RafaWilii,Wilma Rafa,5,"@LambeSahamjja Tai tai 
Emang WNI dia dong 
Banyak yg lantaran MBG malah ngk sekolah anaknya",tai tai emang wni dia dong banyak yg lantaran mbg malah ngk sekolah anaknya,in,0,0,0,0,3,0,1_root,MBG[Latest],,netral,0,https://x.com/RafaWilii/status/2094358466601083379
2094358429599199718,2026-08-31 09:35:35,Bi_ma_bima,Bim2,657,"Untuk nyusahin rakyat aj rezim MBG bangsat ini perlu dana 7 T.
Sontoloyo....😤😤😤",untuk nyusahin rakyat aj rezim mbg bangsat ini perlu dana 7 t sontoloyo,in,0,0,0,0,1,0,1_root,MBG[Latest],,netral,0,https://x.com/Bi_ma_bima/status/2094358429599199718
2094050001194536966,2026-08-30 13:10:00,Dara_Cega,DARA GADIS BORNEO,24505,Gak di survei ke rumah kokmasuk desil 9... Tajir benar saye nin https://t.co/iHGHStBFWl,gak di survei ke rumah kokmasuk desil 9 tajir benar saye nin,in,36,10,10,4,1408,0,1_root,MBG[Latest],,netral,0,https://x.com/Dara_Cega/status/2094050001194536966
2094358344358342928,2026-08-31 09:35:15,WeareExozone,"Reentry Complete, EXOZONE. 🛸",1717,❦ … Piknik musim panas rasanya kurang lengkap jika tidak dilengkapi atribut pesta. Aku mengajakmu untuk menggunakan 𝗕𝗶𝗻𝗴𝗸𝗮𝗶 𝗗𝗮𝘂𝗻 𝗥𝗶𝗻𝗱𝗮𝗻𝗴 saat kamu menikmati kelezatan MBG dan menikmati acara yang meriah ini! 🍱,piknik musim panas rasanya kurang lengkap jika tidak dilengkapi atribut pesta aku mengajakmu untuk menggunakan 𝗕𝗶𝗻𝗴𝗸𝗮𝗶 𝗗𝗮𝘂𝗻 𝗥𝗶𝗻𝗱𝗮𝗻𝗴 saat kamu menikmati kelezatan mbg dan menikmati acara yang meriah ini,in,0,0,0,0,6,0,1_root,MBG[Latest],,negatif,-1,https://x.com/WeareExozone/status/2094358344358342928
2094358264846922027,2026-08-31 09:34:56,Taufanpanjaita1,JACK WI,85,@regar_op0sisi @prabowo BPS Abal Abal.. binaan CEO nya MBG mbah Wo Wo bin Wi Wi,bps abal abal binaan ceo nya mbg mbah wo wo bin wi wi,in,0,0,0,0,6,0,1_root,MBG[Latest],,netral,0,https://x.com/Taufanpanjaita1/status/2094358264846922027
2094358091823456725,2026-08-31 09:34:15,lucswinery,rigel,253,masi aja yang dipikirin mbg 😂,masi aja yang dipikirin mbg,in,0,0,0,0,18,0,1_root,MBG[Latest],,netral,0,https://x.com/lucswinery/status/2094358091823456725
2094357997103530084,2026-08-31 09:33:52,signalreport_,signal report,10,#SignalReport #Karhutla #MBG #TitikPanas MinyakGoreng PerampasanAset StillPrabowo https://t.co/RJtrpc22xl,signalreport karhutla mbg titikpanas minyakgoreng perampasanaset stillprabowo,in,0,0,1,0,7,0,1_root,MBG[Latest],,netral,0,https://x.com/signalreport_/status/2094357997103530084
2094357980879937674,2026-08-31 09:33:48,indriawangram,B A Y U ,659,Saya juga senang menghujat MBG karena MBG GAK GUNA 👎👎👎,saya juga senang menghujat mbg karena mbg gak guna,in,0,0,0,0,4,0,1_root,MBG[Latest],,positif,1,https://x.com/indriawangram/status/2094357980879937674
2094314314442342812,2026-08-31 06:40:17,LambeSahamjja,Lambe Saham,79924,"alasan MBG harus tetap jalan kata sudaryono:
- bisa dilihat dari bapk ibu ini 
- mereka kerja di mbg buat keluarga
- entah itu cari nafkah atau cari uang kuliah https://t.co/wy0f4viPDp",alasan mbg harus tetap jalan kata sudaryono bisa dilihat dari bapk ibu ini mereka kerja di mbg buat keluarga entah itu cari nafkah atau cari uang kuliah,in,261,21,94,37,43578,0,1_root,MBG[Latest],,netral,0,https://x.com/LambeSahamjja/status/2094314314442342812
2094357960034304418,2026-08-31 09:33:43,signalreport_,signal report,10,"Tujuh hari, tujuh isu.

Karhutla, MBG, hotspot, minyak goreng, aset korupsi, #StillPrabowo, sampai usulan transfer Rp15.000 langsung ke orang tua.

Apa yang terjadi sepanjang 24–30 Agustus? Geser untuk melihat rangkumannya. https://t.co/pwxEn1F3LP",tujuh hari tujuh isu karhutla mbg hotspot minyak goreng aset korupsi stillprabowo sampai usulan transfer rp15 000 langsung ke orang tua apa yang terjadi sepanjang 24 30 agustus geser untuk melihat rangkumannya,in,0,0,1,0,8,0,1_root,MBG[Latest],,negatif,-1,https://x.com/signalreport_/status/2094357960034304418
2094357907097944294,2026-08-31 09:33:30,Utha_san,RinduRTdanbacot,2833,@LambeSahamjja Wkwk padahal diluar mbg bisa aja kalo pemerintah bener2 bisa kerja buka lapangan kerja. Skrg berapa persen sih mbg nyerap tenaga? Outputnya apa? Bisa dijual ga? Yg ada jadi 💩semua belom lagi keracunan,wkwk padahal diluar mbg bisa aja kalo pemerintah bener2 bisa kerja buka lapangan kerja skrg berapa persen sih mbg nyerap tenaga outputnya apa bisa dijual ga yg ada jadi semua belom lagi keracunan,in,1,0,1,0,131,0,1_root,MBG[Latest],,negatif,-1,https://x.com/Utha_san/status/2094357907097944294
2094357673152307630,2026-08-31 09:32:35,cookforleebit,iyyan&THAT,201,overwhelmed by all the bad news from gov what the fck is wrong w ur brain WAKE UP ada orang-orang SANGAT BUTUH BANTUAN AND ALL WHAT U CARE IS DAPUR MBG STOP BEROPERASI KETIKA ADA ORANG YANG BADANNYA BISA STOP BEROPERASI JUGA?!?! otak lu kena bor kah,overwhelmed by all the bad news from gov what the fck is wrong w ur brain wake up ada orang orang sangat butuh bantuan and all what u care is dapur mbg stop beroperasi ketika ada orang yang badannya bisa stop beroperasi juga otak lu kena bor kah,in,1,1,1,0,15,0,1_root,MBG[Latest],,netral,0,https://x.com/cookforleebit/status/2094357673152307630
2094357662817497160,2026-08-31 09:32:32,reraizek,Aiki,539,"@blossomnyappg Kadapapa orang anak-anak kena ISPA, bisa disembuhkan pakaian MBG :(",kadapapa orang anak anak kena ispa bisa disembuhkan pakaian mbg,in,0,0,1,0,10,0,1_root,MBG[Latest],,netral,0,https://x.com/reraizek/status/2094357662817497160
2094357590218281217,2026-08-31 09:32:15,AhmadSumitro,sumitro ahmad,64,"@RA_leather Militer Konoha, hanya bisa mengurus jagung padi, MBG, Kopdes DLL, TDK familiar dgn kebakaran HUTAN 🤣",militer konoha hanya bisa mengurus jagung padi mbg kopdes dll tdk familiar dgn kebakaran hutan,in,0,0,0,0,18,0,1_root,MBG[Latest],,netral,0,https://x.com/AhmadSumitro/status/2094357590218281217
2094357550783451218,2026-08-31 09:32:06,seulgipasoepati,gajah stroberi yang nggak resign resign,9,@nvmdz fetishnya mbg kata gwe teh,fetishnya mbg kata gwe teh,in,0,0,0,0,6,0,1_root,MBG[Latest],,netral,0,https://x.com/seulgipasoepati/status/2094357550783451218
2094357500560830546,2026-08-31 09:31:54,szara0405,REST,1137,Beli lahan sawit dan dapur mbg,beli lahan sawit dan dapur mbg,in,0,0,0,0,10,0,1_root,MBG[Latest],,netral,0,https://x.com/szara0405/status/2094357500560830546
2094208598100635963,2026-08-30 23:40:12,stlovve,aul,7319,klo hari ini dapet 10M kalian bakal beli apa?,klo hari ini dapet 10m kalian bakal beli apa,in,106,8,118,45,6955,0,1_root,MBG[Latest],,netral,0,https://x.com/stlovve/status/2094208598100635963
2094357265038155926,2026-08-31 09:30:57,tangyueen,chéri,46,@xyraxzz44 eh eh happy birthday mbg❤️❤️❤️,eh eh happy birthday mbg,tl,0,0,0,0,3,0,1_root,MBG[Latest],,netral,0,https://x.com/tangyueen/status/2094357265038155926
2094357185904185781,2026-08-31 09:30:39,gIikowings,cipaa?,11945,"@itskaesha sinting bgt masi mikirin mbg 🙂

kita udah sesek bgt sama sakit kepala gara-gara asap",sinting bgt masi mikirin mbg kita udah sesek bgt sama sakit kepala gara gara asap,in,0,0,1,0,9,0,1_root,MBG[Latest],,netral,0,https://x.com/gIikowings/status/2094357185904185781
2094357168665571397,2026-08-31 09:30:34,nanadehoney,Nana,16185,@rebukanrain Aku udh sebel bngt sama penikmat duit mbg ini,aku udh sebel bngt sama penikmat duit mbg ini,in,1,0,0,0,9,0,1_root,MBG[Latest],,netral,0,https://x.com/nanadehoney/status/2094357168665571397
2094356997894467701,2026-08-31 09:29:54,abriefwander,nini,11,kok berani banget di keadaan yang bisa membahayakan kesehatan banyak orang lu masih mikirin mbg? orang sehari hari kena polusi kendaraan aja banyak yg kena ispa anjinggg BENCI BGT SIH  https://t.co/FZmho7kc7M,kok berani banget di keadaan yang bisa membahayakan kesehatan banyak orang lu masih mikirin mbg orang sehari hari kena polusi kendaraan aja banyak yg kena ispa anjinggg benci bgt sih,in,0,0,1,0,4,0,1_root,MBG[Latest],,netral,0,https://x.com/abriefwander/status/2094356997894467701
2094356994111242497,2026-08-31 09:29:53,KhinjarHitam,الله معنا,1869,"@NenkMonica Hentikan MBG @prabowo @setkabgoid @KemensetnegRI  buat beli Pesawat &amp; helikopter pemadam Karhutla.
@kemenhut_ri",hentikan mbg buat beli pesawat amp helikopter pemadam karhutla,in,0,0,0,0,5,0,1_root,MBG[Latest],,netral,0,https://x.com/KhinjarHitam/status/2094356994111242497
2094356932106600521,2026-08-31 09:29:38,eulbjn,sapa,494,jeno kalo dikasih mbg kayanya makannya dikunyah 300 kali,jeno kalo dikasih mbg kayanya makannya dikunyah 300 kali,in,0,0,0,0,15,0,1_root,MBG[Latest],,netral,0,https://x.com/eulbjn/status/2094356932106600521
2094298813771153745,2026-08-31 05:38:42,purpleelilac,ca★★,11298,APAAN SIH ANJIR MALAH PAKE FOTO JENO https://t.co/054Pl63zy9,apaan sih anjir malah pake foto jeno,in,1859,156,137,219,69299,0,1_root,MBG[Latest],,netral,0,https://x.com/purpleelilac/status/2094298813771153745
2094356864511213819,2026-08-31 09:29:22,IbnuAshar348753,Ibnu Ashar,14,"PRABOWO DIBANTAH OLEH RAKYATNYA SENDIRI...

Yg diberi MBG bukan orang miskin saja tapi anak orang kaya juga diberi MBG...!!

Anggaran triliunan dari MBG.. hanya sebagian kecil saja yg diterima oleh anak miskin... SEBAGIAN BESAR DINIKMATI ORANG KAYA..!!
https://t.co/mTBrdWazo0",prabowo dibantah oleh rakyatnya sendiri yg diberi mbg bukan orang miskin saja tapi anak orang kaya juga diberi mbg anggaran triliunan dari mbg hanya sebagian kecil saja yg diterima oleh anak miskin sebagian besar dinikmati orang kaya,in,0,0,0,0,7,0,1_root,MBG[Latest],,netral,0,https://x.com/IbnuAshar348753/status/2094356864511213819
2094356811612836130,2026-08-31 09:29:09,alwnmusthofa,1,399,mbg jaya jaya jaya,mbg jaya jaya jaya,in,0,0,0,0,7,0,1_root,MBG[Latest],,netral,0,https://x.com/alwnmusthofa/status/2094356811612836130
2094356696026194236,2026-08-31 09:28:42,Ariz6789,Aris Syafa,27,@LambeSahamjja Maksudnya NU harus dukung MBG.,maksudnya nu harus dukung mbg,in,1,0,0,0,98,0,1_root,MBG[Latest],,positif,1,https://x.com/Ariz6789/status/2094356696026194236
2094356675058917392,2026-08-31 09:28:37,Utha_san,RinduRTdanbacot,2833,@rebukanrain Kwkw mau potongan pun juga gak etis lu disdik tapi mentingin mbg yg gak ada hubungan sama pendidikan daripada kesehatan anak2. Bgst,kwkw mau potongan pun juga gak etis lu disdik tapi mentingin mbg yg gak ada hubungan sama pendidikan daripada kesehatan anak2 bgst,in,1,0,0,0,9,0,1_root,MBG[Latest],,netral,0,https://x.com/Utha_san/status/2094356675058917392
2094356643266138430,2026-08-31 09:28:29,sabronaiditnusa,diGENOSIDA'65⛔اجاران ابليس,209,"@Opposisi6890 @HumasPolri @KPK_RI Dinegara lain saja anggaran  borgol plastik malah klu di rupiah kan lebih Rp 50 Milyar , masak di polri RI Anggaran Rp 24 milyar saja ribut. Masak  mbg saja Rp 1,2 Trilyun tiap pagi hari saja kita rakyat oke dan tenang saja",dinegara lain saja anggaran borgol plastik malah klu di rupiah kan lebih rp 50 milyar masak di polri ri anggaran rp 24 milyar saja ribut masak mbg saja rp 1 2 trilyun tiap pagi hari saja kita rakyat oke dan tenang saja,in,0,0,0,0,7,0,1_root,MBG[Latest],,netral,0,https://x.com/sabronaiditnusa/status/2094356643266138430
2094356448662753431,2026-08-31 09:27:43,gabbryelith,biy,2219,"@prabowo gara gara lu anjing ga bikin kuliah gratis malah mbg ngentot. voter 02 kontolllll, hampir aja gue punya presiden yg bakal bikin kebijakan kuliah gratis sama 1 sarjana 1 keluarga",gara gara lu anjing ga bikin kuliah gratis malah mbg ngentot voter 02 kontolllll hampir aja gue punya presiden yg bakal bikin kebijakan kuliah gratis sama 1 sarjana 1 keluarga,in,0,0,0,0,13,0,1_root,MBG[Latest],,positif,2,https://x.com/gabbryelith/status/2094356448662753431
2094356395193987138,2026-08-31 09:27:30,ssnm00,ٍ,12,"Bocah2 dongo ini dikasih mbg tai kucing lgsg nganggep prabs malaikat, dongo smoga menderita selalu dh wni2 yg tolol",bocah2 dongo ini dikasih mbg tai kucing lgsg nganggep prabs malaikat dongo smoga menderita selalu dh wni2 yg tolol,in,0,0,0,0,2,0,1_root,MBG[Latest],,netral,0,https://x.com/ssnm00/status/2094356395193987138
2093645071635898694,2026-08-29 10:20:57,Lucc_xcia,🍓💭☆ely!,167,THEY'RE BEING DEADASS OH MY DAYS https://t.co/inr0Xq4mYq,they re being deadass oh my days,en,12907,2388,418,1503,259345,0,1_root,MBG[Latest],,netral,0,https://x.com/Lucc_xcia/status/2093645071635898694
2094356348175839475,2026-08-31 09:27:19,NoministAudyy,meee *INSYAALLAH LULUS SNBT 2027 AAAMIIIN*,94,"MBG ini gak asik banget jujur, sok iye, mana pake muka Jeno lagi, itu Jeno klo tau programnya juga gak gak suka pasti, stiker di truk nya full AI, bikin anak anak keracunan",mbg ini gak asik banget jujur sok iye mana pake muka jeno lagi itu jeno klo tau programnya juga gak gak suka pasti stiker di truk nya full ai bikin anak anak keracunan,in,0,0,0,0,9,0,1_root,MBG[Latest],,netral,0,https://x.com/NoministAudyy/status/2094356348175839475
2094356326830977427,2026-08-31 09:27:14,itskaesha,kae,4653,"TETAP BERISIK SOAL KALIMANTAN, NTT, ACEH, PAPUA DAN APAPUN YANG BIKIN ALAM DAN RAKYAT TERUS JADI KORBAN!!

soalnya seorang gubernur aja bisa bilang ""karena ketika sekolah diliburkan, berpengaruh juga ke dapur2 MBG"" berarti kesehatan dan keselamatan anak"" kalah penting sama keberlangsungan program yaa..

di tengah kasus ISPA di Kalimantan yang udah menyentuh ratusan ribu laporan, kok masih tega bikin keputusan kaya gini? belum lagi program yang sebelumnya juga udah banyak bikin anak keracunan.

pejabat kita emang never fail to surprise me..",tetap berisik soal kalimantan ntt aceh papua dan apapun yang bikin alam dan rakyat terus jadi korban soalnya seorang gubernur aja bisa bilang karena ketika sekolah diliburkan berpengaruh juga ke dapur2 mbg berarti kesehatan dan keselamatan anak kalah penting sama keberlangsungan program yaa di tengah kasus ispa di kalimantan yang udah menyentuh ratusan ribu laporan kok masih tega bikin keputusan kaya gini belum lagi program yang sebelumnya juga udah banyak bikin anak keracunan pejabat kita emang never fail to surprise me,in,0,0,1,0,44,0,1_root,MBG[Latest],,negatif,-1,https://x.com/itskaesha/status/2094356326830977427
2094356260967907789,2026-08-31 09:26:58,MarkahKabar,Markah Kabar,13,"Dukungan warga Metro, Lampung untuk program MBG sebagai langkah nyata dalam mendukung pemenuhan gizi dan tumbuh kembang generasi muda. Semoga pelaksanaannya terus diperkuat agar manfaatnya semakin luas dan tepat sasaran. https://t.co/mzJZA3BcVE",dukungan warga metro lampung untuk program mbg sebagai langkah nyata dalam mendukung pemenuhan gizi dan tumbuh kembang generasi muda semoga pelaksanaannya terus diperkuat agar manfaatnya semakin luas dan tepat sasaran,in,0,0,0,0,9,0,1_root,MBG[Latest],,positif,2,https://x.com/MarkahKabar/status/2094356260967907789
2094356194689446393,2026-08-31 09:26:42,fitaminB,Taa,3514,"Makan apa, mana teman2 pada bawa MBG ☹️",makan apa mana teman2 pada bawa mbg,in,2,0,1,0,42,0,1_root,MBG[Latest],,netral,0,https://x.com/fitaminB/status/2094356194689446393
2094356142550049265,2026-08-31 09:26:30,savetangmeow,Jul🐱,329,@flowierosess Sama lagi suka daur ulang mbg 🤧,sama lagi suka daur ulang mbg,in,0,0,1,0,13,0,1_root,MBG[Latest],,positif,1,https://x.com/savetangmeow/status/2094356142550049265
2094356057128923398,2026-08-31 09:26:09,hobiitaa,𝓝𝓲𝓽𝓪k ༊*·˚pacar Jimin♬,2039,"Pemikiran tolol kali ini, lebih mentingin MBG daripada libur sekolah yang manaa asap tuh udah tebal bangetttt. Anak-anak disini udah mulai batuk, sampe ada yang udah kena ISPA. Lagian asap tebal siapa juga yang yg betah diluar?? 😭 untung disini udah mulai libur sekolah 🥹",pemikiran tolol kali ini lebih mentingin mbg daripada libur sekolah yang manaa asap tuh udah tebal bangetttt anak anak disini udah mulai batuk sampe ada yang udah kena ispa lagian asap tebal siapa juga yang yg betah diluar untung disini udah mulai libur sekolah,in,0,0,0,0,19,0,1_root,MBG[Latest],,netral,0,https://x.com/hobiitaa/status/2094356057128923398
2094356003324375091,2026-08-31 09:25:57,nmjoonaaa,Deswita,72,MBG mau menganut sistem warung madura kah? Libur pas kiamat doang,mbg mau menganut sistem warung madura kah libur pas kiamat doang,in,0,0,0,0,2,0,1_root,MBG[Latest],,netral,0,https://x.com/nmjoonaaa/status/2094356003324375091
2094355917051732050,2026-08-31 09:25:36,BudiBaikk,Budi Baik,3053,@hida23journey__ Mbg,mbg,und,0,0,0,0,1,0,1_root,MBG[Latest],,netral,0,https://x.com/BudiBaikk/status/2094355917051732050
2094355915327823877,2026-08-31 09:25:36,1chliebe_dich,hey 🍉🍉🍉,1515,@prnahmimpibasah @zah20336 @LambeSahamjja gk gitu cara mainnya harusnya. yg punya dapur kalo mau sowan ke sekolah buat naro makanan kudunya ngambil org2 kantin dulu jgn saudara sendiri yg diambil. org2 kantin pasti skrg penghasilannya gk sama kek sebelum ada mbg ini.,gk gitu cara mainnya harusnya yg punya dapur kalo mau sowan ke sekolah buat naro makanan kudunya ngambil org2 kantin dulu jgn saudara sendiri yg diambil org2 kantin pasti skrg penghasilannya gk sama kek sebelum ada mbg ini,in,1,0,0,0,36,0,1_root,MBG[Latest],,netral,0,https://x.com/1chliebe_dich/status/2094355915327823877
2094355908352708760,2026-08-31 09:25:34,antajriksa,Rawit.,47520,"@dbdellvn sasak pehinakan, mana kawa tetaguk mbg tu",sasak pehinakan mana kawa tetaguk mbg tu,in,0,0,0,0,74,0,1_root,MBG[Latest],,netral,0,https://x.com/antajriksa/status/2094355908352708760
2094355818322018706,2026-08-31 09:25:12,trivialiner,zya -.,36,"@txtdrimedia Cik atuhlah tinggal nyewa pesawat yg bisa bawa air itu, soalnya udah pasti ga bisa beli soalnya dananya buat mbg dan kdmp

Uji coba gitu mah dilakuin bukan pas bencananya tapi sebelum karna belum terjamin keberhasilannya",cik atuhlah tinggal nyewa pesawat yg bisa bawa air itu soalnya udah pasti ga bisa beli soalnya dananya buat mbg dan kdmp uji coba gitu mah dilakuin bukan pas bencananya tapi sebelum karna belum terjamin keberhasilannya,in,0,0,0,0,3,0,1_root,MBG[Latest],,positif,1,https://x.com/trivialiner/status/2094355818322018706
2094355796461338824,2026-08-31 09:25:07,nanadehoney,Nana,16185,@LambeSahamjja Nanti para penikmat duit MBG yg ngamuk kalau MBG dihentikan,nanti para penikmat duit mbg yg ngamuk kalau mbg dihentikan,in,0,0,0,0,15,0,1_root,MBG[Latest],,netral,0,https://x.com/nanadehoney/status/2094355796461338824
2094355758112702864,2026-08-31 09:24:58,FaktaKeuangan,FaktaKeuangan,5271,"#PahamDuluAja, Kepala BGN Sudaryono menyatakan bahwa sistem pencatatan keuangan MBG akan didigitalisasi dan disinkronisasi dengan sistem Kementerian Keuangan untuk meningkatkan akuntabilitas. https://t.co/H09oAkfruP",pahamduluaja kepala bgn sudaryono menyatakan bahwa sistem pencatatan keuangan mbg akan didigitalisasi dan disinkronisasi dengan sistem kementerian keuangan untuk meningkatkan akuntabilitas,in,0,0,0,0,18,0,1_root,MBG[Latest],,netral,0,https://x.com/FaktaKeuangan/status/2094355758112702864
2094355695286325456,2026-08-31 09:24:43,muiii8888,mui,298,@menuembegejelek dsuruh pemerintah prabowo yg diomongin cma MBG😂😂😂 klo setingan yg pinter dkit lah 😂😂😂,dsuruh pemerintah prabowo yg diomongin cma mbg klo setingan yg pinter dkit lah,in,0,0,0,0,10,0,1_root,MBG[Latest],,netral,0,https://x.com/muiii8888/status/2094355695286325456
2094355529577710038,2026-08-31 09:24:04,pasarbecek,Pasar Becek,23,"@LambeSahamjja Pengen tau juga alasan polisi, tentara, anggota dewan punya dapur MBG",pengen tau juga alasan polisi tentara anggota dewan punya dapur mbg,in,0,0,0,0,1,0,1_root,MBG[Latest],,netral,0,https://x.com/pasarbecek/status/2094355529577710038
2094355506391548158,2026-08-31 09:23:58,ghozyulhaq,Ghozy Ul-Haq,14228,"@azhari_d_ammar betul, enggak serta merta bisa di copy-paste gitu aja

termasuk MBG 😣",betul enggak serta merta bisa di copy paste gitu aja termasuk mbg,in,0,0,0,0,218,0,1_root,MBG[Latest],,netral,0,https://x.com/ghozyulhaq/status/2094355506391548158
2094355434220175553,2026-08-31 09:23:41,MypurpleUniv,Bubu🪷⦿ ☰ ☲ᴬᴿᴵᴿᴬᴺᴳ(My⁷⁺ᵃʳᵐʸ),379,"Negara lagi kacau kacaunya. Bencana dimana mana. Tapi punya presiden cuma ngurusin mbg.

Berasa ga punya presiden dan menghamburkan uang untuk hal yg ga penting.",negara lagi kacau kacaunya bencana dimana mana tapi punya presiden cuma ngurusin mbg berasa ga punya presiden dan menghamburkan uang untuk hal yg ga penting,in,0,0,0,0,2,0,1_root,MBG[Latest],,negatif,-1,https://x.com/MypurpleUniv/status/2094355434220175553
2094355275792974266,2026-08-31 09:23:03,Nebulavexion,Scaramanga,85,@ARSIPAJA Naek gegara belanja pemerintah lwt kdmp Dan mbg bkn belanja rakyat. Menkeu kontol,naek gegara belanja pemerintah lwt kdmp dan mbg bkn belanja rakyat menkeu kontol,in,0,0,0,0,6,0,1_root,MBG[Latest],,netral,0,https://x.com/Nebulavexion/status/2094355275792974266
2094355135560548697,2026-08-31 09:22:30,nanadehoney,Nana,16185,@rebukanrain Udh males dgn semua drama MBG ini,udh males dgn semua drama mbg ini,in,1,0,1,0,20,0,1_root,MBG[Latest],,netral,0,https://x.com/nanadehoney/status/2094355135560548697
2094355050282025275,2026-08-31 09:22:09,inzaghimilanisi,JCerine’s,10,"@fikrimuarifff @idextratime @FabrizioRomano udah jelas padahal di caption,kebanyakan MBG lu",udah jelas padahal di caption kebanyakan mbg lu,in,0,0,0,0,26,0,1_root,MBG[Latest],,netral,0,https://x.com/inzaghimilanisi/status/2094355050282025275
2094354994661404946,2026-08-31 09:21:56,hobiitaa,𝓝𝓲𝓽𝓪k ༊*·˚pacar Jimin♬,2039,"bacot banget ajngg, mbg terussss... Kesehatan anak-anak gak penting, soalnya yang penting mbg??? 
malu-maluin banget 😭 nihh kaltenggg kaltenggg",bacot banget ajngg mbg terussss kesehatan anak anak gak penting soalnya yang penting mbg malu maluin banget nihh kaltenggg kaltenggg,in,0,0,0,0,8,0,1_root,MBG[Latest],,netral,0,https://x.com/hobiitaa/status/2094354994661404946
2094354944665014327,2026-08-31 09:21:44,trivialiner,zya -.,36,"Semua harus mampu agar mbg dan kdmp bisa jalan

Amazing kan pemerintah sekarang demi programnya ngorbanin masyarakat",semua harus mampu agar mbg dan kdmp bisa jalan amazing kan pemerintah sekarang demi programnya ngorbanin masyarakat,in,0,0,0,0,3,0,1_root,MBG[Latest],,netral,0,https://x.com/trivialiner/status/2094354944665014327
2094354873685103037,2026-08-31 09:21:27,muiii8888,mui,298,@Red__Seven kan udah ad mbg buat apa jembatan sihhh?? kan tnggl kasih mbg aja beres,kan udah ad mbg buat apa jembatan sihhh kan tnggl kasih mbg aja beres,in,0,0,0,0,9,0,1_root,MBG[Latest],,netral,0,https://x.com/muiii8888/status/2094354873685103037
2094354866693120122,2026-08-31 09:21:26,hyyhuoos,bin 🍉,1107,"fullboard lagi fullboard lagi
YESS DPT MBG",fullboard lagi fullboard lagi yess dpt mbg,in,0,0,0,0,3,0,1_root,MBG[Latest],,netral,0,https://x.com/hyyhuoos/status/2094354866693120122
2094354864038146505,2026-08-31 09:21:25,disway_update,Disway. Id,242,"Ia meminta jam masuk siswa diatur menjadi lebih siang. ""Nanti saya minta tolong ya bapak-ibu, masuknya jam 8 pagi ya untuk adik-adik, pulangnya kita setting 30 menit setiap jam pelajaran,"" ujar Reza.  

#KadisdikKalteng #MBG #KarhutlaKalimantan #RezaPrabowo #Disway",ia meminta jam masuk siswa diatur menjadi lebih siang nanti saya minta tolong ya bapak ibu masuknya jam 8 pagi ya untuk adik adik pulangnya kita setting 30 menit setiap jam pelajaran ujar reza kadisdikkalteng mbg karhutlakalimantan rezaprabowo disway,in,0,0,0,0,5,0,1_root,MBG[Latest],,netral,0,https://x.com/disway_update/status/2094354864038146505
2094354761927827713,2026-08-31 09:21:01,imkaisy,kai,128,@isinyakonyon LOH LOH JNI MAH MY MEONG MY KUCING MY KITTY MY CINTA MY KISAH MY KASIH MY MBG MY KESAYANGAN MY NYIMUP MY IMUT MY GANTENG MY SAYANG MY LOVE MY EVERYTHING MY UNYEL UNYEL MY MEOW MY KITTY MY RINDU MY HATI MY HEART MY IDOL💗,loh loh jni mah my meong my kucing my kitty my cinta my kisah my kasih my mbg my kesayangan my nyimup my imut my ganteng my sayang my love my everything my unyel unyel my meow my kitty my rindu my hati my heart my idol,in,0,0,0,0,6,0,1_root,MBG[Latest],,netral,0,https://x.com/imkaisy/status/2094354761927827713
2094354753413423596,2026-08-31 09:20:59,whoreverslut,😌,16,@purpleelilac MARAH BANGET PRIA MANTEP INI DIJADIIN OBJEK AI SLOP MBG,marah banget pria mantep ini dijadiin objek ai slop mbg,in,0,0,0,0,32,0,1_root,MBG[Latest],,negatif,-1,https://x.com/whoreverslut/status/2094354753413423596
2094354737101770915,2026-08-31 09:20:55,hasbi_r,Hasbi Rivani,7,@RadioElshinta 1 hari stop MBG bisa selesaikan banyak jembatan,1 hari stop mbg bisa selesaikan banyak jembatan,in,0,0,0,0,2,0,1_root,MBG[Latest],,netral,0,https://x.com/hasbi_r/status/2094354737101770915
2094354625042563211,2026-08-31 09:20:28,natzmcferrel,natz,48,@LambeSahamjja ya kerja aja terus di mbg sampe mbg-nya tutup.. ga ada yg salah sama yg kerja.. yg salah itu sama yg bikin programnya..,ya kerja aja terus di mbg sampe mbg nya tutup ga ada yg salah sama yg kerja yg salah itu sama yg bikin programnya,in,0,0,0,0,95,0,1_root,MBG[Latest],,negatif,-2,https://x.com/natzmcferrel/status/2094354625042563211
2094354609636831373,2026-08-31 09:20:24,1717zh_,ojos,15,@AfadaHauna jidat nya kayak ompreng mbg,jidat nya kayak ompreng mbg,in,0,0,0,0,5,0,1_root,MBG[Latest],,netral,0,https://x.com/1717zh_/status/2094354609636831373
2094354596651307038,2026-08-31 09:20:21,monopinkk,Dea ~.~ || JASA DESIGN,2795,@LambeSahamjja Mbg kan tujuannya buat mengatasi stunting. Bukan buat langan kerja,mbg kan tujuannya buat mengatasi stunting bukan buat langan kerja,in,0,0,0,0,18,0,1_root,MBG[Latest],,netral,0,https://x.com/monopinkk/status/2094354596651307038
2094354500043890986,2026-08-31 09:19:58,dedysketer99,dedy wahyudi,3,@sydneyzw Jatuh nya MBG =Miskin Banyk Gaya🤣,jatuh nya mbg miskin banyk gaya,in,1,0,0,0,214,0,1_root,MBG[Latest],,netral,0,https://x.com/dedysketer99/status/2094354500043890986
2094354451251277888,2026-08-31 09:19:47,ibaladi,🐺,180,jadi MBG ni tujuannya buat ngasi kerja atau nurunin stunting? senegara jadi dongo,jadi mbg ni tujuannya buat ngasi kerja atau nurunin stunting senegara jadi dongo,in,0,0,0,0,3,0,1_root,MBG[Latest],,netral,0,https://x.com/ibaladi/status/2094354451251277888
2094354433018864115,2026-08-31 09:19:42,aulinaid,Aulina,253,@diyardps Buat dapur MBG nggak bisa yaaa 🙂🫠😫,buat dapur mbg nggak bisa yaaa,in,0,0,0,0,2,0,1_root,MBG[Latest],,netral,0,https://x.com/aulinaid/status/2094354433018864115
2094354364970471502,2026-08-31 09:19:26,disway_update,Disway. Id,242,"""Karena ketika sekolah diliburkan, berpengaruh juga terhadap dapur-dapur MBG. Kita mengerti bapak-ibu ya,"" ucap Reza Prabowo, dikutip pada Senin, 31 Agustus 2026.",karena ketika sekolah diliburkan berpengaruh juga terhadap dapur dapur mbg kita mengerti bapak ibu ya ucap reza prabowo dikutip pada senin 31 agustus 2026,in,0,0,1,0,8,0,1_root,MBG[Latest],,netral,0,https://x.com/disway_update/status/2094354364970471502
2094354245478949370,2026-08-31 09:18:57,rayavly,raya,897,Ga dapet mbg💔,ga dapet mbg,in,0,0,0,0,9,0,1_root,MBG[Latest],,netral,0,https://x.com/rayavly/status/2094354245478949370
2094354233734942829,2026-08-31 09:18:55,disway_update,Disway. Id,242,Salah satu pertimbangannya adalah dampak penghentian aktivitas sekolah terhadap operasional dapur Makan Bergizi Gratis (MBG) serta kantin sekolah.,salah satu pertimbangannya adalah dampak penghentian aktivitas sekolah terhadap operasional dapur makan bergizi gratis mbg serta kantin sekolah,in,0,0,1,0,8,0,1_root,MBG[Latest],,positif,1,https://x.com/disway_update/status/2094354233734942829
2094354165371928758,2026-08-31 09:18:38,gbfonry,Gbfonry,161,"@ardisatriawan Timor leste puhya program sejenis MBG lebih bagus tapi gak diadopsi karena gak pakai yayasan.
https://t.co/uPOHFyGJAZ https://t.co/vqLL70IIzC",timor leste puhya program sejenis mbg lebih bagus tapi gak diadopsi karena gak pakai yayasan,in,0,0,0,0,20,0,1_root,MBG[Latest],,positif,1,https://x.com/gbfonry/status/2094354165371928758
2094354030180913316,2026-08-31 09:18:06,Max_Min83,Faith x Clown,24,"@marvelle_danny Wkk. Tapi aneh juga. Sesuai premis yg saya buat, serangan ke Prabowo itu sangat minim. Jika ada yg menyerang Prabowo, PASTI dibelokkan menjadi salah Jokowi, Gibran, pemilih 02, atau Dadan MBG.
Energinya habis ke situ.
Umpatan ke pendukung 02 juga pasti Termul, bukan Terwo. Aneh",wkk tapi aneh juga sesuai premis yg saya buat serangan ke prabowo itu sangat minim jika ada yg menyerang prabowo pasti dibelokkan menjadi salah jokowi gibran pemilih 02 atau dadan mbg energinya habis ke situ umpatan ke pendukung 02 juga pasti termul bukan terwo aneh,in,0,0,0,0,8,0,1_root,MBG[Latest],,negatif,-1,https://x.com/Max_Min83/status/2094354030180913316
2094353931174568151,2026-08-31 09:17:43,signal_academy,Signal Academy,10,"Kenapa program makan anak dibicarakan sebagai ""investasi 2045""? 

Di modul Seri Literasi Kebijakan, kita bedah konsep tujuan intergenerasi: 1000 Hari Pertama Kehidupan, siklus stunting antargenerasi, dan human capital menggunakan MBG sebagai studi kasus. https://t.co/03GxNi5W0j",kenapa program makan anak dibicarakan sebagai investasi 2045 di modul seri literasi kebijakan kita bedah konsep tujuan intergenerasi 1000 hari pertama kehidupan siklus stunting antargenerasi dan human capital menggunakan mbg sebagai studi kasus,in,0,0,1,0,6,0,1_root,MBG[Latest],,netral,0,https://x.com/signal_academy/status/2094353931174568151
2094353834491691433,2026-08-31 09:17:20,Ikotjo,",",7697,@safa_andriana Kalo disejajarin kira² mereka akan ngobrol tentang apa ya ??? MBG ? UU Perampasan eh pengalihan aset ? Atau apa ?,kalo disejajarin kira² mereka akan ngobrol tentang apa ya mbg uu perampasan eh pengalihan aset atau apa,in,0,0,0,0,0,0,1_root,MBG[Latest],,netral,0,https://x.com/Ikotjo/status/2094353834491691433
2094353748806267237,2026-08-31 09:16:59,ceryoklina,ceryoklina,84,"@Kosimatkasah Narasi 'pemindahan desil buat ngalihkan dana ke MBG/Kopdes' itu murni cocoklogi tanpa fakta. Anggaran program punya pos masing-masing. Kasus tukang becak ini murni isu pengkinian data yang udah beres dikoreksi, bukan konspirasi potong bansos",narasi pemindahan desil buat ngalihkan dana ke mbg kopdes itu murni cocoklogi tanpa fakta anggaran program punya pos masing masing kasus tukang becak ini murni isu pengkinian data yang udah beres dikoreksi bukan konspirasi potong bansos,in,0,0,0,0,10,0,1_root,MBG[Latest],,netral,0,https://x.com/ceryoklina/status/2094353748806267237
2094353606376034333,2026-08-31 09:16:25,kalimatkhoirul,MenembusCakrawala,423,@LambeSahamjja Harusnya MBG tetep SUPLAI KE RUMAH2 betul tidakk ? Bantu gt,harusnya mbg tetep suplai ke rumah2 betul tidakk bantu gt,in,0,0,0,0,71,0,1_root,MBG[Latest],,netral,0,https://x.com/kalimatkhoirul/status/2094353606376034333
2094353526084501521,2026-08-31 09:16:06,jjumarpple,chae🍎,187,@martinmymoody udh dri lamaa seinget ak itu best sellerny ggr bocil sd mention mykonos jd mbg gt🫪🫪🫪,udh dri lamaa seinget ak itu best sellerny ggr bocil sd mention mykonos jd mbg gt,in,0,0,0,0,9,0,1_root,MBG[Latest],,netral,0,https://x.com/jjumarpple/status/2094353526084501521
2094353286010966486,2026-08-31 09:15:09,Ranggamalawai,Rangga,64,"@dosenkesmas Sepertinya ada sesuatu gak sih MBG ini seperti bnr2 d paksain biar bs jalan trus.
kyk lg ada target yg di kejer.🤦🏻",sepertinya ada sesuatu gak sih mbg ini seperti bnr2 d paksain biar bs jalan trus kyk lg ada target yg di kejer,in,0,0,0,0,7,0,1_root,MBG[Latest],,netral,0,https://x.com/Ranggamalawai/status/2094353286010966486
2094353210999984625,2026-08-31 09:14:51,rwaayy,Rion.,63,MBG,mbg,qst,0,0,0,0,2,0,1_root,MBG[Latest],,netral,0,https://x.com/rwaayy/status/2094353210999984625
2094087497169224126,2026-08-30 15:39:00,SoyRubik,Rubik ✨,74053,Tienes que nombrarlo con lo ultimo que comiste. https://t.co/9q78oPVhB7,tienes que nombrarlo con lo ultimo que comiste,es,38561,2619,7020,5575,953850,0,1_root,MBG[Latest],,netral,0,https://x.com/SoyRubik/status/2094087497169224126
2094353193287512535,2026-08-31 09:14:47,anaxagorxs,jiu,103,"hyu angkasa, mereka adalaga mbg 🤤 salken ya btw",hyu angkasa mereka adalaga mbg salken ya btw,in,1,0,0,0,18,0,1_root,MBG[Latest],,netral,0,https://x.com/anaxagorxs/status/2094353193287512535
2094269464296755532,2026-08-31 03:42:04,harumaswa,ANGK★SA | M6 HARUMASA!!!,69,@babufess ARLE AND ANAXA 🤤🤤 Hmu nderr!,arle and anaxa hmu nderr,en,0,0,0,0,60,0,1_root,MBG[Latest],,netral,0,https://x.com/harumaswa/status/2094269464296755532
2094353092208955681,2026-08-31 09:14:23,sharingwithlily,Lily,2728,@mmatxcha mbg minggir dulu boleh gak🙏🏻,mbg minggir dulu boleh gak,in,0,0,0,0,4,0,1_root,MBG[Latest],,netral,0,https://x.com/sharingwithlily/status/2094353092208955681
2094352986596405538,2026-08-31 09:13:57,al_khalid212,Khalid,94,"@ejaaipongg Si wowo mah gak peduli sejak Banjir di Aceh-Sumatera dulu.
Yang penting kan proyek korupsi mbg dan koperasi jalan terus. Serta sawit dan tambang dia juga lancar dan nambah luas.
Dia sama kayak trump otoriter dengan wajah tebal.",si wowo mah gak peduli sejak banjir di aceh sumatera dulu yang penting kan proyek korupsi mbg dan koperasi jalan terus serta sawit dan tambang dia juga lancar dan nambah luas dia sama kayak trump otoriter dengan wajah tebal,in,0,0,0,0,23,0,1_root,MBG[Latest],,netral,0,https://x.com/al_khalid212/status/2094352986596405538
2094352948424056894,2026-08-31 09:13:48,wogopeks,Ciek,431,"wah wahh

Akhirnya NU Menolak MBG Memakai Anggaran Pendidikan https://t.co/6RYDZlEq6t",wah wahh akhirnya nu menolak mbg memakai anggaran pendidikan,in,0,0,0,0,11,0,1_root,MBG[Latest],,negatif,-1,https://x.com/wogopeks/status/2094352948424056894
2094352936692502625,2026-08-31 09:13:45,Ramadian40,Safety1st,1969,@LambeSahamjja Mbg itu memperkaya pemilik dapur dan yayasan,mbg itu memperkaya pemilik dapur dan yayasan,in,0,0,0,0,16,0,1_root,MBG[Latest],,netral,0,https://x.com/Ramadian40/status/2094352936692502625
2094352887891862010,2026-08-31 09:13:34,jaskorla,yyaaaaaaa,10,"kl w bw bekel hisana pasti sll dpt mbg, knp nyak",kl w bw bekel hisana pasti sll dpt mbg knp nyak,in,0,0,1,0,6,0,1_root,MBG[Latest],,netral,0,https://x.com/jaskorla/status/2094352887891862010
2094352771239862684,2026-08-31 09:13:06,porpoisecloud,áfi,162,owh jd udah clear ya mbg bukan buat memperbaiki gizi dan bukan buat anak2 sekolah/ibu hamil/menyusui wkwkwkwkwkwkwk,owh jd udah clear ya mbg bukan buat memperbaiki gizi dan bukan buat anak2 sekolah ibu hamil menyusui wkwkwkwkwkwkwk,in,0,0,0,0,9,0,1_root,MBG[Latest],,netral,0,https://x.com/porpoisecloud/status/2094352771239862684
2094352758891761971,2026-08-31 09:13:03,PrabowoPam38776,Prabowo Pamungkas,143,@BebySoSweet Selamat yaa mbg jadi tambah tolol,selamat yaa mbg jadi tambah tolol,in,0,0,0,0,7,0,1_root,MBG[Latest],,netral,0,https://x.com/PrabowoPam38776/status/2094352758891761971
2094352724414681489,2026-08-31 09:12:55,whereisthekei,kei 🔑 kinda ia,574,"alasan ganti wpp pc lab : sebelumnya wpp gambar trio mbg (wowo, owi, fufufafa) https://t.co/8el2VoUQUv",alasan ganti wpp pc lab sebelumnya wpp gambar trio mbg wowo owi fufufafa,in,0,0,0,0,15,0,1_root,MBG[Latest],,netral,0,https://x.com/whereisthekei/status/2094352724414681489
2094352692038824292,2026-08-31 09:12:47,maincha276,magnolia,36,"Hari ini di tanyain soal keluhan mbg, pengen banget nulis ""stop programnya"" Tapi takut banget kena doxxing. Kita di sekolah kalo ada sisa emang suka dibawa tp lebih enak gak ada mbg, harga stabil dan gak ngerepotin. Selain itu petugas mbg tuh haduhh sok nya minta ampun",hari ini di tanyain soal keluhan mbg pengen banget nulis stop programnya tapi takut banget kena doxxing kita di sekolah kalo ada sisa emang suka dibawa tp lebih enak gak ada mbg harga stabil dan gak ngerepotin selain itu petugas mbg tuh haduhh sok nya minta ampun,in,0,0,0,0,3,0,1_root,MBG[Latest],,positif,2,https://x.com/maincha276/status/2094352692038824292
2094352629757530234,2026-08-31 09:12:32,neorazeele,𝒆𝒍𝒍,1300,@sepatuikaca wc mbg gas,wc mbg gas,in,0,0,1,0,10,0,1_root,MBG[Latest],,netral,0,https://x.com/neorazeele/status/2094352629757530234
2094352583964213518,2026-08-31 09:12:21,Radi_ttttt,Radit,2,@menuembegejelek Program MBG juga harus dipastikan berjalan dengan standar kesehatan yang aman.,program mbg juga harus dipastikan berjalan dengan standar kesehatan yang aman,in,0,0,0,0,5,0,1_root,MBG[Latest],,positif,1,https://x.com/Radi_ttttt/status/2094352583964213518
2094352544005083635,2026-08-31 09:12:12,mikirdoeloe,mikirdoeloe,41,"Dari anak yang semakin terbiasa makan bergizi dan mengurangi jajan sembarangan, keluarga yang memiliki ruang lebih untuk mengatur pengeluaran, hingga hasil panen jagung lokal yang mendapat peluang pasar,
#MBG #MakanBergiziGratis #DukungMBG #GiziAnak #AnakSehat https://t.co/rPgwsmIqV2",dari anak yang semakin terbiasa makan bergizi dan mengurangi jajan sembarangan keluarga yang memiliki ruang lebih untuk mengatur pengeluaran hingga hasil panen jagung lokal yang mendapat peluang pasar mbg makanbergizigratis dukungmbg gizianak anaksehat,in,0,0,0,0,5,0,1_root,MBG[Latest],,positif,1,https://x.com/mikirdoeloe/status/2094352544005083635
2094352529530458461,2026-08-31 09:12:08,ImminentAdi,IntelEmut🇮🇩🏴‍☠️🇺🇦🇵🇸,166,@Smash1014314 Hampir pasti punya bbrp SPPG. Hanya orang2 niradab nirempati macem itu yg ngotot MBG jalan dlm kondisi kedaruratan seperti karhutla,hampir pasti punya bbrp sppg hanya orang2 niradab nirempati macem itu yg ngotot mbg jalan dlm kondisi kedaruratan seperti karhutla,in,0,0,0,0,23,0,1_root,MBG[Latest],,netral,0,https://x.com/ImminentAdi/status/2094352529530458461
2094352497624387934,2026-08-31 09:12:01,mikirdoeloe,mikirdoeloe,41,"Dari anak yang semakin terbiasa makan bergizi dan mengurangi jajan sembarangan, keluarga yang memiliki ruang lebih untuk mengatur pengeluaran, hingga hasil panen jagung lokal yang mendapat peluang pasar,
#MBG #MakanBergiziGratis #DukungMBG #GiziAnak #AnakSehat https://t.co/fep1CiNlqD",dari anak yang semakin terbiasa makan bergizi dan mengurangi jajan sembarangan keluarga yang memiliki ruang lebih untuk mengatur pengeluaran hingga hasil panen jagung lokal yang mendapat peluang pasar mbg makanbergizigratis dukungmbg gizianak anaksehat,in,0,0,0,0,5,0,1_root,MBG[Latest],,positif,1,https://x.com/mikirdoeloe/status/2094352497624387934
2094352462362898514,2026-08-31 09:11:52,mikirdoeloe,mikirdoeloe,41,"Dari anak yang semakin terbiasa makan bergizi dan mengurangi jajan sembarangan, keluarga yang memiliki ruang lebih untuk mengatur pengeluaran, hingga hasil panen jagung lokal yang mendapat peluang pasar,
#MBG #MakanBergiziGratis #DukungMBG #GiziAnak #AnakSehat https://t.co/H33Xch8i5x",dari anak yang semakin terbiasa makan bergizi dan mengurangi jajan sembarangan keluarga yang memiliki ruang lebih untuk mengatur pengeluaran hingga hasil panen jagung lokal yang mendapat peluang pasar mbg makanbergizigratis dukungmbg gizianak anaksehat,in,0,0,0,0,5,0,1_root,MBG[Latest],,positif,1,https://x.com/mikirdoeloe/status/2094352462362898514
2094352349456437535,2026-08-31 09:11:25,PERPUSKKP,Archivelago - Indonesia Marine Library,2289,"MBG (My Buku Gue) versi Pemustaka Bahari

Setiap buku punya cerita, setiap pembaca punya buku favorit ✨

Ini dia beberapa buku favorit Pemustaka Bahari 📚 

Kalau buku favoritmu apa? 👀

Tulis di kolom komentar ya, siapa tahu jadi rekomendasi bacaan teman-teman lainnya 🤩 📖 https://t.co/mKMbkFuc2F",mbg my buku gue versi pemustaka bahari setiap buku punya cerita setiap pembaca punya buku favorit ini dia beberapa buku favorit pemustaka bahari kalau buku favoritmu apa tulis di kolom komentar ya siapa tahu jadi rekomendasi bacaan teman teman lainnya,in,0,0,0,0,4,0,1_root,MBG[Latest],,netral,0,https://x.com/PERPUSKKP/status/2094352349456437535
2094352318364037332,2026-08-31 09:11:18,gyusolimz,gab,651,"if americans have ""imagine a burger"", indonesians have ""imagine dapur mbg""",if americans have imagine a burger indonesians have imagine dapur mbg,en,0,0,0,0,26,0,1_root,MBG[Latest],,netral,0,https://x.com/gyusolimz/status/2094352318364037332
2094352228048110012,2026-08-31 09:10:57,hyacate,nth,66,@suamrembulan13 Habis makan mbg. Utakke kek gitu jadinua,habis makan mbg utakke kek gitu jadinua,in,0,0,0,0,26,0,1_root,MBG[Latest],,netral,0,https://x.com/hyacate/status/2094352228048110012
2094352042345296288,2026-08-31 09:10:12,milchoney,D is saw jihoon - seeing bangtan,1122,wong gendeng segitunya demi mbg hoekkkk. kaga selamat orang2 ini,wong gendeng segitunya demi mbg hoekkkk kaga selamat orang2 ini,in,0,0,0,0,19,0,1_root,MBG[Latest],,netral,0,https://x.com/milchoney/status/2094352042345296288
2094352031951581454,2026-08-31 09:10:10,araafdr,Haalah Jelema Teu Erling,58,Dari dulu g ada kopdes sama mbg apa hasilnya? Ko tebang pilih,dari dulu g ada kopdes sama mbg apa hasilnya ko tebang pilih,in,0,0,0,0,1,0,1_root,MBG[Latest],,netral,0,https://x.com/araafdr/status/2094352031951581454
2094215113326940246,2026-08-31 00:06:06,rasjawa,Mas Pur,26344,"Kalau saya jadi penguasa negri ini, saya akan hentikan MBG dan Kopdes. Uangnya akan saya pakai untuk menggratiskan SD- kuliah. Kemudian akan saya buat kota-kota besar di Sumatera saling terhubung dengan rel kereta api. 

QRT dengan twit rencana kalau kalian jadi penguasa. https://t.co/8FDzcuwHno",kalau saya jadi penguasa negri ini saya akan hentikan mbg dan kopdes uangnya akan saya pakai untuk menggratiskan sd kuliah kemudian akan saya buat kota kota besar di sumatera saling terhubung dengan rel kereta api qrt dengan twit rencana kalau kalian jadi penguasa,in,226,57,117,44,25545,0,1_root,MBG[Latest],,netral,0,https://x.com/rasjawa/status/2094215113326940246
2094351983155224903,2026-08-31 09:09:58,PAClearning,Probably Approximately Correct,11824,"Bisnis apa yang meningkat di ekonomi sekarang ini, selain yang berhubungan dengan MBG atau proyek pemerintah lainnya?",bisnis apa yang meningkat di ekonomi sekarang ini selain yang berhubungan dengan mbg atau proyek pemerintah lainnya,in,0,0,0,0,93,0,1_root,MBG[Latest],,positif,1,https://x.com/PAClearning/status/2094351983155224903
2094351898413515128,2026-08-31 09:09:38,tae0_0san,Tana ☆ミ📌Taesan Birthday Kit,716,@uuliuuriuu myngmyng kena mbg,myngmyng kena mbg,is,0,0,0,0,18,0,1_root,MBG[Latest],,netral,0,https://x.com/tae0_0san/status/2094351898413515128
2094351877265858610,2026-08-31 09:09:33,slayyspoon,!¡,610,@LambeSahamjja bilangin ke wowok yg dibutuhin rakyar tuh lowongan pekerjaan bukan kopdes/mbg njink,bilangin ke wowok yg dibutuhin rakyar tuh lowongan pekerjaan bukan kopdes mbg njink,in,0,0,0,0,61,0,1_root,MBG[Latest],,netral,0,https://x.com/slayyspoon/status/2094351877265858610
2094351839521284465,2026-08-31 09:09:24,delivererbaier,𝓝𝓪𝓷𝓪 ☀️ ♥︎,436,"1. susah hrus lengserin si biji, stop kopdes dan mbg
2. lagi dicoba ama china mainland
3. yg bikin harga naik gak mau malah bikin program leasing atau pinjam gadget atau bahkan malah cloud gaming/storage
4. data centre meledak amin",1 susah hrus lengserin si biji stop kopdes dan mbg 2 lagi dicoba ama china mainland 3 yg bikin harga naik gak mau malah bikin program leasing atau pinjam gadget atau bahkan malah cloud gaming storage 4 data centre meledak amin,in,1,0,1,0,46,0,1_root,MBG[Latest],,negatif,-1,https://x.com/delivererbaier/status/2094351839521284465
2094301830130057394,2026-08-31 05:50:41,kazukareal,Kazu,789,"ada beberapa cara buat bikin harga per komputeran turun :
1. kuatin rupiah
2. tambah lagi produksi komponen pc (RAM, VGA)
3. bikin teknologi baru, jadi new gen RAM &amp; VGA cuma butuh resource dikit (hemat resource) jadi cost makin murah",ada beberapa cara buat bikin harga per komputeran turun 1 kuatin rupiah 2 tambah lagi produksi komponen pc ram vga 3 bikin teknologi baru jadi new gen ram amp vga cuma butuh resource dikit hemat resource jadi cost makin murah,in,10,0,3,1,449,0,1_root,MBG[Latest],,netral,0,https://x.com/kazukareal/status/2094301830130057394
2094351759825404167,2026-08-31 09:09:05,holyracha,ㅎㅇ,141,"menurut gue bapak ini mending ditempatin di tengah hutan yang kebakaran itu, ga pake masker, sambil makan mbg",menurut gue bapak ini mending ditempatin di tengah hutan yang kebakaran itu ga pake masker sambil makan mbg,in,0,0,0,0,34,0,1_root,MBG[Latest],,netral,0,https://x.com/holyracha/status/2094351759825404167
2094351719555817927,2026-08-31 09:08:55,saotaki,Osa Kawaki,14,"Sering Kita GakTahu Rapor Merah BGN &amp; MBG, simak penjelasan singkatnya  #mbgcore #BGN #poltracking #prabowosubianto #dprri 
Senin
Gus Kikin
Tentara Nasional Indonesia
Siang
AHWA
Hercules
KH Abdul Hakim Mahfudz
Dari Sabang
Miangas
Pulau Rote
Gabjes
Ketua Umum PBNU
Apel Pagi
Gen-Z https://t.co/Q29EOegkJA",sering kita gaktahu rapor merah bgn amp mbg simak penjelasan singkatnya mbgcore bgn poltracking prabowosubianto dprri senin gus kikin tentara nasional indonesia siang ahwa hercules kh abdul hakim mahfudz dari sabang miangas pulau rote gabjes ketua umum pbnu apel pagi gen z,in,0,0,0,0,30,0,1_root,MBG[Latest],,netral,0,https://x.com/saotaki/status/2094351719555817927
2094351539410514355,2026-08-31 09:08:12,seokjinlf,BANGWOOL,18,"@LambeSahamjja Emang tujuan pemerintah gini, anggaran dana pendidikan di ambil biar rakyatnya ga pinter” amat. Bisa diblg target program kopdes, mbg ya biar rakyatnya makin bego trs targetnya rakyat yg petung dpt duit demi kebutuhan primer sekunder, miris",emang tujuan pemerintah gini anggaran dana pendidikan di ambil biar rakyatnya ga pinter amat bisa diblg target program kopdes mbg ya biar rakyatnya makin bego trs targetnya rakyat yg petung dpt duit demi kebutuhan primer sekunder miris,in,3,0,0,0,608,0,1_root,MBG[Latest],,netral,0,https://x.com/seokjinlf/status/2094351539410514355
2094351501431013758,2026-08-31 09:08:03,jengjengjeny,Jenny,44,Ayo dukung program a MBG https://t.co/jgelTiGDXl,ayo dukung program a mbg,in,0,0,0,0,1,0,1_root,MBG[Latest],,positif,1,https://x.com/jengjengjeny/status/2094351501431013758
2094351491243090314,2026-08-31 09:08:01,jengjengjeny,Jenny,44,Perkuat pelaksanaan MBG di wilayah 3 T https://t.co/2HxYJQ3AUj,perkuat pelaksanaan mbg di wilayah 3 t,in,0,0,1,0,1,0,1_root,MBG[Latest],,netral,0,https://x.com/jengjengjeny/status/2094351491243090314
2094351483563385009,2026-08-31 09:07:59,jengjengjeny,Jenny,44,Bangga dukung MBG https://t.co/fhvzA256am,bangga dukung mbg,in,0,0,1,0,2,0,1_root,MBG[Latest],,positif,1,https://x.com/jengjengjeny/status/2094351483563385009
2094351351736303905,2026-08-31 09:07:28,apocalypsoblitz,🇲🇨🄱🄻🄸🅃🅉🄺🅁🄸🄴🄶⚡,1341,"@kompascom tidak ingin ngutang, tapi hutang malah semakin bertumpuk tak terkendali

mau hajar koruptor, malah memfasilitasi proyek2 absurd mega korupsi seperti MBG dan KOPDES,  foto2 bareng koruptor di istana. Malah angkat koruptor duduki jabafan2 stategis
Apa yg di omongin selalu bohong",tidak ingin ngutang tapi hutang malah semakin bertumpuk tak terkendali mau hajar koruptor malah memfasilitasi proyek2 absurd mega korupsi seperti mbg dan kopdes foto2 bareng koruptor di istana malah angkat koruptor duduki jabafan2 stategis apa yg di omongin selalu bohong,in,0,0,0,0,34,0,1_root,MBG[Latest],,negatif,-2,https://x.com/apocalypsoblitz/status/2094351351736303905
2094351276834496557,2026-08-31 09:07:10,AditMKM,Adit MKM,4590,Aku cinta MBG. Aku mau makan tempe mendoan setiap hari. MBG beracun adalah latihan bagi sistem imun tubuh. https://t.co/TKFPQfwKuD,aku cinta mbg aku mau makan tempe mendoan setiap hari mbg beracun adalah latihan bagi sistem imun tubuh,in,0,0,0,0,32,0,1_root,MBG[Latest],,netral,0,https://x.com/AditMKM/status/2094351276834496557
2094351114540097853,2026-08-31 09:06:31,anatemasosial,Nandalias🏴🔻,277,mbg #tskr https://t.co/PMBvwETrJJ,mbg tskr,und,0,0,0,0,6,0,1_root,MBG[Latest],,netral,0,https://x.com/anatemasosial/status/2094351114540097853
2094326953071476917,2026-08-31 07:30:30,KaroshiMyriad,Kars,102247,"Full cover preview for ""Mahoutsukai no Yoru"" novel volume 2 which will release on September 30 and will be 480 pages long.

The second volume will cover after Aoko and Soujuurou escape from the house of mirrors. There, they confront Alice in the abandoned amusement park.

Written by Kinoko Nasu and illustrated by Koyama Hirokazu, the novel series is planned to be 3 volumes long and will be published by Seikaisha FICTIONS.

https://t.co/nOBSfUP9pd #mahoyo #魔法使いの夜",full cover preview for mahoutsukai no yoru novel volume 2 which will release on september 30 and will be 480 pages long the second volume will cover after aoko and soujuurou escape from the house of mirrors there they confront alice in the abandoned amusement park written by kinoko nasu and illustrated by koyama hirokazu the novel series is planned to be 3 volumes long and will be published by seikaisha fictions mahoyo 魔法使いの夜,en,205,25,3,3,5417,0,1_root,MBG[Latest],,netral,0,https://x.com/KaroshiMyriad/status/2094326953071476917
2094350905911255235,2026-08-31 09:05:41,NgkongRoses,Call Me Ngkong Roses🌹,66068,"Catat, ""Nanti kantin dan dapur MBG mati"". 

Lebih mementingkan cuan daripada kesehatan anak didik. 😩😩",catat nanti kantin dan dapur mbg mati lebih mementingkan cuan daripada kesehatan anak didik,in,0,0,0,0,53,0,1_root,MBG[Latest],,netral,0,https://x.com/NgkongRoses/status/2094350905911255235
2094216795729412359,2026-08-31 00:12:47,P0113R,Rudy,2587,"Pokokmen embege harga mati ya pak Kadisdik, toh kalo anak-anak ispa kan bisa diobatin ya https://t.co/2KfNvb86Bg",pokokmen embege harga mati ya pak kadisdik toh kalo anak anak ispa kan bisa diobatin ya,in,4,0,3,2,5684,0,1_root,MBG[Latest],,netral,0,https://x.com/P0113R/status/2094216795729412359
2094350762646401294,2026-08-31 09:05:07,mahasawiit,j,1163,day 1 sidin ngehirup karhutla sambil makan mbg dari sppgnya sendiri,day 1 sidin ngehirup karhutla sambil makan mbg dari sppgnya sendiri,in,0,0,0,0,9,0,1_root,MBG[Latest],,netral,0,https://x.com/mahasawiit/status/2094350762646401294
2094222320810504421,2026-08-31 00:34:44,dbdellvn,n,220,suruh sidin mehirup asap radius 500m dari titik pembakaran sambil makan mbg coba,suruh sidin mehirup asap radius 500m dari titik pembakaran sambil makan mbg coba,in,1929,659,22,18,18471,0,1_root,MBG[Latest],,netral,0,https://x.com/dbdellvn/status/2094222320810504421
2094350752601014738,2026-08-31 09:05:05,mediatimur89,Media Timur,13,"Dukungan warga Metro, Lampung untuk program MBG sebagai langkah nyata dalam mendukung pemenuhan gizi dan tumbuh kembang generasi muda. Semoga pelaksanaannya terus diperkuat agar manfaatnya semakin luas dan tepat sasaran. https://t.co/Bwt4uSD409",dukungan warga metro lampung untuk program mbg sebagai langkah nyata dalam mendukung pemenuhan gizi dan tumbuh kembang generasi muda semoga pelaksanaannya terus diperkuat agar manfaatnya semakin luas dan tepat sasaran,in,0,0,0,0,11,0,1_root,MBG[Latest],,positif,2,https://x.com/mediatimur89/status/2094350752601014738
2094350709172940800,2026-08-31 09:04:54,zoseey,zoseya🍒,888,coba kalo jeno dikasitau brp banyak korban keracunan mbg apa gak murka dia fotonya dipake gini,coba kalo jeno dikasitau brp banyak korban keracunan mbg apa gak murka dia fotonya dipake gini,in,0,0,0,0,27,0,1_root,MBG[Latest],,negatif,-1,https://x.com/zoseey/status/2094350709172940800
2094350639463837869,2026-08-31 09:04:38,ikan_mainan,air_jeruk,474,"@LambeSahamjja Jadi tujuannya MBG tuh meningkatkan gizi anak dan menurunkan angka stunting atau apa?
Kalau tujuannya buka lapangan kerjanya ga harus MBG, tho",jadi tujuannya mbg tuh meningkatkan gizi anak dan menurunkan angka stunting atau apa kalau tujuannya buka lapangan kerjanya ga harus mbg tho,in,0,0,0,0,26,0,1_root,MBG[Latest],,netral,0,https://x.com/ikan_mainan/status/2094350639463837869
2094350526121144821,2026-08-31 09:04:11,signal__daily,Signal Daily,16,"Semakin besar skala MBG, semakin penting kanal pengaduan yang mudah dan sistem pengawasan yang jelas. Aspek apa yang paling penting diawasi dari MBG?
#SignalDaily #MBG #TataKelola #BGN https://t.co/5xwLNFPwXS",semakin besar skala mbg semakin penting kanal pengaduan yang mudah dan sistem pengawasan yang jelas aspek apa yang paling penting diawasi dari mbg signaldaily mbg tatakelola bgn,in,0,0,0,0,5,0,1_root,MBG[Latest],,netral,0,https://x.com/signal__daily/status/2094350526121144821
2094350501928448250,2026-08-31 09:04:05,signal__daily,Signal Daily,16,BGN minta oknum peminta uang di dapur MBG dilaporkan. Kepala BGN Sudaryono menegaskan praktik pungutan liar bukan prosedur resmi operasional SPPG. https://t.co/Vpqbc8ertR,bgn minta oknum peminta uang di dapur mbg dilaporkan kepala bgn sudaryono menegaskan praktik pungutan liar bukan prosedur resmi operasional sppg,in,0,0,1,0,7,0,1_root,MBG[Latest],,netral,0,https://x.com/signal__daily/status/2094350501928448250
2094350427407937914,2026-08-31 09:03:47,ady018776342248,Echte,51,"@dodisegrovee Mau kaget. Tapi pas lihat nama belakang dia. ""Oh, ternyata emang ada gen MBG dari lahir """,mau kaget tapi pas lihat nama belakang dia oh ternyata emang ada gen mbg dari lahir,in,0,0,0,0,4,0,1_root,MBG[Latest],,netral,0,https://x.com/ady018776342248/status/2094350427407937914
2094350335271989504,2026-08-31 09:03:25,AirinDatangLagi,AirinNz_KembaliLagi,42717,Berarti setara 100 Hari MBG dong ya..!! https://t.co/AG84ye8GoG,berarti setara 100 hari mbg dong ya,in,0,0,0,0,84,0,1_root,MBG[Latest],,netral,0,https://x.com/AirinDatangLagi/status/2094350335271989504
2094350051204288728,2026-08-31 09:02:18,nufarans,stststststst,91,@LambeSahamjja Ini artinya yg dibutuhkan masyarakat adalah lapangan pekerjaan bukan mbg-nya,ini artinya yg dibutuhkan masyarakat adalah lapangan pekerjaan bukan mbg nya,in,0,0,0,0,27,0,1_root,MBG[Latest],,netral,0,https://x.com/nufarans/status/2094350051204288728
2094350023614206194,2026-08-31 09:02:11,MasMadYap,MasMad,424,@Smash1014314 gara2 MBG banyak pejabat tambah goblok!,gara2 mbg banyak pejabat tambah goblok,in,0,0,0,0,6,0,1_root,MBG[Latest],,netral,0,https://x.com/MasMadYap/status/2094350023614206194
2094349896124178475,2026-08-31 09:01:41,hhaxoaxm,val²⁷ free tag,726,@MiAmmoy hi ntik mmg my mine gua mbg my bini gua,hi ntik mmg my mine gua mbg my bini gua,in,0,0,0,0,19,0,1_root,MBG[Latest],,netral,0,https://x.com/hhaxoaxm/status/2094349896124178475
2094349646990811375,2026-08-31 09:00:41,HEARTS2REBELS,𝗥𝗲𝗯𝗲𝗹𝘀 2 𝗛𝗲𝗮𝗿𝘁𝘀 ՞ ܸ.ˬ.ܸ՞𐦯,94,❦ … Piknik musim panas rasanya kurang lengkap jika tidak dilengkapi atribut pesta. Aku mengajakmu untuk menggunakan 𝗕𝗶𝗻𝗴𝗸𝗮𝗶 𝗗𝗮𝘂𝗻 𝗥𝗶𝗻𝗱𝗮𝗻𝗴 saat kamu menikmati kelezatan MBG dan menikmati acara yang meriah ini! 🍱https://t.co/vGA0O97Mr5,piknik musim panas rasanya kurang lengkap jika tidak dilengkapi atribut pesta aku mengajakmu untuk menggunakan 𝗕𝗶𝗻𝗴𝗸𝗮𝗶 𝗗𝗮𝘂𝗻 𝗥𝗶𝗻𝗱𝗮𝗻𝗴 saat kamu menikmati kelezatan mbg dan menikmati acara yang meriah ini,in,0,0,0,0,20,0,1_root,MBG[Latest],,negatif,-1,https://x.com/HEARTS2REBELS/status/2094349646990811375
2094349427041509691,2026-08-31 08:59:49,prnahmimpibasah,sarukaaann,8,@zah20336 @LambeSahamjja Ya itu lowongan kerja nyata dapur mbg kaya belanda buka loker KNIL soalnya ekonomi mencekik dan pajak kolonial tinggi,ya itu lowongan kerja nyata dapur mbg kaya belanda buka loker knil soalnya ekonomi mencekik dan pajak kolonial tinggi,in,0,0,1,0,348,0,1_root,MBG[Latest],,netral,0,https://x.com/prnahmimpibasah/status/2094349427041509691
2094349418061598779,2026-08-31 08:59:47,heartsoftwice,saymina,377,"@regar_op0sisi @prabowo Ya Allah 😭😭😭
Desil sialaaaannn buat ngakalin angka kemiskinan, trus ddana bansosnya dialihkan buat mbg n kopdes, program najissss",ya allah desil sialaaaannn buat ngakalin angka kemiskinan trus ddana bansosnya dialihkan buat mbg n kopdes program najissss,in,1,1,0,0,79,0,1_root,MBG[Latest],,netral,0,https://x.com/heartsoftwice/status/2094349418061598779
2094349366798815432,2026-08-31 08:59:34,verdigrische,͏͏͏͏Loka.,77,Bro berpikir kalau di sekolah cuma ada MBG.,bro berpikir kalau di sekolah cuma ada mbg,in,0,0,0,0,23,0,1_root,MBG[Latest],,netral,0,https://x.com/verdigrische/status/2094349366798815432
2094349347546943702,2026-08-31 08:59:30,BangBib4,bib new edition,18418,"Ya minimal kalau jadi pejabat meskipun ga pinter 2 amat otak nya dipakai sedikit , orang bodoh mana yang mau anak nya dikasih makanan tidak layak , makanya turun ke bawah tol0l sidak dadakan ,eh mana mungkin juga sidak dadakan  kan mbg untuk pencitraan ,liat menu yang mereka sajikan layak apa tidak 

Apalagi sekolah elite , tol0l kok dipupuk ya subur jadinya 

Sumber: CNN Indonesia
 https://t.co/FhfjfRLGTR",ya minimal kalau jadi pejabat meskipun ga pinter 2 amat otak nya dipakai sedikit orang bodoh mana yang mau anak nya dikasih makanan tidak layak makanya turun ke bawah tol0l sidak dadakan eh mana mungkin juga sidak dadakan kan mbg untuk pencitraan liat menu yang mereka sajikan layak apa tidak apalagi sekolah elite tol0l kok dipupuk ya subur jadinya sumber cnn indonesia,in,4,0,2,0,266,0,1_root,MBG[Latest],,positif,1,https://x.com/BangBib4/status/2094349347546943702
2094349274184339700,2026-08-31 08:59:12,DadHeros,Super Dad,2021,"@RA_leather Atau jangan-jangan arah finalnya emang kesini.. Atau win win solution untuk para penggarong. 

Opsi matinya padahal tinggal likuidasi program MBG kelar itu masalah.",atau jangan jangan arah finalnya emang kesini atau win win solution untuk para penggarong opsi matinya padahal tinggal likuidasi program mbg kelar itu masalah,in,0,0,0,0,3,0,1_root,MBG[Latest],,negatif,-1,https://x.com/DadHeros/status/2094349274184339700
2094349217238303120,2026-08-31 08:58:59,wenMoonn,wen moon,435,@bismillahyuk_ MBG oh MBG,mbg oh mbg,in,0,0,0,0,12,0,1_root,MBG[Latest],,netral,0,https://x.com/wenMoonn/status/2094349217238303120
2094349206823850294,2026-08-31 08:58:56,tulalulit,🦒🍉,363,"@LambeSahamjja good for you, berarti. mbg ini emg sengaja bikin orang bergantung sama mereka alias kalo ga ada mbg mereka pasti mikir gimana nyari duitnya, emg anjg ni pemerintah bgst",good for you berarti mbg ini emg sengaja bikin orang bergantung sama mereka alias kalo ga ada mbg mereka pasti mikir gimana nyari duitnya emg anjg ni pemerintah bgst,in,0,0,0,0,170,0,1_root,MBG[Latest],,netral,0,https://x.com/tulalulit/status/2094349206823850294
2094350595826286693,2026-08-31 09:04:27,MnestiaKiss,Lilac,15,@sakayunme Kayak udah kebaca banget yang minta MBG lanjut sampe kiamat tandanya antara dia owner dapur atau kecipratan proyek. 🤝🏻,kayak udah kebaca banget yang minta mbg lanjut sampe kiamat tandanya antara dia owner dapur atau kecipratan proyek,in,0,0,0,0,6,0,1_root,MBG[Latest],,netral,0,https://x.com/MnestiaKiss/status/2094350595826286693
2094349178692653278,2026-08-31 08:58:49,YOgpp12,Sha_yoga,10,"@osamudajaii Bapak, jangankan pesawat terbang. Kali ini mementingkan operasional MBG dan sppg😭🥺",bapak jangankan pesawat terbang kali ini mementingkan operasional mbg dan sppg,in,0,0,0,0,26,0,1_root,MBG[Latest],,netral,0,https://x.com/YOgpp12/status/2094349178692653278
2094348775863308500,2026-08-31 08:57:13,aisarangyou_,Ari,322,"Harusnya pajak di indonesia tuh dipake hal hal kayak gini, sanatorium dan sebagainya. Dibanding mbg huft :(",harusnya pajak di indonesia tuh dipake hal hal kayak gini sanatorium dan sebagainya dibanding mbg huft,in,0,0,0,0,6,0,1_root,MBG[Latest],,netral,0,https://x.com/aisarangyou_/status/2094348775863308500
2094348772369400059,2026-08-31 08:57:13,hartonomurta,Hartono Murta,223,Bangga dukung MBG bersama kita sehatkan negeri https://t.co/oUutExtc57,bangga dukung mbg bersama kita sehatkan negeri,in,0,0,0,0,3,0,1_root,MBG[Latest],,positif,1,https://x.com/hartonomurta/status/2094348772369400059
2094348633860898947,2026-08-31 08:56:40,haixensen,una,11424,MBG (MAS BAHLIL G*LA) https://t.co/niNfdklrcF,mbg mas bahlil g la,in,4,2,7,0,158,0,1_root,MBG[Latest],,netral,0,https://x.com/haixensen/status/2094348633860898947
2094348629641171441,2026-08-31 08:56:39,PribumiD,T'pung Pemadam😀,1007,"@RA_leather keselamatan dapur MBG lebih  prioritas dibanding keselamatan manusia, 6 juta perhari hilang kalau libur, hidup MBG😀😀",keselamatan dapur mbg lebih prioritas dibanding keselamatan manusia 6 juta perhari hilang kalau libur hidup mbg,in,0,0,0,0,5,0,1_root,MBG[Latest],,netral,0,https://x.com/PribumiD/status/2094348629641171441
2094348154091049194,2026-08-31 08:54:45,CHItrader,CHItrader,8068,"🛒 CONSUMER

🔹 $WMT: DoJ and DEA announced a $50M settlement over allegations that Walmart pharmacies filled thousands of invalid opioid and controlled-substance prescriptions.
▪️ $MBG: Mercedes-Benz launched a €1B share buyback.",consumer wmt doj and dea announced a 50m settlement over allegations that walmart pharmacies filled thousands of invalid opioid and controlled substance prescriptions mbg mercedes benz launched a 1b share buyback,en,0,0,0,0,241,0,1_root,MBG[Latest],,netral,0,https://x.com/CHItrader/status/2094348154091049194
2094348144549179710,2026-08-31 08:54:43,iman_hzl19,Iman Hzl,21,@LambeSahamjja kalo konoha mah tambah anggaran MBG... gak usah peduliin rakyat.. yg penting Circle nya dapet bagian..,kalo konoha mah tambah anggaran mbg gak usah peduliin rakyat yg penting circle nya dapet bagian,in,0,0,0,0,31,0,1_root,MBG[Latest],,netral,0,https://x.com/iman_hzl19/status/2094348144549179710
2094348113586855983,2026-08-31 08:54:36,yuharram,ؘ,654,"@Gyuvun wish you all the best abang gavi, finally it's the day for your birthdayyy! 22 tahun sudah punya dapur MBG siapa sangka... mungkin inilah yang di namakan gen z konglomerat. makan-makan jangan lupa yaa abang ^_^! https://t.co/Wle6SkZmbd",wish you all the best abang gavi finally it s the day for your birthdayyy 22 tahun sudah punya dapur mbg siapa sangka mungkin inilah yang di namakan gen z konglomerat makan makan jangan lupa yaa abang _,in,0,0,0,0,25,0,1_root,MBG[Latest],,netral,0,https://x.com/yuharram/status/2094348113586855983
2094348070209347637,2026-08-31 08:54:25,CinemaOnlineTR,Reehan,148,"@Smash1014314 MBG jalan terus, dua periode itu kepastian.  Semangat rakyat indon",mbg jalan terus dua periode itu kepastian semangat rakyat indon,in,0,0,0,0,12,0,1_root,MBG[Latest],,netral,0,https://x.com/CinemaOnlineTR/status/2094348070209347637
2094347938399199552,2026-08-31 08:53:54,beautiaf,Mumut. ☽,38132,@ecidhani ini mbg beneran bergizi namanya,ini mbg beneran bergizi namanya,in,0,0,0,0,8,0,1_root,MBG[Latest],,positif,1,https://x.com/beautiaf/status/2094347938399199552
2094347822657044885,2026-08-31 08:53:26,RichoShen,ShenRich,2488,@samuelliess Blm dpt mbg Elon gue bro,blm dpt mbg elon gue bro,in,0,0,0,0,3,0,1_root,MBG[Latest],,netral,0,https://x.com/RichoShen/status/2094347822657044885
2094347738003738705,2026-08-31 08:53:06,narkotba,anjani,23364,@cegilTreasure paji bilang makan siang - makan siang di YG (gratis) = MBG,paji bilang makan siang makan siang di yg gratis mbg,in,0,0,0,0,116,0,1_root,MBG[Latest],,positif,1,https://x.com/narkotba/status/2094347738003738705
2094347418083246180,2026-08-31 08:51:50,diyardps,DPS!,330,@aulinaid Bisalah berarti buka dapur mbg 🤣,bisalah berarti buka dapur mbg,in,0,0,1,0,5,0,1_root,MBG[Latest],,netral,0,https://x.com/diyardps/status/2094347418083246180
2094347406116548680,2026-08-31 08:51:47,sadili69920,Adil Nusantara,37,"@Sukaopini Dan keracunan MBG itu pasti akan terjadi lagi, karena perubahan yang dilakukan oleh BGN tdk menyentuh pada sebab terjadinya keracunan!",dan keracunan mbg itu pasti akan terjadi lagi karena perubahan yang dilakukan oleh bgn tdk menyentuh pada sebab terjadinya keracunan,in,0,0,0,0,9,0,1_root,MBG[Latest],,negatif,-2,https://x.com/sadili69920/status/2094347406116548680
2094347297215881615,2026-08-31 08:51:21,GlopotsiaTwo,Glopotsia2🔻,28,Apa sih dampak positif yang didapatkan dari MBG dan KopDes?,apa sih dampak positif yang didapatkan dari mbg dan kopdes,in,0,0,0,0,4,0,1_root,MBG[Latest],,positif,1,https://x.com/GlopotsiaTwo/status/2094347297215881615
2094347294779076963,2026-08-31 08:51:20,Abdulahmad2018,titikkomatanpaseru,126,"Bulan 1 sampai bulan 4 kemarin gw srmpat punya MBG, mengapa gw pindah alihkan ownernya..
Berasa aja apa yg gw dapat  dr MBG kyknya banyak banget yg perlu dibahas.

Kalian banyangin aja ngasih makan 2600 kepala dikasih 500juta dalam 12hari.

Apa menjamur yg punya MBG tuh? 🤣🤣",bulan 1 sampai bulan 4 kemarin gw srmpat punya mbg mengapa gw pindah alihkan ownernya berasa aja apa yg gw dapat dr mbg kyknya banyak banget yg perlu dibahas kalian banyangin aja ngasih makan 2600 kepala dikasih 500juta dalam 12hari apa menjamur yg punya mbg tuh,in,0,0,0,0,9,0,1_root,MBG[Latest],,netral,0,https://x.com/Abdulahmad2018/status/2094347294779076963
2094347286855979206,2026-08-31 08:51:18,whiskerblooms,h🐈,346,@wartafana bukan naykilla tp MBG dan sound' gajelas lainnya tu tau dari temen sekitarnya pliss kesel,bukan naykilla tp mbg dan sound gajelas lainnya tu tau dari temen sekitarnya pliss kesel,in,0,0,0,0,2,0,1_root,MBG[Latest],,netral,0,https://x.com/whiskerblooms/status/2094347286855979206
2094347283944931771,2026-08-31 08:51:18,wynn_31_,Wynn,129,@wangyaqua Yang penting MBG dulu bos https://t.co/Qn7BTYccYa,yang penting mbg dulu bos,in,1,0,0,0,12,0,1_root,MBG[Latest],,netral,0,https://x.com/wynn_31_/status/2094347283944931771
2094347152143311026,2026-08-31 08:50:46,shitnvrhappened,K.,335,@kaoskakimartin mbg,mbg,und,0,0,0,0,14,0,1_root,MBG[Latest],,netral,0,https://x.com/shitnvrhappened/status/2094347152143311026
2094347124117000212,2026-08-31 08:50:40,bbynvrlose,bbayy,6,@dosenkesmas MBG LEBIH PENTING DARIPADA KESEHATAN ANAK? TOLOL!,mbg lebih penting daripada kesehatan anak tolol,in,0,0,0,0,11,0,1_root,MBG[Latest],,netral,0,https://x.com/bbynvrlose/status/2094347124117000212
2093322234375107012,2026-08-28 12:58:07,piy0ojen,syifiya,4924,"Ada gak ya panti asuhan yang nerima gua (umur 22 tahun) lagi sakit tbc kelenjar &amp; laring. Bisa jait tangan, bisa masak, pokoknya gak bakal nyusahin bgt. Nanti kalo udah bisa kerja, pasti gue bakal bales budi. Demi apapun gak tau mau kmna https://t.co/EzjMyglAZh",ada gak ya panti asuhan yang nerima gua umur 22 tahun lagi sakit tbc kelenjar amp laring bisa jait tangan bisa masak pokoknya gak bakal nyusahin bgt nanti kalo udah bisa kerja pasti gue bakal bales budi demi apapun gak tau mau kmna,in,53343,2407,749,167,8982546,0,1_root,MBG[Latest],,netral,0,https://x.com/piy0ojen/status/2093322234375107012
2094347108593852463,2026-08-31 08:50:36,Alfiravt,Alfira,285,"Pemerintah terbuka dengar rekomendasi Muktamar NU ke-35 agar anggaran pendidikan tetap fokus pada kualitas anak, bukan untuk membiayai MBG. #jagaindonesia #PendidikanPrioritas #MuktamarNU https://t.co/8SNJcTcXpt",pemerintah terbuka dengar rekomendasi muktamar nu ke 35 agar anggaran pendidikan tetap fokus pada kualitas anak bukan untuk membiayai mbg jagaindonesia pendidikanprioritas muktamarnu,in,0,0,0,0,15,0,1_root,MBG[Latest],,netral,0,https://x.com/Alfiravt/status/2094347108593852463
2094347072543895860,2026-08-31 08:50:27,flowierosess,daijelly|| Mr.Fanboy📸,667,"This is daur ulang MBG😀

From this.                      To this https://t.co/dHqc1k8pxW",this is daur ulang mbg from this to this,en,0,0,2,0,57,0,1_root,MBG[Latest],,netral,0,https://x.com/flowierosess/status/2094347072543895860
2094347048590151905,2026-08-31 08:50:22,cegilTreasure,yuyum𐙚,2060,@narkotba Kak... Mikirin MBG bgt nih??😭😭,kak mikirin mbg bgt nih,in,0,0,1,0,137,0,1_root,MBG[Latest],,netral,0,https://x.com/cegilTreasure/status/2094347048590151905
2094346890179674179,2026-08-31 08:49:44,wonlywonuo,caratmel🍿,198,@lubis_fauza @dodisegrovee Oalah titlenya bukan orang pendidikan? Pantes kebijakannya ngawur. Ga libur total tapi jamnya dikurangi yg penting ada kesempatan mbg masuk ke sekolah yg ada siswanya,oalah titlenya bukan orang pendidikan pantes kebijakannya ngawur ga libur total tapi jamnya dikurangi yg penting ada kesempatan mbg masuk ke sekolah yg ada siswanya,in,0,0,0,0,3,0,1_root,MBG[Latest],,netral,0,https://x.com/wonlywonuo/status/2094346890179674179
2094346876942512312,2026-08-31 08:49:41,zeKalyne99,zXCavern_bot,26,"@dosenkesmas si ajg lagi kena bencana masih mikirin MBG, otaknya dmn si bgst",si ajg lagi kena bencana masih mikirin mbg otaknya dmn si bgst,in,0,0,0,0,7,0,1_root,MBG[Latest],,negatif,-1,https://x.com/zeKalyne99/status/2094346876942512312
2094346862048514253,2026-08-31 08:49:37,ahadrifky,AhadNet 🐦,185,@dosenkesmas Jadi MBG sebenernya buat SIAPA???,jadi mbg sebenernya buat siapa,in,0,0,0,0,7,0,1_root,MBG[Latest],,netral,0,https://x.com/ahadrifky/status/2094346862048514253
2094346802870792627,2026-08-31 08:49:23,bknantekaxing,El,2050,@satirnesia Slah satu tempat dajjal ga bisa masuk: dapur mbg 🗿,slah satu tempat dajjal ga bisa masuk dapur mbg,in,0,0,0,0,12,0,1_root,MBG[Latest],,netral,0,https://x.com/bknantekaxing/status/2094346802870792627
2094346777571000421,2026-08-31 08:49:17,lorongbahagia,hai awan,304,@Dody08810891 Iya btul. Kiamat dunia klo mbg tutup,iya btul kiamat dunia klo mbg tutup,in,0,0,0,0,2,0,1_root,MBG[Latest],,netral,0,https://x.com/lorongbahagia/status/2094346777571000421
2094346694280286411,2026-08-31 08:48:57,ManusiaBebas00,S.Pd,31,@sxrbael hati² bro buzzer MBG bisa langsung cap Lo anak Abah pasukan sakit hati dan org yg tidak mau anak Indonesia cerdas karena MBG,hati² bro buzzer mbg bisa langsung cap lo anak abah pasukan sakit hati dan org yg tidak mau anak indonesia cerdas karena mbg,in,0,0,0,0,20,0,1_root,MBG[Latest],,netral,0,https://x.com/ManusiaBebas00/status/2094346694280286411
2094346674814820370,2026-08-31 08:48:53,SUREPREMEs,✦,539,❦ … Piknik musim panas rasanya kurang lengkap jika tidak dilengkapi atribut pesta. Aku mengajakmu untuk menggunakan 𝗕𝗶𝗻𝗴𝗸𝗮𝗶 𝗗𝗮𝘂𝗻 𝗥𝗶𝗻𝗱𝗮𝗻𝗴 saat kamu menikmati kelezatan MBG dan menikmati acara yang meriah ini! 🍱,piknik musim panas rasanya kurang lengkap jika tidak dilengkapi atribut pesta aku mengajakmu untuk menggunakan 𝗕𝗶𝗻𝗴𝗸𝗮𝗶 𝗗𝗮𝘂𝗻 𝗥𝗶𝗻𝗱𝗮𝗻𝗴 saat kamu menikmati kelezatan mbg dan menikmati acara yang meriah ini,in,0,0,0,0,4,0,1_root,MBG[Latest],,negatif,-1,https://x.com/SUREPREMEs/status/2094346674814820370
2094346491066565015,2026-08-31 08:48:09,kyuniverseu,han—,441,disuruh tetep sekolah demi mbg tetep jalan tuh oh god bet your brain ada di pantat ya,disuruh tetep sekolah demi mbg tetep jalan tuh oh god bet your brain ada di pantat ya,in,0,0,0,0,8,0,1_root,MBG[Latest],,netral,0,https://x.com/kyuniverseu/status/2094346491066565015
2094346441208815767,2026-08-31 08:47:57,Srik4ndiMuslim2,SrikandiMuslim2,9580,"@NegeriKorup4545 Yang bisa tertawa bersama akan bisa bekerja sama. Demikian ungkapan lamae.
Prabowo bisa ketawa bersama Jokowi, Luhut sehingga bisa bekerja sama. Diajak korupsi lewat MBG, danantara, Kopdes semua OK
#KorupsiMarakEraJokowi 

Prabowo kacung Jokowi 
#KorupsiMarakEraJokowi",yang bisa tertawa bersama akan bisa bekerja sama demikian ungkapan lamae prabowo bisa ketawa bersama jokowi luhut sehingga bisa bekerja sama diajak korupsi lewat mbg danantara kopdes semua ok korupsimarakerajokowi prabowo kacung jokowi korupsimarakerajokowi,in,0,0,0,0,16,0,1_root,MBG[Latest],,negatif,-1,https://x.com/Srik4ndiMuslim2/status/2094346441208815767
2094346307880292421,2026-08-31 08:47:25,ujiaz,⋆ jia jiao ⋆,208,"nyawa manusia lu pada anggap statistik doang apa gimana? lu aja sana tetep pergi sekolah di antara asap yang sebegitu buruknya. egois bgt, God. manusia apa bukan dah lu? hati nuraninya ke mana? mentingin mbg twtep jalan dibanding kesehatan anak tuh bnr bnr gak masuk akal",nyawa manusia lu pada anggap statistik doang apa gimana lu aja sana tetep pergi sekolah di antara asap yang sebegitu buruknya egois bgt god manusia apa bukan dah lu hati nuraninya ke mana mentingin mbg twtep jalan dibanding kesehatan anak tuh bnr bnr gak masuk akal,in,0,0,0,0,7,0,1_root,MBG[Latest],,netral,0,https://x.com/ujiaz/status/2094346307880292421
2094346264892875221,2026-08-31 08:47:15,GAWONkidz,𝑪aroline.,126,@LOEYkidz Hari ini ga sebar mbg lagi nu?,hari ini ga sebar mbg lagi nu,in,0,0,1,0,11,0,1_root,MBG[Latest],,netral,0,https://x.com/GAWONkidz/status/2094346264892875221
2094346068620173388,2026-08-31 08:46:28,ikhsan_ikhwan_,ikhsannnn,255,@unmagnetism Buat  dapur mbg un,buat dapur mbg un,in,0,0,0,0,1,0,1_root,MBG[Latest],,netral,0,https://x.com/ikhsan_ikhwan_/status/2094346068620173388
2094346036814954684,2026-08-31 08:46:20,hc_njm,🌻,1272,"@roseardiean minimal lu punya hati nurani buat masyarakat korban pemerintah zholim. lu kemana aja pas ribuan anak keracunan mbg, hutan dibakar, dolar naik, harga sembako naik, semua masalah di negeri ini lu kemana aja? sibuk banggain presiden zholim lu itu? ga ada lu peduli sama rakyat?",minimal lu punya hati nurani buat masyarakat korban pemerintah zholim lu kemana aja pas ribuan anak keracunan mbg hutan dibakar dolar naik harga sembako naik semua masalah di negeri ini lu kemana aja sibuk banggain presiden zholim lu itu ga ada lu peduli sama rakyat,in,0,0,0,0,8,0,1_root,MBG[Latest],,negatif,-2,https://x.com/hc_njm/status/2094346036814954684
2094345991067721893,2026-08-31 08:46:09,goldaxex,Goldaxex,19,"@punkpinggiran Kalo gak mau di goblok goblokin ya beli pesawat pemadam, alihin dulu dana proyek kopdes or mbg",kalo gak mau di goblok goblokin ya beli pesawat pemadam alihin dulu dana proyek kopdes or mbg,in,0,0,0,0,6,0,1_root,MBG[Latest],,netral,0,https://x.com/goldaxex/status/2094345991067721893
2094345917067645325,2026-08-31 08:45:52,spamwithjie,jii,281,"kontol, setiap berita ini lewat cuma bisa hina dan istigfar ajaaa. KY OTAKE ORE DIENGGO APA YH ISHH PUKIMAKKK SEPENTING APASIH MBG ANJINK",kontol setiap berita ini lewat cuma bisa hina dan istigfar ajaaa ky otake ore dienggo apa yh ishh pukimakkk sepenting apasih mbg anjink,in,0,0,0,0,3,0,1_root,MBG[Latest],,netral,0,https://x.com/spamwithjie/status/2094345917067645325
2094345901095690378,2026-08-31 08:45:48,BedilKudil,B3d1L,40,@LambeSahamjja Tujuan MBG adalah adu domba rakyat,tujuan mbg adalah adu domba rakyat,in,0,0,0,0,9,0,1_root,MBG[Latest],,netral,0,https://x.com/BedilKudil/status/2094345901095690378
2094345684187275276,2026-08-31 08:44:56,Kamalsdiary,Nabila,246,@iyoownn MBG (my boy gue),mbg my boy gue,in,0,0,0,0,6,0,1_root,MBG[Latest],,netral,0,https://x.com/Kamalsdiary/status/2094345684187275276
2094043978018763231,2026-08-30 12:46:04,bismillahyuk_,hot cocoa,14320,"""Gate to The Hell""

Kodisi malam ini Jembatan Tumbang Nusa Kabupaten Pulang Pisau, Provinsi Kalimantan Tengah 💔

Semoga segera diturunkan Hujan 🥹

#PrayforKalimantan #AllEyesonIndonesia https://t.co/mvbATYC6r9",gate to the hell kodisi malam ini jembatan tumbang nusa kabupaten pulang pisau provinsi kalimantan tengah semoga segera diturunkan hujan prayforkalimantan alleyesonindonesia,in,8679,5463,84,150,673439,0,1_root,MBG[Top],,netral,0,https://x.com/bismillahyuk_/status/2094043978018763231
2094071057061990452,2026-08-30 14:33:40,awaaannnn__,fin,13636,"KOPDES 83rb DALAM 2 TAHUN TUH KAYA GILAAA BGT SINT1NG!!
kepemerintahan pr4bowo ini bener-bener ga ngerti prioritas ya. bayangin kopdes 83rb, rumah sakit + puskesmas cuma 13rb. bahkan perguruan tinggi aja cuma 4rb. EMANG NEGARA GIL*AAAAA. kesehatan dan pendidikan ga penting-penting amat disini, semua kopdes dan mbg dirayakan 🙂",kopdes 83rb dalam 2 tahun tuh kaya gilaaa bgt sint1ng kepemerintahan pr4bowo ini bener bener ga ngerti prioritas ya bayangin kopdes 83rb rumah sakit puskesmas cuma 13rb bahkan perguruan tinggi aja cuma 4rb emang negara gil aaaaa kesehatan dan pendidikan ga penting penting amat disini semua kopdes dan mbg dirayakan,in,4094,1931,61,160,48918,0,1_root,MBG[Top],,netral,0,https://x.com/awaaannnn__/status/2094071057061990452
2093898432360722556,2026-08-30 03:07:43,LambeSahamjja,Lambe Saham,79928,"Silent majority:
- Pajak naik? Silent
- Desil ngawur? Silent
- MBG &amp; kopdes ga jelas? Silent
- Ada bencana? Silent
- Ada korupsi? Silent https://t.co/vAGerVb5n1",silent majority pajak naik silent desil ngawur silent mbg amp kopdes ga jelas silent ada bencana silent ada korupsi silent,in,46251,13414,784,1060,755799,0,1_root,MBG[Top],,negatif,-2,https://x.com/LambeSahamjja/status/2093898432360722556
2094212054454509925,2026-08-30 23:53:57,sxrbael,el,273,"Goblok lu anjing siapapun lu semoga cepat mati, nih kondisi gw nganter adek barusan. Lu liat asap nya gmna goblog

MBG MULU ANJING YG DIURUSIN PARU2 ANAK ANAK GAK https://t.co/MkWMMLSkYh",goblok lu anjing siapapun lu semoga cepat mati nih kondisi gw nganter adek barusan lu liat asap nya gmna goblog mbg mulu anjing yg diurusin paru2 anak anak gak,in,15031,4550,39,27,133397,0,1_root,MBG[Top],,positif,1,https://x.com/sxrbael/status/2094212054454509925
2094115410056749473,2026-08-30 17:29:55,SoundOfYogi,Yogi Natasukma™,46204,"""Gpp anak kena asap, daripada MBG mati""

Jelas ya, MBG BUKAN untuk anak",gpp anak kena asap daripada mbg mati jelas ya mbg bukan untuk anak,in,36000,13790,209,404,444028,0,1_root,MBG[Top],,netral,0,https://x.com/SoundOfYogi/status/2094115410056749473
2089677962241364195,2026-08-18 11:37:05,intinyadeh,intinyadeh,279507,"#intinyadeh petugas SPPG berumur 25thn yg bertugas bagiin MBG ke sekolah chat mesum dgn salah satu anak kelas 5 SD.

Ngirim foto penis, video dia lagi masturbasi, ngajak VCS, minta si anak kirim2 pap, dsb.",intinyadeh petugas sppg berumur 25thn yg bertugas bagiin mbg ke sekolah chat mesum dgn salah satu anak kelas 5 sd ngirim foto penis video dia lagi masturbasi ngajak vcs minta si anak kirim2 pap dsb,in,4039,862,75,91,227596,0,1_root,MBG[Top],,negatif,-1,https://x.com/intinyadeh/status/2089677962241364195
2089552693346148352,2026-08-18 03:19:18,independentjawa,Jawa Bukan Hama,2921,Isi chat mesum petugas MBG kepada anak kelas 5 SD https://t.co/m70pSnLQho,isi chat mesum petugas mbg kepada anak kelas 5 sd,in,50557,6576,2114,4066,7221414,0,1_root,MBG[Top],,netral,0,https://x.com/independentjawa/status/2089552693346148352
2094212656194547906,2026-08-30 23:56:20,satirnesia,dow,3724,"dan kalian tau? istri dia ini dokter spesialis paru, yang udah pasti salah satu case yang ditangani itu berkaitan sama pernapasan. harusnya sih paham kalo asap karhutla tuh berbahaya bgt buat semua orang, apalagi anak-anak.

kadisdik ini ngomongin keresahan dapur MBG yang mati, itu antara instruksi dari pusat atau emang dia punya dapur juga. 😹

gua gak paham di tengah situasi begitu, mereka semua malah fokus sama MBG. pengen banget dah gua liat mereka kejatuhan ompreng.",dan kalian tau istri dia ini dokter spesialis paru yang udah pasti salah satu case yang ditangani itu berkaitan sama pernapasan harusnya sih paham kalo asap karhutla tuh berbahaya bgt buat semua orang apalagi anak anak kadisdik ini ngomongin keresahan dapur mbg yang mati itu antara instruksi dari pusat atau emang dia punya dapur juga gua gak paham di tengah situasi begitu mereka semua malah fokus sama mbg pengen banget dah gua liat mereka kejatuhan ompreng,in,2212,851,52,31,41621,0,1_root,MBG[Top],,negatif,-1,https://x.com/satirnesia/status/2094212656194547906
2092572334687424640,2026-08-26 11:18:17,ARSIPAJA,Jejak digital.,194171,"Prabowo ke Korban Gempa di Nagekeo, NTT:
Saya dapat laporan dari Bapak Bupati bahwa rakyat Kabupaten Nagekeo itu merasakan manfaat dari MBG, apa benar itu? Mau diteruskan atau tidak? https://t.co/5VGVobkL2q",prabowo ke korban gempa di nagekeo ntt saya dapat laporan dari bapak bupati bahwa rakyat kabupaten nagekeo itu merasakan manfaat dari mbg apa benar itu mau diteruskan atau tidak,in,31965,6893,4940,12237,3224831,0,1_root,MBG[Top],,netral,0,https://x.com/ARSIPAJA/status/2092572334687424640
2093680192908898320,2026-08-29 12:40:31,rebukanrain,Rebukanre,8278,"Golkar bikin serial animasi yang ceritain hidup Bahlill sewaktu kecil . 

Judulnya “ Melangkah dari Timur “

Apakah lagu MBG akan menjadi official soundtracknya ?? https://t.co/luu1mytuNw",golkar bikin serial animasi yang ceritain hidup bahlill sewaktu kecil judulnya melangkah dari timur apakah lagu mbg akan menjadi official soundtracknya,in,181,18,85,110,140465,0,1_root,MBG[Top],,netral,0,https://x.com/rebukanrain/status/2093680192908898320
2093656465483747423,2026-08-29 11:06:14,dosenkesmas,MinDos,25868,"SUSU MBG
Tgl expired: 27 Maret 2021
Dibagikan: 28 Agustus 2026

Apa mungkin maksudnya 27 Maret 2027 ya? https://t.co/aDM2l6q2C9",susu mbg tgl expired 27 maret 2021 dibagikan 28 agustus 2026 apa mungkin maksudnya 27 maret 2027 ya,in,1718,573,92,31,72426,0,1_root,MBG[Top],,netral,0,https://x.com/dosenkesmas/status/2093656465483747423
2093670827875238302,2026-08-29 12:03:18,GYUVINDEER,GYUVINS! 🦌,1163,"⠀
🍱 Preng… preng… preng… ✶ Ompreng sudah berbunyi, aku ajak kalian untuk menguji keberuntungan kalian di dalam 𝗜𝘀𝗶 𝗢𝗺𝗽𝗿𝗲𝗻𝗴 𝗠𝗕𝗚 𝗚𝘆𝘂𝘃𝗶𝗻 yang berkilau ini. Yuk ambil satu, siapa tau kalian berhasil mendapatkan bekal paling bergizi! 👨🏻‍🍳
⠀ https://t.co/objs8qZpjI",preng preng preng ompreng sudah berbunyi aku ajak kalian untuk menguji keberuntungan kalian di dalam 𝗜𝘀𝗶 𝗢𝗺𝗽𝗿𝗲𝗻𝗴 𝗠𝗕𝗚 𝗚𝘆𝘂𝘃𝗶𝗻 yang berkilau ini yuk ambil satu siapa tau kalian berhasil mendapatkan bekal paling bergizi,in,405,461,133,73,45580,0,1_root,MBG[Top],,positif,2,https://x.com/GYUVINDEER/status/2093670827875238302
2093121653098340633,2026-08-27 23:41:05,winterwitchie,nana 🍓,840,"Padahal udah kelihatan kalau MBG cuma bermanfaat buat segelintir orang, sedangkan pendidikan &amp; kesehatan bisa untuk SEMUA orang, tapi si gendut bodoh berbiji satu ini tetap kekeuh MBG itu program terbaiknya. Bener-bener nirempati final boss 😅",padahal udah kelihatan kalau mbg cuma bermanfaat buat segelintir orang sedangkan pendidikan amp kesehatan bisa untuk semua orang tapi si gendut bodoh berbiji satu ini tetap kekeuh mbg itu program terbaiknya bener bener nirempati final boss,in,15317,5808,32,57,98766,0,1_root,MBG[Top],,positif,1,https://x.com/winterwitchie/status/2093121653098340633
2093250337113276509,2026-08-28 08:12:25,rizalakbarm_,A Professional Overthinker,7342,"7 dosa besar prabowo:

1. mbg
2. kopdes
3. food estate
4. rupiah turun
5. deforestasi 
6. ruu tni &amp; polri
7. mengira dosanya cuma 7",7 dosa besar prabowo 1 mbg 2 kopdes 3 food estate 4 rupiah turun 5 deforestasi 6 ruu tni amp polri 7 mengira dosanya cuma 7,in,78657,28943,203,219,472874,0,1_root,MBG[Top],,netral,0,https://x.com/rizalakbarm_/status/2093250337113276509
2090994862015598975,2026-08-22 02:49:58,veesara__,Pochin,526,"""kita hentikan dulu MBG sementara agar dananya bisa dialokasikan ke korban bencana""

MISAAAAAALLLL",kita hentikan dulu mbg sementara agar dananya bisa dialokasikan ke korban bencana misaaaaaallll,in,78546,18172,361,1000,650002,0,1_root,MBG[Top],,negatif,-1,https://x.com/veesara__/status/2090994862015598975
2093520201371550126,2026-08-29 02:04:46,bismillahyuk_,hot cocoa,14320,"GILA YA MBG!

Ini MBG di Bogor untuk anak TK pake susu ini‼️

Anggaran segede itu bisa2nya untuk susu malah di pake buat beli minuman kemasan yang ga jelas dan  sampe ada tulisan ""rasa susu"" 🤯🤬

Cek kandungan nya: AIR 86%!

Gimana mau Menuju Indonesia Emas 2045 ini woi?! https://t.co/A9HrKuLx2v",gila ya mbg ini mbg di bogor untuk anak tk pake susu ini anggaran segede itu bisa2nya untuk susu malah di pake buat beli minuman kemasan yang ga jelas dan sampe ada tulisan rasa susu cek kandungan nya air 86 gimana mau menuju indonesia emas 2045 ini woi,in,28212,8425,937,1354,3244954,0,1_root,MBG[Top],,netral,0,https://x.com/bismillahyuk_/status/2093520201371550126
2094289700077146484,2026-08-31 05:02:29,sosmedkeras,sosmed keras,5515802,"Pernyataan Kadisdik Kalteng yang menolak meliburkan sekolah di tengah pekatnya kabut asap memicu kritik tajam publik. Alasan utama yang dilontarkan pejabat tersebut, yakni kekhawatiran operasional Dapur Makan Bergizi Gratis (MBG) dan kantin akan mati, serta anggapan spekulatif bahwa anak-anak akan keluyuran ke kafe dinilai memperlihatkan pembalikan skala prioritas dan cacat logika yang nyata dalam penentuan kebijakan.

Pernyataan ini mencerminkan pengalihan isu (red herring) yang berbahaya, di mana ancaman nyata ISPA dan kerusakan paru-paru anak justru kalah penting dibanding urusan administratif logistik makanan. Padahal, program MBG dihadirkan untuk meningkatkan kualitas kesehatan siswa. Memaksa anak-anak menghirup udara beracun demi menjaga kelancaran operasional program adalah bentuk paradoks yang kontradiktif. Kebijakan ini juga terjebak dalam dilema palsu (false dilemma) yang mengesankan seolah opsi yang ada hanyalah memaksa sekolah tetap buka atau membiarkan dapur mati.

Pemerintah daerah seharusnya mengambil solusi adaptif tanpa menumbalkan keselamatan fisik warga sekolah. Langkah nyata yang bisa diambil adalah mengalihkan proses belajar ke Pembelajaran Jarak Jauh (PJJ) selama Indeks Standar Pencemar Udara (ISPU) berada di level berbahaya. Sementara itu, Dapur MBG tetap bisa berjalan dengan mengubah skema penyaluran makanan secara langsung ke rumah siswa (door-to-door). Kebijakan publik sudah sepatutnya berpihak pada keselamatan jiwa manusia, bukan sekadar pemenuhan Laporan Operasional Program.

Gimana pendapat kalian der?",pernyataan kadisdik kalteng yang menolak meliburkan sekolah di tengah pekatnya kabut asap memicu kritik tajam publik alasan utama yang dilontarkan pejabat tersebut yakni kekhawatiran operasional dapur makan bergizi gratis mbg dan kantin akan mati serta anggapan spekulatif bahwa anak anak akan keluyuran ke kafe dinilai memperlihatkan pembalikan skala prioritas dan cacat logika yang nyata dalam penentuan kebijakan pernyataan ini mencerminkan pengalihan isu red herring yang berbahaya di mana ancaman nyata ispa dan kerusakan paru paru anak justru kalah penting dibanding urusan administratif logistik makanan padahal program mbg dihadirkan untuk meningkatkan kualitas kesehatan siswa memaksa anak anak menghirup udara beracun demi menjaga kelancaran operasional program adalah bentuk paradoks yang kontradiktif kebijakan ini juga terjebak dalam dilema palsu false dilemma yang mengesankan seolah opsi yang ada hanyalah memaksa sekolah tetap buka atau membiarkan dapur mati pemerintah daerah seharusnya mengambil solusi adaptif tanpa menumbalkan keselamatan fisik warga sekolah langkah nyata yang bisa diambil adalah mengalihkan proses belajar ke pembelajaran jarak jauh pjj selama indeks standar pencemar udara ispu berada di level berbahaya sementara itu dapur mbg tetap bisa berjalan dengan mengubah skema penyaluran makanan secara langsung ke rumah siswa door to door kebijakan publik sudah sepatutnya berpihak pada keselamatan jiwa manusia bukan sekadar pemenuhan laporan operasional program gimana pendapat kalian der,in,235,74,47,8,19337,0,1_root,MBG[Top],,positif,2,https://x.com/sosmedkeras/status/2094289700077146484
2094191075296739715,2026-08-30 22:30:35,dosenkesmas,MinDos,25868,"Leader salah satu sekolah elite: KAMI TIDAK PERNA SEKALIPUN TERIMA MBG!

Lah lah lah...
Jadi kemanakah pergi anggarannya? https://t.co/bOb5MjHIi4",leader salah satu sekolah elite kami tidak perna sekalipun terima mbg lah lah lah jadi kemanakah pergi anggarannya,in,63,27,6,0,2311,0,1_root,MBG[Top],,negatif,-1,https://x.com/dosenkesmas/status/2094191075296739715
2093855944883249353,2026-08-30 00:18:53,dosenkesmas,MinDos,25868,"Sekolah tersebut diantaranya: Jakarta Intercultural School (JIS), Cikal, Taruna Nusantara, Kemala Bhayangkari, dan Taruna Bhayangkara.

Jadi Zulhas bilang bahwa target perbaikan tata kelola BGN itu sampai 20 Oktober bagi pengurus BGN yang baru.

Ingat ya 20 Oktober. https://t.co/XnmkOmG008",sekolah tersebut diantaranya jakarta intercultural school jis cikal taruna nusantara kemala bhayangkari dan taruna bhayangkara jadi zulhas bilang bahwa target perbaikan tata kelola bgn itu sampai 20 oktober bagi pengurus bgn yang baru ingat ya 20 oktober,in,40,6,16,4,12919,0,1_root,MBG[Top],,netral,0,https://x.com/dosenkesmas/status/2093855944883249353
2093182834177638809,2026-08-28 03:44:11,ObiWan_Catnobi,Ahlus Soresu wal Djem So,21107,"Gara-gara MBG &amp; KDMP, Puskesmas jadi ga punya obat.

Bebek peliharaanmu dapet makan gratis, tapi kalo anak istrimu sakit, Puskesmas ga punya obat",gara gara mbg amp kdmp puskesmas jadi ga punya obat bebek peliharaanmu dapet makan gratis tapi kalo anak istrimu sakit puskesmas ga punya obat,in,15492,5742,50,102,173199,0,1_root,MBG[Top],,positif,1,https://x.com/ObiWan_Catnobi/status/2093182834177638809
2094083461233721512,2026-08-30 15:22:58,punkpinggiran,cino,5786,"Kepala Dinas Pendidikan (Kadisdik) Provinsi Kalimantan Tengah: 

""Ketika sekolah libur karna asap ini berakibat pada dapur-dapur MBG mati dan juga anak-anak yang harusnya dirumah malah ke kafe-kafe lalu buat masalah""

Ehh pak, anda punya dapur MBG? Kayaknya pusing banget akan rugi 😂

Satu lagi pak, anak-anak yang dirumah juga nggak akan keluar rumah pas asap separah ini, kok aneh banget analisa pejabat ini 😂😂😂",kepala dinas pendidikan kadisdik provinsi kalimantan tengah ketika sekolah libur karna asap ini berakibat pada dapur dapur mbg mati dan juga anak anak yang harusnya dirumah malah ke kafe kafe lalu buat masalah ehh pak anda punya dapur mbg kayaknya pusing banget akan rugi satu lagi pak anak anak yang dirumah juga nggak akan keluar rumah pas asap separah ini kok aneh banget analisa pejabat ini,in,494,237,39,46,58110,0,1_root,MBG[Top],,negatif,-1,https://x.com/punkpinggiran/status/2094083461233721512
2093870916241678521,2026-08-30 01:18:23,punkpinggiran,cino,5786,Orang kaya mana mau pak kalo anaknya tiba-tiba keracunan https://t.co/4LssxkZ2ju,orang kaya mana mau pak kalo anaknya tiba tiba keracunan,in,982,156,85,28,51076,0,1_root,MBG[Top],,negatif,-1,https://x.com/punkpinggiran/status/2093870916241678521
2051893470034628991,2026-05-06 05:15:00,tempodotco,tempo.co,2533930,JUST IN: BEM IPB Menolak Kampus Mengelola Dapur MBG,just in bem ipb menolak kampus mengelola dapur mbg,in,10995,2261,124,256,465627,0,1_root,MBG[Top],,negatif,-1,https://x.com/tempodotco/status/2051893470034628991
2043924988059889707,2026-04-14 05:31:06,dittolongdit,adit surowidjojo,1472,"“kok lu nentang amat, kritis amat si sama MBG?” https://t.co/xtschMLxdF",kok lu nentang amat kritis amat si sama mbg,in,103429,33068,268,648,1733954,0,1_root,MBG[Top],,netral,0,https://x.com/dittolongdit/status/2043924988059889707
2094256057069732138,2026-08-31 02:48:48,tubbirfess,tubina,404154,"Anak mati karena ispa gapapa. MBG mati gaboleh.

JAILLL ANJJJJ",anak mati karena ispa gapapa mbg mati gaboleh jailll anjjjj,in,10788,3155,8,42,96296,0,1_root,MBG[Top],,netral,0,https://x.com/tubbirfess/status/2094256057069732138
2094262352069955989,2026-08-31 03:13:48,Smash1014314,Kang Bahar,2518,"ini dia kadisdik kalimantan tengah yang lagi viral, gara-gara bocoran zoom meetingnya menyarankan supaya anak sekolah gak diliburkan terkait asap dan polusi akibat karhutla, demi mbg tetap jalan.

laknat! 😭 https://t.co/xYWF23ago8",ini dia kadisdik kalimantan tengah yang lagi viral gara gara bocoran zoom meetingnya menyarankan supaya anak sekolah gak diliburkan terkait asap dan polusi akibat karhutla demi mbg tetap jalan laknat,in,6887,2670,224,189,86332,0,1_root,MBG[Top],,netral,0,https://x.com/Smash1014314/status/2094262352069955989
2093943996733411476,2026-08-30 06:08:47,liogtttscrp,elzgatza,14117,"Silent Majority:
Rupiah lemah? Silent
Keracunan MBG? Silent
Kopdes asal jadi? Silent
Hutang RI naik 300%? Silent
Pajak naik? Silent
Desil ngawur? Silent
Ada bencana? Silent
Ada korupsi? Silent

Bisanya cuma koar2 ""Kami tetap ada di barisan Bapak"" sambil pasang foto item putih ala ala in memoriam awikwok",silent majority rupiah lemah silent keracunan mbg silent kopdes asal jadi silent hutang ri naik 300 silent pajak naik silent desil ngawur silent ada bencana silent ada korupsi silent bisanya cuma koar2 kami tetap ada di barisan bapak sambil pasang foto item putih ala ala in memoriam awikwok,in,1200,535,79,58,29737,0,1_root,MBG[Top],,negatif,-3,https://x.com/liogtttscrp/status/2093943996733411476
2088438060061176026,2026-08-15 01:30:09,khanifirsyad,Khanif Irsyad,19274,"Prioritas anggaran tebalik. Nyawa manusia kalah sm ompreng &amp; kopdes. 

Liat saja anggaran 2026:
- MBG = Rp268 triliun
- KDMP = Rp240 triliun 
- BNPB = Rp491 miliar

Indonesia negara paling rawan bencana di dunia. Tapi dana BNPB dipangkas dari Rp2 T jadi Rp491 M.

#PrayForNTT 🙏🏻",prioritas anggaran tebalik nyawa manusia kalah sm ompreng amp kopdes liat saja anggaran 2026 mbg rp268 triliun kdmp rp240 triliun bnpb rp491 miliar indonesia negara paling rawan bencana di dunia tapi dana bnpb dipangkas dari rp2 t jadi rp491 m prayforntt,in,8207,5590,60,96,163390,0,1_root,MBG[Top],,negatif,-1,https://x.com/khanifirsyad/status/2088438060061176026
2088385710629986385,2026-08-14 22:02:08,infoBMKG,BMKG,10125795,"#Gempa Mag:7.7, 15-Aug-2026 04:58:24WIB, Lok:8.35LS, 121.37BT (36 km TimurLaut MBAY-NAGEKEO-NTT), Kedlmn:10 Km #BMKG 
Disclaimer:Informasi ini mengutamakan kecepatan, sehingga hasil pengolahan data belum stabil dan bisa berubah seiring kelengkapan data https://t.co/ltNvGVAzDx",gempa mag 7 7 15 aug 2026 04 58 24wib lok 8 35ls 121 37bt 36 km timurlaut mbay nagekeo ntt kedlmn 10 km bmkg disclaimer informasi ini mengutamakan kecepatan sehingga hasil pengolahan data belum stabil dan bisa berubah seiring kelengkapan data,in,5463,2775,442,1124,1546407,0,1_root,MBG[Top],,netral,0,https://x.com/infoBMKG/status/2088385710629986385
2051968967531458631,2026-05-06 10:15:00,tempodotco,tempo.co,2533930,JUST IN: Rektor Universitas Islam Indonesia Yogyakarta Tolak MBG Masuk Kampus,just in rektor universitas islam indonesia yogyakarta tolak mbg masuk kampus,in,18055,3716,268,883,2339676,0,1_root,MBG[Top],,negatif,-1,https://x.com/tempodotco/status/2051968967531458631
2094222386912690311,2026-08-31 00:35:00,LambeSahamjja,Lambe Saham,79928,"orang ini nyindir hadiah osn yang dipotong drastis:
- emas dari 15 juta jadi cuma 3 juta 
- perak dari 10 juta jadi 2 juta 
- perunggu dari 5 juta jadi 1 juta
- katanya alasannya osn sekarang online biar hemat biaya 
- tapi hadiahnya malah tinggal 20 persen
- dia sindir lombanya online hadiahnya ikut dipangkas online
- dia bandingin usaha anak belajar bertahun tahun sama hadiah yang dianggap kelewat kecil
- dia juga nyindir dugaan sisa anggarannya lari ke program mbg dan koperasi desa merah putih",orang ini nyindir hadiah osn yang dipotong drastis emas dari 15 juta jadi cuma 3 juta perak dari 10 juta jadi 2 juta perunggu dari 5 juta jadi 1 juta katanya alasannya osn sekarang online biar hemat biaya tapi hadiahnya malah tinggal 20 persen dia sindir lombanya online hadiahnya ikut dipangkas online dia bandingin usaha anak belajar bertahun tahun sama hadiah yang dianggap kelewat kecil dia juga nyindir dugaan sisa anggarannya lari ke program mbg dan koperasi desa merah putih,in,161,40,5,4,8212,0,1_root,MBG[Top],,netral,0,https://x.com/LambeSahamjja/status/2094222386912690311
2093924866613526928,2026-08-30 04:52:46,recehsjaa,aerobit,5703,"Ini beneran psikotest MBG kahh oiii??? Jadi kita dituntut untuk SANGAT SETUJU ga sihh?? 
Kalau klik TIDAK SETUJU pasti otomatis langsung gugur ini mah.

 Siapapun yang buat psikotest ini, dia benar benar mau punya karyawan yang selalu MAU dan mengikuti perintah. 

Sakiittt sakitttt",ini beneran psikotest mbg kahh oiii jadi kita dituntut untuk sangat setuju ga sihh kalau klik tidak setuju pasti otomatis langsung gugur ini mah siapapun yang buat psikotest ini dia benar benar mau punya karyawan yang selalu mau dan mengikuti perintah sakiittt sakitttt,in,57,7,12,0,6015,0,1_root,MBG[Top],,positif,1,https://x.com/recehsjaa/status/2093924866613526928
2067238332107477377,2026-06-17 13:30:00,tempodotco,tempo.co,2533930,JUST IN: JPPI Kritik MBG 2027 Pakai Dana Pendidikan Rp 224 Triliun,just in jppi kritik mbg 2027 pakai dana pendidikan rp 224 triliun,in,10447,3463,284,521,258331,0,1_root,MBG[Top],,netral,0,https://x.com/tempodotco/status/2067238332107477377
2093620259903422888,2026-08-29 08:42:22,Smash1014314,Kang Bahar,2518,"beli helikopter water bombing buat padamin kebakaran katanya gak ada duit.

mbg yang hasilnya keracunan, sampah, dan feses malah duitnya melimpah. 😭

belanja truk, pickup, kmp ada duit.

belanja alutsista, mesin perang duit gak terbatas.

piknik ke luar negeri dan pesta ulang tahun ani-ani jalan terus.

mungkin waktunya udah dekat, tinggal menghitung hari.",beli helikopter water bombing buat padamin kebakaran katanya gak ada duit mbg yang hasilnya keracunan sampah dan feses malah duitnya melimpah belanja truk pickup kmp ada duit belanja alutsista mesin perang duit gak terbatas piknik ke luar negeri dan pesta ulang tahun ani ani jalan terus mungkin waktunya udah dekat tinggal menghitung hari,in,3525,1713,217,119,74198,0,1_root,MBG[Top],,negatif,-2,https://x.com/Smash1014314/status/2093620259903422888
2094225719836733888,2026-08-31 00:48:15,embah72,Abah,15679,"Karena MBG banyak orang justru mengalami gangguan kejiwaan seperti Kadisdik Kalimantan Tengah ini salah satu contoh nyata.

Buat ybs MBG lebih penting ketimbang kesehatan dan nyawa anak² peserta didiknya.

Ironi melihat pejabat negara yg kejiwaannya terganggu... https://t.co/WLUPuN9AVi",karena mbg banyak orang justru mengalami gangguan kejiwaan seperti kadisdik kalimantan tengah ini salah satu contoh nyata buat ybs mbg lebih penting ketimbang kesehatan dan nyawa anak² peserta didiknya ironi melihat pejabat negara yg kejiwaannya terganggu,in,3,2,0,0,214,0,1_root,MBG[Top],,negatif,-1,https://x.com/embah72/status/2094225719836733888
2093642850055368811,2026-08-29 10:12:08,akunhewan,gunawan (pengguna akun hewan),11953,"MK sudah putuskan MBG gak boleh pakai dana pendidikan mulai 2028.

anggaran MBG 2026: 229 T

anggaran MBG 2027 MASIH AMBIL DANA PENDIDIKAN &amp; MALAH NAMBAH JADI 240 T

bukannya penyesuaian utk 2028, malah makin ngegas kyk kejar setoran 🤦🏻 https://t.co/8BpbX0s3nz",mk sudah putuskan mbg gak boleh pakai dana pendidikan mulai 2028 anggaran mbg 2026 229 t anggaran mbg 2027 masih ambil dana pendidikan amp malah nambah jadi 240 t bukannya penyesuaian utk 2028 malah makin ngegas kyk kejar setoran,in,59,34,14,0,1154,0,1_root,MBG[Top],,netral,0,https://x.com/akunhewan/status/2093642850055368811
2051938768660074797,2026-05-06 08:15:00,tempodotco,tempo.co,2533930,WHAT’S UP: Ada Temuan Boraks dan E.Coli dalam Menu MBG di Anambas,what s up ada temuan boraks dan e coli dalam menu mbg di anambas,in,34767,10818,364,1323,619102,0,1_root,MBG[Top],,netral,0,https://x.com/tempodotco/status/2051938768660074797
2088201186763837778,2026-08-14 09:48:54,sosmedkeras,sosmed keras,5515802,eh tukang mbg😭 https://t.co/iUSurVUQ2t,eh tukang mbg,in,32760,3004,689,897,1999085,0,1_root,MBG[Top],,netral,0,https://x.com/sosmedkeras/status/2088201186763837778
2094229654651724221,2026-08-31 01:03:53,aik_arif,Ahmad Arif,35071,"Ironi efisiensi ala MBG: anggaran dipangkas dari Rp268 triliun menjadi Rp229 triliun, lalu disebut efisiensi dan lebih tepat sasarn. Padahal kalau pemangkasan dilakukan karena anggarannya sejak awal tidak efisien, penuh kebocoran, atau rawan korupsi, ini bukan efisiensi, ini efisiensi dari ketidakefisienan.

Coba deh, sekolah elite mana yg sejak awal monta MBG? Lha banyak sekolah yg tdk butuh malah dikasih MBG. Sudah banyak jg yg nolak sejak awal tp dipaksa. Jadi, definisi gombal ala BGN: boros dulu, korup dulu, pangkas kemudian, lalu klaim efisien. Dan itu yg dipangkas jg masih sedikit, kalau di negara yg normal, anggaran program makan siang di sekolah tak ada yang > 1% anggaran negara.",ironi efisiensi ala mbg anggaran dipangkas dari rp268 triliun menjadi rp229 triliun lalu disebut efisiensi dan lebih tepat sasarn padahal kalau pemangkasan dilakukan karena anggarannya sejak awal tidak efisien penuh kebocoran atau rawan korupsi ini bukan efisiensi ini efisiensi dari ketidakefisienan coba deh sekolah elite mana yg sejak awal monta mbg lha banyak sekolah yg tdk butuh malah dikasih mbg sudah banyak jg yg nolak sejak awal tp dipaksa jadi definisi gombal ala bgn boros dulu korup dulu pangkas kemudian lalu klaim efisien dan itu yg dipangkas jg masih sedikit kalau di negara yg normal anggaran program makan siang di sekolah tak ada yang 1 anggaran negara,in,137,68,0,0,5126,0,1_root,MBG[Top],,positif,1,https://x.com/aik_arif/status/2094229654651724221
2093971483362214323,2026-08-30 07:58:00,Beritasatu,BeritaSatu,1090550,"Sekolah elite dicoret dari program MBG. BGN melakukan pemutakhiran data penerima manfaat dengan mencoret data yang tidak diperlukan dan memperbaiki data yang tumpang tindih, termasuk penerima yang tidak sesuai sasaran. BGN menegaskan anggaran negara tidak harus dihabiskan, tetapi harus digunakan secara tepat sasaran dan dapat dipertanggungjawabkan.

Untuk pengalaman membaca berita yang lebih nyaman lagi, instal aplikasi BeritaSatu/Investor Daily di iOS dan App Store.

#BeritaSatu #SaatnyaMajuBersama #MBG #BGN #Sekolah #Swasta #Elite",sekolah elite dicoret dari program mbg bgn melakukan pemutakhiran data penerima manfaat dengan mencoret data yang tidak diperlukan dan memperbaiki data yang tumpang tindih termasuk penerima yang tidak sesuai sasaran bgn menegaskan anggaran negara tidak harus dihabiskan tetapi harus digunakan secara tepat sasaran dan dapat dipertanggungjawabkan untuk pengalaman membaca berita yang lebih nyaman lagi instal aplikasi beritasatu investor daily di ios dan app store beritasatu saatnyamajubersama mbg bgn sekolah swasta elite,in,30,8,6,5,13316,0,1_root,MBG[Top],,positif,1,https://x.com/Beritasatu/status/2093971483362214323
2094223807242486176,2026-08-31 00:40:39,dosenkesmas,MinDos,25868,"Indonesia lagi bangun lebih banyak warung koperasi daripada rumah sakit + sekolah + kampus digabung

Fakta 1: Layanan kesehatan kalah jauh
Yankes = Puskesmas + RS = 10.374 + 3.282 = 13.656 unit
MBG = Dapur SPPG = 27.022 unit  
Kopdes = 83.382 unit

Artinya: 1 Kopdes = 6x RS. 1 Dapur MBG = 2x RS.

Fakta 2: Pendidikan juga kalah
Pendidikan = SD baik + SMPN + SMAN + PT = 21.000 + 23.972 + 7.124 + 4.400 = 56.496 unit
Masih kalah sama Kopdes 83.382 unit

Masih kalah sama Dapur MBG 27.022 unit kalau dihitung head to head

Fakta 3: Digabung pun masih kalah
Yankes + Pendidikan = 13.656 + 56.496 = 70.152 unit
Kopdes sendirian = 83.382 unit
Selisih 13.230 unit. Kopdes menang telak.",indonesia lagi bangun lebih banyak warung koperasi daripada rumah sakit sekolah kampus digabung fakta 1 layanan kesehatan kalah jauh yankes puskesmas rs 10 374 3 282 13 656 unit mbg dapur sppg 27 022 unit kopdes 83 382 unit artinya 1 kopdes 6x rs 1 dapur mbg 2x rs fakta 2 pendidikan juga kalah pendidikan sd baik smpn sman pt 21 000 23 972 7 124 4 400 56 496 unit masih kalah sama kopdes 83 382 unit masih kalah sama dapur mbg 27 022 unit kalau dihitung head to head fakta 3 digabung pun masih kalah yankes pendidikan 13 656 56 496 70 152 unit kopdes sendirian 83 382 unit selisih 13 230 unit kopdes menang telak,in,143,80,10,7,3241,0,1_root,MBG[Top],,positif,1,https://x.com/dosenkesmas/status/2094223807242486176
2054101772235579464,2026-05-12 07:30:00,tempodotco,tempo.co,2533930,"WHAT'S UP: 200 Siswa Surabaya Keracunan MBG, Diduga dari Menu Daging",what s up 200 siswa surabaya keracunan mbg diduga dari menu daging,in,15548,5423,258,505,678291,0,1_root,MBG[Top],,negatif,-1,https://x.com/tempodotco/status/2054101772235579464
2093120881518411815,2026-08-27 23:38:01,ardisatriawan,Ardianto Satriawan,102702,"Selamat pagi!

Bekerja keraslah kalian!

Supaya negara bisa bayar MBG, Kopdes, dan agenda keliling dunia! https://t.co/9njDFrGQ5c",selamat pagi bekerja keraslah kalian supaya negara bisa bayar mbg kopdes dan agenda keliling dunia,in,3323,1366,347,158,84557,0,1_root,MBG[Top],,netral,0,https://x.com/ardisatriawan/status/2093120881518411815
2092546158237561284,2026-08-26 09:34:16,rebukanrain,Rebukanre,8278,GUYSS SERIUS NANYA KORELASI ANTARA MBG DAN KDRT APA YAA ??? https://t.co/DJLjGwA5Dt,guyss serius nanya korelasi antara mbg dan kdrt apa yaa,in,6764,1730,1289,1454,428626,0,1_root,MBG[Top],,netral,0,https://x.com/rebukanrain/status/2092546158237561284
2090020658105491797,2026-08-19 10:18:50,dosenkesmas,MinDos,25868,"""Jika MBG dihentikan, maka 1.5 juta relawan akan nganggur lagi, apakah kalian tidak kasihan?""

MBG ada untuk perbaikan status gizi bukan untuk buka lapangan kerja.",jika mbg dihentikan maka 1 5 juta relawan akan nganggur lagi apakah kalian tidak kasihan mbg ada untuk perbaikan status gizi bukan untuk buka lapangan kerja,in,30999,10488,229,371,327695,0,1_root,MBG[Top],,netral,0,https://x.com/dosenkesmas/status/2090020658105491797
2090700806651806116,2026-08-21 07:21:30,damoceles,RB,189,gw benci bgt mbg 1.2 triliun PERHARI sedangkan si meks 2.3 triliun SATU MUSIM ??? masa lu kalah sama mbg boy @Max33Verstappen,gw benci bgt mbg 1 2 triliun perhari sedangkan si meks 2 3 triliun satu musim masa lu kalah sama mbg boy,in,7970,2096,58,296,120111,0,1_root,MBG[Top],,netral,0,https://x.com/damoceles/status/2090700806651806116
2094242081321718177,2026-08-31 01:53:15,LambeSahamjja,Lambe Saham,79924,"Ini dia Kadisdik Kalimantan Tengah yang sedang viral bocoran zoom meetingnya menyarankan agar anak sekolah tidak diliburkan terkait asap polusi kebakaran hutan demi MBG tetap berjalan

tebak beliau punya dapur berapa? https://t.co/8nvVCbq6J9",ini dia kadisdik kalimantan tengah yang sedang viral bocoran zoom meetingnya menyarankan agar anak sekolah tidak diliburkan terkait asap polusi kebakaran hutan demi mbg tetap berjalan tebak beliau punya dapur berapa,in,779,195,29,5,17308,0,1_root,MBG[Top],,netral,0,https://x.com/LambeSahamjja/status/2094242081321718177
2050161311175319708,2026-05-01 10:32:01,cinnamoanrol,willow⋆˙,9382,hari buruh yang dibahas malah mbg? what a self centered narcissistic idiot you are bro heran kok bisa jadi presiden,hari buruh yang dibahas malah mbg what a self centered narcissistic idiot you are bro heran kok bisa jadi presiden,in,96703,42302,301,507,856200,0,1_root,MBG[Top],,netral,0,https://x.com/cinnamoanrol/status/2050161311175319708
2093874057720832133,2026-08-30 01:30:52,punkpinggiran,cino,5787,"FAKTANYA.

MBG tidak pernah betul-betul menghilangkan stunting, malah muncul masalah baru, food waste. 
Yang tiap tahunnya terus meningkat jumlahnya jika tidak segera dikaji ulang pengelolaan atau aturannya. 
Sayang sekali APBN kita. https://t.co/zuOxzMckzR",faktanya mbg tidak pernah betul betul menghilangkan stunting malah muncul masalah baru food waste yang tiap tahunnya terus meningkat jumlahnya jika tidak segera dikaji ulang pengelolaan atau aturannya sayang sekali apbn kita,in,351,190,4,6,3595,0,1_root,MBG[Top],,netral,0,https://x.com/punkpinggiran/status/2093874057720832133
2093907311425167751,2026-08-30 03:43:00,mediaindonesia,Media Indonesia,1615193,"Kepala BGN: Sekolah Elit Dicoret dari Penerima MBG

BADAN Gizi Nasional (BGN) mengecualikan sekitar 80 sekolah swasta kategori elite dari daftar penerima alokasi program Makan Bergizi Gratis (MBG). 

Kepala BGN, Sudaryono, menjelaskan bahwa sekolah-sekolah yang dicoret umumnya memiliki kemampuan finansial mandiri dan fasilitas lengkap untuk memenuhi kebutuhan nutrisi peserta didiknya secara swadaya.

""Kami sudah menyisir beberapa sekolah swasta yang memang swasta elite, yang kami kira tidak membutuhkan MBG,"" ujar Sudaryono di Gedung Kementerian Keuangan, Jakarta, Jumat (28/8).

Sejumlah lembaga pendidikan ternama yang masuk dalam daftar pengecualian itu antara lain Jakarta Intercultural School (JIS), Sekolah Cikal, SMA Taruna Nusantara, hingga Sekolah Kemala Bhayangkari. 

Naskah: MI/Putri Yuliani
Editor Video: MI/Nike Amelia Sari 

#MBG
#BGN
#Sudaryono
#KepalaBGN
#DapurSPPG
#SekolahSwasta",kepala bgn sekolah elit dicoret dari penerima mbg badan gizi nasional bgn mengecualikan sekitar 80 sekolah swasta kategori elite dari daftar penerima alokasi program makan bergizi gratis mbg kepala bgn sudaryono menjelaskan bahwa sekolah sekolah yang dicoret umumnya memiliki kemampuan finansial mandiri dan fasilitas lengkap untuk memenuhi kebutuhan nutrisi peserta didiknya secara swadaya kami sudah menyisir beberapa sekolah swasta yang memang swasta elite yang kami kira tidak membutuhkan mbg ujar sudaryono di gedung kementerian keuangan jakarta jumat 28 8 sejumlah lembaga pendidikan ternama yang masuk dalam daftar pengecualian itu antara lain jakarta intercultural school jis sekolah cikal sma taruna nusantara hingga sekolah kemala bhayangkari naskah mi putri yuliani editor video mi nike amelia sari mbg bgn sudaryono kepalabgn dapursppg sekolahswasta,in,32,6,41,17,7781,0,1_root,MBG[Top],,positif,3,https://x.com/mediaindonesia/status/2093907311425167751
2094283559142052167,2026-08-31 04:38:05,rebukanrain,Rebukanre,8278,"Bukti bahwa program MBG ini adalah protej yang buang buang Uang Negara....
Rakyat banyak yg lapar, tapi MBG terbuang.

Dan yang harusnya bisa untuk upendidikan gratis, kesehatan gratis, ini malah menjadi sia-saia terbuang.... https://t.co/dANX1vz2vS",bukti bahwa program mbg ini adalah protej yang buang buang uang negara rakyat banyak yg lapar tapi mbg terbuang dan yang harusnya bisa untuk upendidikan gratis kesehatan gratis ini malah menjadi sia saia terbuang,in,17,7,6,1,1095,0,1_root,MBG[Top],,positif,2,https://x.com/rebukanrain/status/2094283559142052167
2085297327049490636,2026-08-06 09:30:00,tempodotco,tempo.co,2533925,JUST IN: Amnesty Desak MBG Dihentikan setelah Ratusan Anak Keracunan,just in amnesty desak mbg dihentikan setelah ratusan anak keracunan,in,27683,7121,194,204,457832,0,1_root,MBG[Top],,negatif,-1,https://x.com/tempodotco/status/2085297327049490636
2092873778443493576,2026-08-27 07:16:07,txtdrimedia,txtdrimedia,962225,"MBG news:

sekolah di Pekanbaru belajar daring akibat kabut asap karhulta tetapi MBG tetap jalan. orang tua disuruh ke sekolah ambil MBG https://t.co/Qe4GA7GCpZ",mbg news sekolah di pekanbaru belajar daring akibat kabut asap karhulta tetapi mbg tetap jalan orang tua disuruh ke sekolah ambil mbg,in,5398,925,50,75,63526,0,1_root,MBG[Top],,netral,0,https://x.com/txtdrimedia/status/2092873778443493576
2018263126114754614,2026-02-02 10:00:01,tempodotco,tempo.co,2533925,"Prabowo Singgung Lagi Distribusi MBG di Sumbar dan Aceh

“Buktinya saya kalah di Sumatera Barat, benar? Tapi tetap MBG sampai ke Sumatera Barat. Saya juga kalah di Aceh, kan? Tapi tetap kami bangun Aceh habis-habisan,” ucapnya. https://t.co/TAuI15TtaK",prabowo singgung lagi distribusi mbg di sumbar dan aceh buktinya saya kalah di sumatera barat benar tapi tetap mbg sampai ke sumatera barat saya juga kalah di aceh kan tapi tetap kami bangun aceh habis habisan ucapnya,in,34338,7022,6205,16098,2965342,0,1_root,MBG[Top],,netral,0,https://x.com/tempodotco/status/2018263126114754614
2088864119822897155,2026-08-16 05:43:10,intinyadeh,intinyadeh,279506,"#intinyadeh ratusan siswa di Berastagi keracunan abis makan MBG. Total korban 265 siswa dr 3 SMA/K, ada jg dr SMP tp jumlahnya blm diketahui. Dibawa ke 4 RS.

Siswa alami gejala mulut dan kulit gatal2 hingga sesak.

MBG berasal dari SPPG milik Yayasan MKJ Kodim 0205/Tanah Karo.",intinyadeh ratusan siswa di berastagi keracunan abis makan mbg total korban 265 siswa dr 3 sma k ada jg dr smp tp jumlahnya blm diketahui dibawa ke 4 rs siswa alami gejala mulut dan kulit gatal2 hingga sesak mbg berasal dari sppg milik yayasan mkj kodim 0205 tanah karo,in,6903,3111,45,36,152211,0,1_root,MBG[Top],,negatif,-1,https://x.com/intinyadeh/status/2088864119822897155
2088096304362905989,2026-08-14 02:52:08,menuembegejelek,MBG Jelek,61661,"📹Inilah beberapa footage yang menampilkan POV-POV mencekamnya peristiwa peracunan oleh BGN lewat embege di Berastagi.

Kiranya jejak digital ini dapat kita renungkan, entah sebagai musibah, entah sebagai bencana, apakah ini normal? Jika di antara kamu ada yang menganggap ini normal, coba periksa, barangkali ada yang salah dengan nurani dan empatimu. 🫵🏻",inilah beberapa footage yang menampilkan pov pov mencekamnya peristiwa peracunan oleh bgn lewat embege di berastagi kiranya jejak digital ini dapat kita renungkan entah sebagai musibah entah sebagai bencana apakah ini normal jika di antara kamu ada yang menganggap ini normal coba periksa barangkali ada yang salah dengan nurani dan empatimu,in,17610,9552,227,411,1096795,0,1_root,MBG[Top],,negatif,-2,https://x.com/menuembegejelek/status/2088096304362905989
2094295038427898166,2026-08-31 05:23:41,menuembegejelek,MBG Jelek,61661,"Kenapa buzzer-buzzer prabowo-gibran ketika dido'ain sama warganet yg maha baik, 

""𝘀𝗲𝗺𝗼𝗴𝗮 𝗮𝗻𝗮𝗸𝗺𝘂 𝗸𝗲𝗹𝗮𝗸 𝗮𝗸𝗮𝗻 𝘀𝗲𝗯𝗶𝗷𝗮𝗸 𝗱𝗮𝗻 𝘀𝗲𝗸𝘂𝗮𝘁 𝗽𝗿𝗮𝗯𝗼𝘄𝗼, 𝗷𝘂𝗴𝗮 𝘀𝗲𝗰𝗲𝗿𝗱𝗮𝘀 𝗱𝗮𝗻 𝘀𝗲𝗽𝗶𝗻𝘁𝗮𝗿 𝗴𝗶𝗯𝗿𝗮𝗻"",

enggak ada yang meng-aamiin-kan? https://t.co/1q5zYrExd3",kenapa buzzer buzzer prabowo gibran ketika dido ain sama warganet yg maha baik 𝘀𝗲𝗺𝗼𝗴𝗮 𝗮𝗻𝗮𝗸𝗺𝘂 𝗸𝗲𝗹𝗮𝗸 𝗮𝗸𝗮𝗻 𝘀𝗲𝗯𝗶𝗷𝗮𝗸 𝗱𝗮𝗻 𝘀𝗲𝗸𝘂𝗮𝘁 𝗽𝗿𝗮𝗯𝗼𝘄𝗼 𝗷𝘂𝗴𝗮 𝘀𝗲𝗰𝗲𝗿𝗱𝗮𝘀 𝗱𝗮𝗻 𝘀𝗲𝗽𝗶𝗻𝘁𝗮𝗿 𝗴𝗶𝗯𝗿𝗮𝗻 enggak ada yang meng aamiin kan,in,507,92,14,2,10504,0,1_root,MBG[Top],,positif,1,https://x.com/menuembegejelek/status/2094295038427898166
2093955652431630706,2026-08-30 06:55:06,BANGSAygSUJUD,🇲🇨 B. Prasetya 🇲🇨,29849,"MBG adalah Program yg rahmatan Lil alamin 

Karena itu siapapun melakukan pengkayaan diri dari MBG akan menjadi musuh alam

KORUPTOR2 MBG ditangkapi

Apakah kamu marah karena Pemerintah memberi makan anak2 Indonesia dg asupan Gizi?

Lihatlah negara2 maju yg kini berlimpah SDM hebat dulu awalnya juga ada orang2 kayak kamu yg tidak setuju tetapi kini mereka tersenyum melihat hasilnya",mbg adalah program yg rahmatan lil alamin karena itu siapapun melakukan pengkayaan diri dari mbg akan menjadi musuh alam koruptor2 mbg ditangkapi apakah kamu marah karena pemerintah memberi makan anak2 indonesia dg asupan gizi lihatlah negara2 maju yg kini berlimpah sdm hebat dulu awalnya juga ada orang2 kayak kamu yg tidak setuju tetapi kini mereka tersenyum melihat hasilnya,in,29,18,27,1,1413,0,1_root,MBG[Top],,positif,1,https://x.com/BANGSAygSUJUD/status/2093955652431630706
2093950043820867657,2026-08-30 06:32:48,EkoWitono9,Eko Witono,104,"Sejak kpn mulut Tukang Tipu @BANGSAygSUJUD bs dipercaya? Penjilat @prabowo @gibran_tweet ini SEMBUNYIKAN FAKTA Proyek Maling Berkedok Gizi hamburkan APBN scr ugal""an. Mengurangi subsidi Pendidikan&amp;Kesehatan. Bahkan sembunyikan fakta ribuan kasus Siswa Keracunan bahkan meninggal.. https://t.co/Ux6YRbPkaE",sejak kpn mulut tukang tipu bs dipercaya penjilat ini sembunyikan fakta proyek maling berkedok gizi hamburkan apbn scr ugal an mengurangi subsidi pendidikan amp kesehatan bahkan sembunyikan fakta ribuan kasus siswa keracunan bahkan meninggal,in,1,0,2,1,1794,0,1_root,MBG[Top],,negatif,-2,https://x.com/EkoWitono9/status/2093950043820867657
2094224136998678627,2026-08-31 00:41:57,rayestu,Nathaniel Rayestu,29779,Anak JIS sempet dapet MBG?,anak jis sempet dapet mbg,in,66,5,6,0,9084,0,1_root,MBG[Top],,netral,0,https://x.com/rayestu/status/2094224136998678627
2094266456313577759,2026-08-31 03:30:07,baseconvo,💭 baseconvo,114472,💙 GUAAA TUH MUAK BGT LIAT MBG 😭😭 ini gizi nya bener ga sih? https://t.co/SvzINO0mRi,guaaa tuh muak bgt liat mbg ini gizi nya bener ga sih,in,28,0,23,1,6844,0,1_root,MBG[Top],,netral,0,https://x.com/baseconvo/status/2094266456313577759
2094246535106379948,2026-08-31 02:10:57,ejaaipongg,men sana in koperasi disano,5795,"Maksudnya dia lebih pro ke kesehatan anak sekolah atau program MBG ini ?? 

Negara tetangga sengaja diliburkan akibat kebodohan oknum disini yg sengaja ngebakar hutan ‼️

Kok bisa ada statement dari pejabat yang bilang ketika anak anak pulang sekolah mereka ke cafe cafe buat keributan buat masalah. Nalar bodoh seperti apa iniii ???? Saat kebakaran hutan jarak pandang dan kabut asap berhari hari sudah menebal, resiko yang dihadapi ada lah ISPA, kau bayangkan lansia, ibu hamil, bayi dan anak anak uda berhari hari menghirup udara tidak sehat ini. ‼️",maksudnya dia lebih pro ke kesehatan anak sekolah atau program mbg ini negara tetangga sengaja diliburkan akibat kebodohan oknum disini yg sengaja ngebakar hutan kok bisa ada statement dari pejabat yang bilang ketika anak anak pulang sekolah mereka ke cafe cafe buat keributan buat masalah nalar bodoh seperti apa iniii saat kebakaran hutan jarak pandang dan kabut asap berhari hari sudah menebal resiko yang dihadapi ada lah ispa kau bayangkan lansia ibu hamil bayi dan anak anak uda berhari hari menghirup udara tidak sehat ini,in,35,24,20,7,8592,0,1_root,MBG[Top],,negatif,-1,https://x.com/ejaaipongg/status/2094246535106379948
2054569863440388442,2026-05-13 14:30:02,18fesss,18FESSS,550732,"18! guys kalau mau belajar tentang sl4ve biasanya dimana ya? soalnya mbg = my bini gw suka katanya, tolong bantu ya🙏 terima kasih",18 guys kalau mau belajar tentang sl4ve biasanya dimana ya soalnya mbg my bini gw suka katanya tolong bantu ya terima kasih,in,738,14,60,16,265141,0,1_root,MBG[Top],,positif,2,https://x.com/18fesss/status/2054569863440388442
2092868426167676971,2026-08-27 06:54:51,mesatu_,Media Sabtu Minggu,5875,"Jadi, siapa nih yang kemakan gimmick demo 27 Agustus 2026? HAHAHA.

Gue jujur kasihan sama massa aksi organik, yang tuntutannya jelas kek setop MBG dan Kopdes. Kena gocek geng RUU Perampasan Aset.",jadi siapa nih yang kemakan gimmick demo 27 agustus 2026 hahaha gue jujur kasihan sama massa aksi organik yang tuntutannya jelas kek setop mbg dan kopdes kena gocek geng ruu perampasan aset,in,16085,4337,88,177,347388,0,1_root,MBG[Top],,netral,0,https://x.com/mesatu_/status/2092868426167676971
2090824561407525308,2026-08-21 15:33:15,mesatu_,Media Sabtu Minggu,5875,27 Agustus 2026 ada apa sih? Kok fotografer buzzer 02 ikut promosi juga? Sangat sus dan bau anyir.,27 agustus 2026 ada apa sih kok fotografer buzzer 02 ikut promosi juga sangat sus dan bau anyir,in,231,28,7,4,436084,0,1_root,MBG[Top],,netral,0,https://x.com/mesatu_/status/2090824561407525308
2093796315398537277,2026-08-29 20:21:57,icukprayogi,dosen linguistik biasa,6188,kok seolah-olah sekolah ini sebelumnnya ngemis2 minta MBG ya? https://t.co/UnbDxLexCU,kok seolah olah sekolah ini sebelumnnya ngemis2 minta mbg ya,in,3059,450,97,96,100745,0,1_root,MBG[Top],,netral,0,https://x.com/icukprayogi/status/2093796315398537277
2045669970172838145,2026-04-19 01:05:02,baseconvo,💭 baseconvo,114472,"💭 cw // MBG  , nganggur 
Guys aku kan pengangguran, trs ditawarin krja d dapur mbegeh tp sender nolak krn itu kerjaan kek banyak mudharatnya gak sih bjir takut gak berkah ntar gaji gweh. Gpp kan ya nolak dapur mbg dan lanjut nganggur? 😔",cw mbg nganggur guys aku kan pengangguran trs ditawarin krja d dapur mbegeh tp sender nolak krn itu kerjaan kek banyak mudharatnya gak sih bjir takut gak berkah ntar gaji gweh gpp kan ya nolak dapur mbg dan lanjut nganggur,in,6225,113,441,307,856460,0,1_root,MBG[Top],,netral,0,https://x.com/baseconvo/status/2045669970172838145
2015973052647907616,2026-01-27 02:20:05,baseconvo,💭 baseconvo,114472,💙 guys gapapa kan ya aku menolak buat kerja di MBG walaupun aku nganggur uda 2 tahun 😞,guys gapapa kan ya aku menolak buat kerja di mbg walaupun aku nganggur uda 2 tahun,in,89,1,25,0,22039,0,1_root,MBG[Top],,negatif,-1,https://x.com/baseconvo/status/2015973052647907616
1960335217694015638,2025-08-26 13:35:11,worksfess,WORK,1311914,"work! guys skrg lagi banyak loker accounting buat program MBG, aku juga dapet tawaran. please kasih aku insight soal ini karna nyari tau sendiri info upahnya sampe dirapel 3 bulan😭",work guys skrg lagi banyak loker accounting buat program mbg aku juga dapet tawaran please kasih aku insight soal ini karna nyari tau sendiri info upahnya sampe dirapel 3 bulan,in,1569,79,136,77,216135,0,1_root,MBG[Top],,netral,0,https://x.com/worksfess/status/1960335217694015638
2093214259048235368,2026-08-28 05:49:04,CiptaBuana_,Yudhistira Ismara,3944,"Belakangan ini, tingkat elaktabilitas Dedi Mulyadi-> GACOR.

Bahkan melampaui Prabowo, Gibran, dan Anies.

Jika begini terus, setidaknya ada 3 skenario politik di pemilu 2029 yg dihadapin oleh KDM:

Pertama, KDM bakal keluar dari Gerinda.

Prabowo 2029 pasti gak bakal mau jadi CAWAPRES siapapun, termasuk KDM.

Kedua, KDM justru di gaet jadi CAWAPRES Prabowo.

Mengingat elektabilitasnya tinggi,plus program populis prabowo yg berlanjut...

Kek MBG dan Kopdes yg membuka lapangan kerja bagi elite politik-nya, bisa jadi kombo maut buat menang di Pemilu 2029.

Ketiga, isunya Jokowi bidik KDM buat jadi wakil Gibran. 

Cek aja di berita, ada yg bilang kalo KDM bakal pindah ke PSI. Meski, udah dibantah, namanya juga politik, dinamislah apalagi pria solo itu yg mainin.

Dari ketiga point diatas, yg paling buat gue takut jadi kenyataan:

Gibran-KDM.

Njir, pasangan APA INI. 

Apalagi harus tampil di panggung politik internasional.

Lucu banget ya🤣",belakangan ini tingkat elaktabilitas dedi mulyadi gacor bahkan melampaui prabowo gibran dan anies jika begini terus setidaknya ada 3 skenario politik di pemilu 2029 yg dihadapin oleh kdm pertama kdm bakal keluar dari gerinda prabowo 2029 pasti gak bakal mau jadi cawapres siapapun termasuk kdm kedua kdm justru di gaet jadi cawapres prabowo mengingat elektabilitasnya tinggi plus program populis prabowo yg berlanjut kek mbg dan kopdes yg membuka lapangan kerja bagi elite politik nya bisa jadi kombo maut buat menang di pemilu 2029 ketiga isunya jokowi bidik kdm buat jadi wakil gibran cek aja di berita ada yg bilang kalo kdm bakal pindah ke psi meski udah dibantah namanya juga politik dinamislah apalagi pria solo itu yg mainin dari ketiga point diatas yg paling buat gue takut jadi kenyataan gibran kdm njir pasangan apa ini apalagi harus tampil di panggung politik internasional lucu banget ya,in,71,14,74,9,22311,0,1_root,MBG[Top],,netral,0,https://x.com/CiptaBuana_/status/2093214259048235368
2069647184807801062,2026-06-24 05:01:55,soraipena,amora 💌,7566,"""ada orang pinter bilang, ada yg lebih genting dari perut lapar"" dan tanggapan dia, ""saya kira gak ada yg lebih genting dari perut lapar"" WALLAHI WE'RE FINISHED, FIX MBG GAK AKAN DI STOP YA GUYSSS  🙂 https://t.co/6tiqcTTPHc",ada orang pinter bilang ada yg lebih genting dari perut lapar dan tanggapan dia saya kira gak ada yg lebih genting dari perut lapar wallahi we re finished fix mbg gak akan di stop ya guysss,in,73462,23886,1597,5538,3321679,0,1_root,MBG[Top],,netral,0,https://x.com/soraipena/status/2069647184807801062
2069640200146616764,2026-06-24 04:34:10,soraipena,amora 💌,7566,"pidato terbaru prabowo guyss katanya dia tau siapa yg bayar demo, WKWK DEMO PENDUKUNG MBG LU TUH YANG BAYARAN MAH KOCAK 😭😭 https://t.co/mQTCuOQfwF",pidato terbaru prabowo guyss katanya dia tau siapa yg bayar demo wkwk demo pendukung mbg lu tuh yang bayaran mah kocak,in,16109,3684,390,486,2187780,0,1_root,MBG[Top],,netral,0,https://x.com/soraipena/status/2069640200146616764
2094319839569686668,2026-08-31 07:02:14,aik_arif,Ahmad Arif,35071,"Ini contoh cara berpikir yang sangat sesat tentang MBG: ketika sebuah program diperlakukan seolah menjadi tujuan, segala yg lain boleh dikorbankan demi membuatnya tetap berjalan.

Jelas bukan lagi anak yang menjadi tujuan program, melainkan programnya  dan turunnya anggaran itu sendiri, bahkan sekalipun itu dengan mengorbankan anak.

Selama ini yang dikorbankan demi MBG adalah anggaran pendidikan. Kini bahkan kesehatan dan keselamatan anak pun seolah menjadi biaya yang boleh dibayar. Padahal kalau anak harus menghirup udara beracun agar bisa menerima makanan gratis, sebenarnya program ini dibuat untuk menyehatkan anak, atau anak yang dipaksa menanggung biaya agar programnya terlihat berhasil?",ini contoh cara berpikir yang sangat sesat tentang mbg ketika sebuah program diperlakukan seolah menjadi tujuan segala yg lain boleh dikorbankan demi membuatnya tetap berjalan jelas bukan lagi anak yang menjadi tujuan program melainkan programnya dan turunnya anggaran itu sendiri bahkan sekalipun itu dengan mengorbankan anak selama ini yang dikorbankan demi mbg adalah anggaran pendidikan kini bahkan kesehatan dan keselamatan anak pun seolah menjadi biaya yang boleh dibayar padahal kalau anak harus menghirup udara beracun agar bisa menerima makanan gratis sebenarnya program ini dibuat untuk menyehatkan anak atau anak yang dipaksa menanggung biaya agar programnya terlihat berhasil,in,45,33,1,0,1134,0,1_root,MBG[Top],,positif,2,https://x.com/aik_arif/status/2094319839569686668
2094278768500302013,2026-08-31 04:19:02,pikiran_rakyat,Pikiran Rakyat,402584,"Ngotot Sekolah Tak Libur saat Kabut Asap Demi MBG Jalan, Kadisdik Kalteng: Nanti Kita yang Pusing!

Darurat kabut asap akibat kebakaran hutan dan lahan (Karhutla) di wilayah Kalimantan Tengah (Kalteng) memicu polemik baru.

Di tengah kualitas udara yang kian memburuk dan mengancam kesehatan pernapasan, Dinas Pendidikan (Disdik) Provinsi Kalteng justru enggan mengambil langkah pengamanan bagi para peserta didik.

Alih-alih menerapkan kebijakan belajar dari rumah, Disdik memilih bersikukuh mempertahankan kegiatan belajar mengajar (KBM) secara tatap muka di sekolah.

Kepala Disdik Provinsi Kalteng, Muhammad Reza Prabowo, secara blak-blakan di video Zoom yang diunggah oleh akun X @dosenkesmas menyampaikan keberatannya untuk menghentikan sementara sekolah tatap muka. Menurutnya, merumahkan anak-anak akan berdampak langsung pada terhentinya ekosistem pendukung di lingkungan sekolah.

Muhammad Rizky Suryana/PR

Selengkapnya : https://t.co/rZazFFoJjG",ngotot sekolah tak libur saat kabut asap demi mbg jalan kadisdik kalteng nanti kita yang pusing darurat kabut asap akibat kebakaran hutan dan lahan karhutla di wilayah kalimantan tengah kalteng memicu polemik baru di tengah kualitas udara yang kian memburuk dan mengancam kesehatan pernapasan dinas pendidikan disdik provinsi kalteng justru enggan mengambil langkah pengamanan bagi para peserta didik alih alih menerapkan kebijakan belajar dari rumah disdik memilih bersikukuh mempertahankan kegiatan belajar mengajar kbm secara tatap muka di sekolah kepala disdik provinsi kalteng muhammad reza prabowo secara blak blakan di video zoom yang diunggah oleh akun x menyampaikan keberatannya untuk menghentikan sementara sekolah tatap muka menurutnya merumahkan anak anak akan berdampak langsung pada terhentinya ekosistem pendukung di lingkungan sekolah muhammad rizky suryana pr selengkapnya,in,2,1,2,4,2630,0,1_root,MBG[Top],,netral,0,https://x.com/pikiran_rakyat/status/2094278768500302013
2093879716927451609,2026-08-30 01:53:21,ejaaipongg,men sana in koperasi disano,5797,"""80-an SEKOLAH SWASTA ELITE TAK LAGI DAPAT MBG""

Anies Ganjar nawarin sekolah dan kuliah GRATIS. 

Eh lu pilih nasi 7.000
Dari situ aja lu uda aneh. https://t.co/BbX435QtMw",80 an sekolah swasta elite tak lagi dapat mbg anies ganjar nawarin sekolah dan kuliah gratis eh lu pilih nasi 7 000 dari situ aja lu uda aneh,in,278,56,9,1,11344,0,1_root,MBG[Top],,positif,1,https://x.com/ejaaipongg/status/2093879716927451609
2092136235414483157,2026-08-25 06:25:23,LambeSahamjja,Lambe Saham,79928,"pelajaran yang bisa di petik selama rezim prabowo:
- judol katanya susah dibasmi
- tapi blokir rekening pendemo pati bisa secepat itu
- bangunan sekolah katanya susah direnov
- tapi kopdes bisa berdiri sampe pelosok
- gaji nakes/guru/dosen katanya susah dinaikin
- tapi gaji karyawan sppg mbg malah di atas mereka
- kriminal katanya susah diberantas
- tapi aparat pas demo bisa dikerahin sebanyak itu
- semua itu sebenarnya bisa dilakuin cepet
- cuma emang mereka aja yang gak mau
- kebobrokan dinilai sengaja dipelihara
- tujuannya buat raup suara pas pemilu",pelajaran yang bisa di petik selama rezim prabowo judol katanya susah dibasmi tapi blokir rekening pendemo pati bisa secepat itu bangunan sekolah katanya susah direnov tapi kopdes bisa berdiri sampe pelosok gaji nakes guru dosen katanya susah dinaikin tapi gaji karyawan sppg mbg malah di atas mereka kriminal katanya susah diberantas tapi aparat pas demo bisa dikerahin sebanyak itu semua itu sebenarnya bisa dilakuin cepet cuma emang mereka aja yang gak mau kebobrokan dinilai sengaja dipelihara tujuannya buat raup suara pas pemilu,in,12948,7140,101,93,179753,0,1_root,MBG[Top],,negatif,-4,https://x.com/LambeSahamjja/status/2092136235414483157
2093714484380741891,2026-08-29 14:56:47,LambeSahamjja,Lambe Saham,79928,"bgn hapus sekitar 80 sekolah swasta elite dari daftar penerima mbg:
- alasannya sekolah sekolah itu dinilai udah mampu penuhi kebutuhan makan siswanya sendiri
- contoh sekolahnya kayak jis, cikal, sma taruna nusantara, kemala bhayangkari, sama taruna bhayangkara
- bgn tarik balik dana 311 miliar dari 414 dapur yang udah dapet alokasi tapi belum operasi",bgn hapus sekitar 80 sekolah swasta elite dari daftar penerima mbg alasannya sekolah sekolah itu dinilai udah mampu penuhi kebutuhan makan siswanya sendiri contoh sekolahnya kayak jis cikal sma taruna nusantara kemala bhayangkari sama taruna bhayangkara bgn tarik balik dana 311 miliar dari 414 dapur yang udah dapet alokasi tapi belum operasi,in,54,6,34,5,13192,0,1_root,MBG[Top],,netral,0,https://x.com/LambeSahamjja/status/2093714484380741891
2074848476660134315,2026-07-08 13:30:00,tempodotco,tempo.co,2533930,JUST IN: Investor MBG Tuntut BGN Kembalikan Dana Rp 218 Miliar,just in investor mbg tuntut bgn kembalikan dana rp 218 miliar,in,11676,2119,671,757,1035607,0,1_root,MBG[Top],,netral,0,https://x.com/tempodotco/status/2074848476660134315
2082663548782801339,2026-07-30 03:04:18,glxssie,Ciyaa,4726,"Ga bermaksud nakut-nakutin, tapi kalian harus tau fakta-fakta berikut:

1. Gubernur BI mundur
2. Rupiah kembali tembus 18k
3. MBG dan Kopdes terus""an menggerus APBN
4. Minyak dunia menuju 120 dollar per barel
5. Arus keluar modal asing terus berlanjut
6. Pemerintah mengintervensi BI untuk cetak uang guna menutup defisit APBN
7. Ribuan P3K terancam dirumahkan
8. Pemerintah libatkan babinsa untuk kepatuhan pajak masyarakat
9. Outlook peringkat kredit Indonesia diturunkan dari stabil menjadi negatif oleh Moody's Ratings
10. Gelombang PHK masih terus terjadi 
11. Mall-mall banyak yang dipagarin 

Sekali lagi gue ga bermaksud nakut-nakutin kalian",ga bermaksud nakut nakutin tapi kalian harus tau fakta fakta berikut 1 gubernur bi mundur 2 rupiah kembali tembus 18k 3 mbg dan kopdes terus an menggerus apbn 4 minyak dunia menuju 120 dollar per barel 5 arus keluar modal asing terus berlanjut 6 pemerintah mengintervensi bi untuk cetak uang guna menutup defisit apbn 7 ribuan p3k terancam dirumahkan 8 pemerintah libatkan babinsa untuk kepatuhan pajak masyarakat 9 outlook peringkat kredit indonesia diturunkan dari stabil menjadi negatif oleh moody s ratings 10 gelombang phk masih terus terjadi 11 mall mall banyak yang dipagarin sekali lagi gue ga bermaksud nakut nakutin kalian,in,100145,36518,783,1853,2764169,0,1_root,MBG[Top],,netral,0,https://x.com/glxssie/status/2082663548782801339
2094240206014845288,2026-08-31 01:45:48,Smash1014314,Kang Bahar,2518,"udah disumpahin se-Indonesia, dikatain se-Malaysia. gak ada introspeksi diri, NPD sampai ke akar-akarnya 😭

lu tau gak sih, Wok? kerja lu lambat banget, sampai karhutla aja harus ditangani negara lain.

udah gak jelas, asal-asalan lagi. MBG lu bikin harga pangan melonjak + keracunan massal, kopdes bikin anggaran boncos, ormas lu malah ngebunuh rakyat, kabinet lu doyan foya-foya.

jangan semua sifat iblis lu ambil juga dah, Wok. minimal sisain dikit kek sisi positifnya 😭

jangan kayak mola-mola, udah lah gak guna, punah pun tak mau.",udah disumpahin se indonesia dikatain se malaysia gak ada introspeksi diri npd sampai ke akar akarnya lu tau gak sih wok kerja lu lambat banget sampai karhutla aja harus ditangani negara lain udah gak jelas asal asalan lagi mbg lu bikin harga pangan melonjak keracunan massal kopdes bikin anggaran boncos ormas lu malah ngebunuh rakyat kabinet lu doyan foya foya jangan semua sifat iblis lu ambil juga dah wok minimal sisain dikit kek sisi positifnya jangan kayak mola mola udah lah gak guna punah pun tak mau,in,1433,526,6,6,14267,0,1_root,MBG[Top],,negatif,-2,https://x.com/Smash1014314/status/2094240206014845288
2087773871986598001,2026-08-13 05:30:54,keluhkesahkonoh,txt keluhan warga konoha,11158,"bayangin deh anak lu, saudara, atau ponakan lu makan mbg, tapi kuku yang kerjanya kayak jenglot begini 😭 https://t.co/sn2bGPQrFT",bayangin deh anak lu saudara atau ponakan lu makan mbg tapi kuku yang kerjanya kayak jenglot begini,in,29681,3143,297,414,718410,0,1_root,MBG[Top],,netral,0,https://x.com/keluhkesahkonoh/status/2087773871986598001
2094235562177872134,2026-08-31 01:27:21,ObiWan_Catnobi,Ahlus Soresu wal Djem So,21107,"Di tengah bencana mikirinnya pendapatan pajak PKB.

Di tengah bencana mikirinnya keberlangsungan proyek MBG",di tengah bencana mikirinnya pendapatan pajak pkb di tengah bencana mikirinnya keberlangsungan proyek mbg,in,85,39,1,0,2637,0,1_root,MBG[Top],,negatif,-2,https://x.com/ObiWan_Catnobi/status/2094235562177872134
2094202919193297162,2026-08-30 23:17:39,xyshulu,shŭ,19046,"Kadisdik kalteng : “Anak sekolah tidak libur meski ada asap, nanti kantin dan dapur BMG mati”

Anyng kenapa otak pejabat indonesia isinya MBG? Gak mikir kah anak2 bisa kena ISPA. https://t.co/KGgOklLC7A",kadisdik kalteng anak sekolah tidak libur meski ada asap nanti kantin dan dapur bmg mati anyng kenapa otak pejabat indonesia isinya mbg gak mikir kah anak2 bisa kena ispa,in,53,21,29,12,7123,0,1_root,MBG[Top],,netral,0,https://x.com/xyshulu/status/2094202919193297162
2093188983144780225,2026-08-28 04:08:37,menuembegejelek,MBG Jelek,61659,"⚠️BREAKING!

Tren kelakuan amoral pegawai kubangan lumpur (SPPG) kini tengah menjamah Kabupaten Tuban, Jawa Timur.

Sesama jongos di satu kubangan lumpur saling memadu kasih, padahal jongos perempuan SUDAH MEMILIKI SUAMI.

Timeline:
> Sejak memadu kasih, kedua jongos rutin berhubungan intim
> Jongos laki-laki pernah merekam tanpa seizin jongos perempuan
> Jongos perempuan mengakhiri hubungan
> Jongos laki-laki merasa sakit hati dan melakukan pemerasan, mengancam akan menyebarkan video hubungan intimnya
> Jongos perempuan menuruti permintaan jongos laki-laki (transfer uang 5jt)
> Jongos laki-laki merasa kurang, ia minta tambahan uang lagi
> Jongos perempuan sudah tidak ada uang lagi
> Merasa tertekan, jongos perempuan akhirnya lapor pada suaminya (We can’t imagine how heartbroken the husband must be💔)
> Suami membayar pemerasan, lalu meminta agar videonya dihapus (💔)
> Jongos laki-laki kembali mengancam karena MASIH MERASA KURANG
> Jongos perempuan dan suaminya melapor pada polisi sembari membikin strategi penangkapan

*Notes: Kami membuka sayembara, bagi siapapun yang mengetahui detail nama SPPG sekaligus medsos aktif SPPG-nya, akan kami beri imbalan sebesar 150.000 (bagi yang paling cepat memberikan informasi). KAMI AKAN BUAT KUBANGAN LUMPURNYA TUTUP PERMANEN. Kami sudah lelah mendengar betapa abainya antar pegawai SPPG dengan kelakuan-kelakuan amoral yang begini. MENGAPA KALIAN TAK BISA SEKADAR BEKERJA YANG NORMAL-NORMAL SAJA??",breaking tren kelakuan amoral pegawai kubangan lumpur sppg kini tengah menjamah kabupaten tuban jawa timur sesama jongos di satu kubangan lumpur saling memadu kasih padahal jongos perempuan sudah memiliki suami timeline sejak memadu kasih kedua jongos rutin berhubungan intim jongos laki laki pernah merekam tanpa seizin jongos perempuan jongos perempuan mengakhiri hubungan jongos laki laki merasa sakit hati dan melakukan pemerasan mengancam akan menyebarkan video hubungan intimnya jongos perempuan menuruti permintaan jongos laki laki transfer uang 5jt jongos laki laki merasa kurang ia minta tambahan uang lagi jongos perempuan sudah tidak ada uang lagi merasa tertekan jongos perempuan akhirnya lapor pada suaminya we can t imagine how heartbroken the husband must be suami membayar pemerasan lalu meminta agar videonya dihapus jongos laki laki kembali mengancam karena masih merasa kurang jongos perempuan dan suaminya melapor pada polisi sembari membikin strategi penangkapan notes kami membuka sayembara bagi siapapun yang mengetahui detail nama sppg sekaligus medsos aktif sppg nya akan kami beri imbalan sebesar 150 000 bagi yang paling cepat memberikan informasi kami akan buat kubangan lumpurnya tutup permanen kami sudah lelah mendengar betapa abainya antar pegawai sppg dengan kelakuan kelakuan amoral yang begini mengapa kalian tak bisa sekadar bekerja yang normal normal saja,in,919,214,29,16,88079,0,1_root,MBG[Top],,negatif,-1,https://x.com/menuembegejelek/status/2093188983144780225
2091815818573300012,2026-08-24 09:12:09,glxssie,Ciyaa,4726,"🔥 SERUAN AKSI NASIONAL! 

27 AGUSTUS 2026 — saatnya seluruh elemen masyarakat dan mahasiswa bersatu, menyuarakan aspirasi dan mengawal masa depan demokrasi Indonesia.

📢 TUNTUTAN KITA : 

Sahkan RUU Perampasan Aset Hentikan korupsi, kolusi, dan nepotisme (KKN) Evaluasi kebijakan MBG dan KDMP Turunkan harga kebutuhan pokok dan BBM Hentikan represivitas dan intervensi TNI dalam ruang sipil Hentikan kebijakan yang merugikan rakyat ✊ Bersatu dalam perjuangan, kawal demokrasi, perjuangkan keadilan sosial bagi seluruh rakyat Indonesia.",seruan aksi nasional 27 agustus 2026 saatnya seluruh elemen masyarakat dan mahasiswa bersatu menyuarakan aspirasi dan mengawal masa depan demokrasi indonesia tuntutan kita sahkan ruu perampasan aset hentikan korupsi kolusi dan nepotisme kkn evaluasi kebijakan mbg dan kdmp turunkan harga kebutuhan pokok dan bbm hentikan represivitas dan intervensi tni dalam ruang sipil hentikan kebijakan yang merugikan rakyat bersatu dalam perjuangan kawal demokrasi perjuangkan keadilan sosial bagi seluruh rakyat indonesia,in,560,112,1,5,39694,0,1_root,MBG[Top],,negatif,-1,https://x.com/glxssie/status/2091815818573300012
2091405375044259998,2026-08-23 06:01:12,arekgerak,arekgerak,1672,"DEMI MBG, ANGGARAN BNPB TURUN DARI 4,9T JADI 491M
🥀🥀🥀",demi mbg anggaran bnpb turun dari 4 9t jadi 491m,in,8744,4583,28,115,107564,0,1_root,MBG[Top],,netral,0,https://x.com/arekgerak/status/2091405375044259998
2091398578661212514,2026-08-23 05:34:12,serabutannn,Radit Ananta,15230,"2 FAKTA MENYEDIHKAN TTG KARHUTLA YG KALIAN HARUS TAU! 
👇👇👇

1. Anggaran BNPB 2 tahun terkahir berkurang drastis imbas efisiensi?📉
2. Saham perusahaan sawit lagi pada naik📈

Kesimpulannya? Ya yang tau tau aja.. https://t.co/FjbwUbVdBO",2 fakta menyedihkan ttg karhutla yg kalian harus tau 1 anggaran bnpb 2 tahun terkahir berkurang drastis imbas efisiensi 2 saham perusahaan sawit lagi pada naik kesimpulannya ya yang tau tau aja,in,429,215,8,29,200819,0,1_root,MBG[Top],,negatif,-1,https://x.com/serabutannn/status/2091398578661212514
2094094936190931120,2026-08-30 16:08:33,KalanaraDika,Kalanara Mahardika 🎬,4652,"Anak-anak tetap harus ke sekolah dan menghirup asap demi MBG.

This is beyond incompetence, this is malevolence.",anak anak tetap harus ke sekolah dan menghirup asap demi mbg this is beyond incompetence this is malevolence,in,210,81,5,0,3458,0,1_root,MBG[Top],,netral,0,https://x.com/KalanaraDika/status/2094094936190931120
2094340937753473445,2026-08-31 08:26:05,zah20336,Zzz,12,@LambeSahamjja ya berarti solusinya lowongan kerja anjir bukan MBG,ya berarti solusinya lowongan kerja anjir bukan mbg,in,95,11,3,1,2039,0,1_root,MBG[Top],,netral,0,https://x.com/zah20336/status/2094340937753473445
2093548044650414452,2026-08-29 03:55:24,dosenkesmas,MinDos,25868,"Menu MBG

Minuman Rasa Susu
86% Air
Susu skim bubuk 1%

Welcome Indonesia Emas 2045H https://t.co/jHIHyO7NXk",menu mbg minuman rasa susu 86 air susu skim bubuk 1 welcome indonesia emas 2045h,in,395,156,41,29,29784,0,1_root,MBG[Top],,netral,0,https://x.com/dosenkesmas/status/2093548044650414452
2093876239429988392,2026-08-30 01:39:32,WeKa_Ronin,Wawat Kurniawan (WeKa) 🇲🇨,7482,"Jika BGN mengatakan ada 120 juta orang yang hendak diberi Makan karena mereka Miskin, tapi mengapa data KEMISKINAN yang dikeluarkan BPS hanya 24 juta orang?

Jadi sebenarnya Pemerintah SEPAKAT dengan data WORLD BANK yang mengatakan Jumlah orang MISKIN di Indonesia ada 170 juta orang atau data BPS? 🤣

SAAT mengeluarkan Uang gunakan yang Banyak, saat bicara Prestasi gunakan data BPS HAHAHAHA, Kasar banget akal-akalannya

Lagi pula apakah benar? MBG untul memberi makan anak-anak? Bukan untuk mengamankan 2029? 🤣🤣🤣",jika bgn mengatakan ada 120 juta orang yang hendak diberi makan karena mereka miskin tapi mengapa data kemiskinan yang dikeluarkan bps hanya 24 juta orang jadi sebenarnya pemerintah sepakat dengan data world bank yang mengatakan jumlah orang miskin di indonesia ada 170 juta orang atau data bps saat mengeluarkan uang gunakan yang banyak saat bicara prestasi gunakan data bps hahahaha kasar banget akal akalannya lagi pula apakah benar mbg untul memberi makan anak anak bukan untuk mengamankan 2029,in,887,534,28,9,19786,0,1_root,MBG[Top],,netral,0,https://x.com/WeKa_Ronin/status/2093876239429988392
2093931696844648649,2026-08-30 05:19:54,lilaccountz,miw.,123128,"(untuk muslim)

walau gue ngerti ini tweetnya sarkas, but please hati hati dengan statement semacam ini ya guys. “aku bakal seneng masuk neraka” dst. ini pernyataan yg bisa menjerumuskan ke dlm kekufuran.

neraka tuh beneran siksaan paling pedih. Rasulullah dan para sahabat sering kali menangis ketika baca ayat ayat ttg neraka saking mengerikannya.

isi neraka tuh semua siksaan yg tidak pernah terbayangkan sebelumnya. gaakan ada cewe cewe cantik wangi rambut bagus. 

jgn sampai kita menganggap remeh ttg neraka. jangan. even syaithon yg terbuat dari api sekalipun tersiksa dengan pedihnya adzab neraka.",untuk muslim walau gue ngerti ini tweetnya sarkas but please hati hati dengan statement semacam ini ya guys aku bakal seneng masuk neraka dst ini pernyataan yg bisa menjerumuskan ke dlm kekufuran neraka tuh beneran siksaan paling pedih rasulullah dan para sahabat sering kali menangis ketika baca ayat ayat ttg neraka saking mengerikannya isi neraka tuh semua siksaan yg tidak pernah terbayangkan sebelumnya gaakan ada cewe cewe cantik wangi rambut bagus jgn sampai kita menganggap remeh ttg neraka jangan even syaithon yg terbuat dari api sekalipun tersiksa dengan pedihnya adzab neraka,in,7467,1414,178,176,220283,0,1_root,MBG[Top],,positif,1,https://x.com/lilaccountz/status/2093931696844648649
2093978365128814907,2026-08-30 08:25:21,lilaccountz,miw.,123128,"tau ga salah satu siksaan neraka apa?

makanan dan minumannya.

“kok bisa makanan minuman jd siksa? bukannya justru enak, lg disiksa tp dikasih makanan dan minuman jd kenyang dan ga haus?”

loh, jgnkan di neraka. di dunia aja kita bisa tersiksa dgn makanan. contohnya MBG——(sinyal hilang)

contohnya : org alergi seafood. dikasih makanan seafood, apa ga tersiksa dia? bahkan bisa menyebabkan kematian.

nah di neraka, penghuni neraka nyari minum karena tersiksa dgn panasnya neraka. mereka lari dan dikasih air minum bernama ghassaq. apakah mereka jd hilang hausnya?

enggak. mereka justru makin tersiksa. karena ternyata, air ghassaq itu adalah apa yg mengalir dari tubuh penghuni neraka berupa darah dan nanah. kebayang ga bau dan menjijikannya?🤮

ada juga minuman bernama Al Hamim. yaitu air mendidih yg sangat panas, yg saking panasnya, ketika penghuni neraka minum itu, air itu langsung memotong motong isi perutnya💔

ada juga minuman dari pohon zaqqum, yg ketika mereka minum, dia seperti tembaga panas mendidih. belum sampe ke mulut mereka, saking panasnya, cairan tersebut udh membakar kulit wajah mereka sebelum diminum😭😭😭

dan ini baru makanan minumannya. belum siksaan lainnya….

naudzubillah min dzalik.

https://t.co/HghvdjdH6M",tau ga salah satu siksaan neraka apa makanan dan minumannya kok bisa makanan minuman jd siksa bukannya justru enak lg disiksa tp dikasih makanan dan minuman jd kenyang dan ga haus loh jgnkan di neraka di dunia aja kita bisa tersiksa dgn makanan contohnya mbg sinyal hilang contohnya org alergi seafood dikasih makanan seafood apa ga tersiksa dia bahkan bisa menyebabkan kematian nah di neraka penghuni neraka nyari minum karena tersiksa dgn panasnya neraka mereka lari dan dikasih air minum bernama ghassaq apakah mereka jd hilang hausnya enggak mereka justru makin tersiksa karena ternyata air ghassaq itu adalah apa yg mengalir dari tubuh penghuni neraka berupa darah dan nanah kebayang ga bau dan menjijikannya ada juga minuman bernama al hamim yaitu air mendidih yg sangat panas yg saking panasnya ketika penghuni neraka minum itu air itu langsung memotong motong isi perutnya ada juga minuman dari pohon zaqqum yg ketika mereka minum dia seperti tembaga panas mendidih belum sampe ke mulut mereka saking panasnya cairan tersebut udh membakar kulit wajah mereka sebelum diminum dan ini baru makanan minumannya belum siksaan lainnya naudzubillah min dzalik,in,447,44,1,2,21751,0,1_root,MBG[Top],,positif,1,https://x.com/lilaccountz/status/2093978365128814907
2092077995741806965,2026-08-25 02:33:57,rebukanrain,Rebukanre,8278,"SALAH SATU SOLUSI PALING CERDAS ADALAH MAU APAPUN BECANANYA MBG SOLUSINYA

Sudah terkena bencana….
entar malah nambah korban keracunan….hadehhh https://t.co/jMeKR0yh1W",salah satu solusi paling cerdas adalah mau apapun becananya mbg solusinya sudah terkena bencana entar malah nambah korban keracunan hadehhh,in,283,111,52,119,84227,0,1_root,MBG[Top],,negatif,-2,https://x.com/rebukanrain/status/2092077995741806965
2091924227075322315,2026-08-24 16:22:56,rebukanrain,Rebukanre,8278,Selagi bukan kiamat Insya Allah MBG tetap berjalan dan di distribusikan https://t.co/PIBqmpAkB1,selagi bukan kiamat insya allah mbg tetap berjalan dan di distribusikan,in,551,111,60,37,20352,0,1_root,MBG[Top],,netral,0,https://x.com/rebukanrain/status/2091924227075322315
2094097877673095309,2026-08-30 16:20:15,oqforwhat,oolin,3076,"🗣️: ""ketika sekolah libur karna asap ini berakibat pada dapur-dapur MBG mati dan juga anak-anak yg harusnya dirumah malah ke cafe” lalu buat masalah"" nah ini adalah statement dari seorang kadisdik prov. kalteng..sekali lagi KADISDIK 😮‍💨

khawatir anak” tidak belajar ❌
khawatir anak” kena ISPA ❌
khawatir dapur MBG stop ✅ 

ada yang bisa cek ga? ini kepala dinas pendidikan prov. kalteng reza prabowo (inisial p ini lagi) punya dapur mbg apa nggk! bisa-bisanya ngasih statement kocak kayak gitu, ga ada yang lebih penting dari kesehatan dan keselamatan anak” 😏😒‼️",ketika sekolah libur karna asap ini berakibat pada dapur dapur mbg mati dan juga anak anak yg harusnya dirumah malah ke cafe lalu buat masalah nah ini adalah statement dari seorang kadisdik prov kalteng sekali lagi kadisdik khawatir anak tidak belajar khawatir anak kena ispa khawatir dapur mbg stop ada yang bisa cek ga ini kepala dinas pendidikan prov kalteng reza prabowo inisial p ini lagi punya dapur mbg apa nggk bisa bisanya ngasih statement kocak kayak gitu ga ada yang lebih penting dari kesehatan dan keselamatan anak,in,433,170,11,5,21935,0,1_root,MBG[Top],,negatif,-1,https://x.com/oqforwhat/status/2094097877673095309
2090079047732924739,2026-08-19 14:10:51,menuembegejelek,MBG Jelek,61659,"Dari seorang ibu-ibu pengguna Instagram yang nampaknya bekerja di SPPG, kami berhasil mengamankan sebuah jejak digital berupa video yang menampilkan betapa ngerinya food waste yang dihasilkan dari embege.

Video ini saat ini sudah dihapus, mungkin karena telah mengundang atensi berlebih, bahkan mendapat atensi dari Dr. Tan Shot Yen untuk berkomentar.

See? Kami punya alasan kuat mengapa selama ini kami menggunakan kata ganti Kubangan Lumpur untuk Satuan Pelayanan Pemenuhan Gizi (SPPG).

Tidak ada satupun jajaran di BGN baik pusat maupun di daerah-daerah yang memikirkan solusi food waste ini. Dijadikan pakan ternak itu murni ide para penerima manfaat. Ini kalau media internasional bisa mengendus hal kayak gini dan dilakukan investigasi, maka praktik MBG di Indonesia menjadi praktik free meals program for students yang PALING GAGAL di dunia.",dari seorang ibu ibu pengguna instagram yang nampaknya bekerja di sppg kami berhasil mengamankan sebuah jejak digital berupa video yang menampilkan betapa ngerinya food waste yang dihasilkan dari embege video ini saat ini sudah dihapus mungkin karena telah mengundang atensi berlebih bahkan mendapat atensi dari dr tan shot yen untuk berkomentar see kami punya alasan kuat mengapa selama ini kami menggunakan kata ganti kubangan lumpur untuk satuan pelayanan pemenuhan gizi sppg tidak ada satupun jajaran di bgn baik pusat maupun di daerah daerah yang memikirkan solusi food waste ini dijadikan pakan ternak itu murni ide para penerima manfaat ini kalau media internasional bisa mengendus hal kayak gini dan dilakukan investigasi maka praktik mbg di indonesia menjadi praktik free meals program for students yang paling gagal di dunia,in,25716,10648,390,556,889769,0,1_root,MBG[Top],,positif,2,https://x.com/menuembegejelek/status/2090079047732924739
2090036592434127072,2026-08-19 11:22:09,menuembegejelek,MBG Jelek,61659,"Siapa di antara kalian yang pernah melihat dengan kepala langsung, betapa ngerinya food waste dari embege ini?",siapa di antara kalian yang pernah melihat dengan kepala langsung betapa ngerinya food waste dari embege ini,in,1135,176,54,40,1084706,0,1_root,MBG[Top],,netral,0,https://x.com/menuembegejelek/status/2090036592434127072
2094338771567411395,2026-08-31 08:17:28,menuembegejelek,MBG Jelek,61659,"Bahkan sudaryono merestui budaya hedonis ""relawan"" kubangan lumpur (SPPG). 𝗝𝗮𝘄𝗮𝗯𝗮𝗻 𝗷𝘂𝗷𝘂𝗿 𝗽𝗮𝗿𝗮 𝗽𝗲𝗸𝗲𝗿𝗷𝗮 𝗠𝗕𝗚, katanya.

Menjijikkan. 🤢🤢🤮 https://t.co/cygA9oP6cr",bahkan sudaryono merestui budaya hedonis relawan kubangan lumpur sppg 𝗝𝗮𝘄𝗮𝗯𝗮𝗻 𝗷𝘂𝗷𝘂𝗿 𝗽𝗮𝗿𝗮 𝗽𝗲𝗸𝗲𝗿𝗷𝗮 𝗠𝗕𝗚 katanya menjijikkan,in,226,51,17,6,7422,0,1_root,MBG[Top],,negatif,-1,https://x.com/menuembegejelek/status/2094338771567411395
2093887005260484835,2026-08-30 02:22:19,BANGSAygSUJUD,🇲🇨 B. Prasetya 🇲🇨,29849,"Hari itu, di saat beberapa Buser menginginkan MBG distop selamanya...

Pada hari itu juga ada anak seorang anak lahap menyantap MBG karena keterbatasan ekonomi

Dan ini dialami banyak anak2 lainnya

Sisi lain harus diakui banyak yg harus dibenahi dalam pelaksanaan MBG agar tepat sasaran juga yg terpenting menegakkan aturan tegas/pidana bagi dapur penyebab keracunan juga korupsi bahan 

Namanya juga MBG wajib benar2 memenuhi standart gizi terlebih keamanan pangan

Adik cantik, semoga kelak hidupmu berkecukupan, Amin, Al Fatihah",hari itu di saat beberapa buser menginginkan mbg distop selamanya pada hari itu juga ada anak seorang anak lahap menyantap mbg karena keterbatasan ekonomi dan ini dialami banyak anak2 lainnya sisi lain harus diakui banyak yg harus dibenahi dalam pelaksanaan mbg agar tepat sasaran juga yg terpenting menegakkan aturan tegas pidana bagi dapur penyebab keracunan juga korupsi bahan namanya juga mbg wajib benar2 memenuhi standart gizi terlebih keamanan pangan adik cantik semoga kelak hidupmu berkecukupan amin al fatihah,in,110,27,366,13,39723,0,1_root,MBG[Top],,negatif,-1,https://x.com/BANGSAygSUJUD/status/2093887005260484835
2049353072036770171,2026-04-29 05:00:22,tempodotco,tempo.co,2533930,Kepala BGN Minta Kampus Ikut Bangun Dapur MBG https://t.co/26MiSLCJGY,kepala bgn minta kampus ikut bangun dapur mbg,in,16167,1829,3562,10263,1842659,0,1_root,MBG[Top],,netral,0,https://x.com/tempodotco/status/2049353072036770171
2036684507823079919,2026-03-25 06:00:01,tempodotco,tempo.co,2533930,Prabowo Tak Akan Hentikan MBG: Uang Kita Ada https://t.co/ho6k4I2Kdt,prabowo tak akan hentikan mbg uang kita ada,in,14777,2531,2937,7723,2159769,0,1_root,MBG[Top],,netral,0,https://x.com/tempodotco/status/2036684507823079919
2092490780938219795,2026-08-26 05:54:13,SudutTakKasat,Pocong,11772,"Menurut gua, nggak perlu ada gerakan untuk melengserkan Presiden atau Wakil Presiden secara paksa, karena itu bentuk makar dan gua takut malah membuka jalan ke situasi seperti junta militer di Myanmar.

Lebih baik Pak Prabowo secara gentle berdiri di depan rakyat, mengakui kesalahan, introspeksi, dan meminta maaf atas kebijakan kontroversial yang sudah dibuat. Ingat, bangsa kita ini bangsa yang pemaaf. Kalau seorang pemimpin mau mengakui kesalahan dan benar-benar memperbaikinya, gua yakin masih banyak rakyat yang bisa memaafkan.

Program seperti MBG atau Kopdes juga seharusnya dievaluasi lagi. Kalau memang belum menjadi prioritas, anggarannya bisa dialihkan ke sektor yang lebih penting seperti kesehatan dan pendidikan atau kebutuhan dasar. Pejabat yang nggak becus kerja ya dicopot, ganti dengan orang yang kompeten.

Dan tolong, kalau pidato jangan asbun terus. Jangan sampai setiap ngomong malah bikin rakyat makin marah.",menurut gua nggak perlu ada gerakan untuk melengserkan presiden atau wakil presiden secara paksa karena itu bentuk makar dan gua takut malah membuka jalan ke situasi seperti junta militer di myanmar lebih baik pak prabowo secara gentle berdiri di depan rakyat mengakui kesalahan introspeksi dan meminta maaf atas kebijakan kontroversial yang sudah dibuat ingat bangsa kita ini bangsa yang pemaaf kalau seorang pemimpin mau mengakui kesalahan dan benar benar memperbaikinya gua yakin masih banyak rakyat yang bisa memaafkan program seperti mbg atau kopdes juga seharusnya dievaluasi lagi kalau memang belum menjadi prioritas anggarannya bisa dialihkan ke sektor yang lebih penting seperti kesehatan dan pendidikan atau kebutuhan dasar pejabat yang nggak becus kerja ya dicopot ganti dengan orang yang kompeten dan tolong kalau pidato jangan asbun terus jangan sampai setiap ngomong malah bikin rakyat makin marah,in,121,31,31,3,46869,0,1_root,MBG[Top],,positif,1,https://x.com/SudutTakKasat/status/2092490780938219795
2092402899448115523,2026-08-26 00:05:00,sibambaang,Bambang,9524,"• Jika Prabowo Subianto lengser, maka Gibran Rakabuming akan memimpin Indonesia (Gibran otomatis ikutan lengser sih).

• Jika keduanya lengser, maka Sjafrie Sjamsoeddin (Menhan), Tito Karnavian (Mendagri) &amp; Sugiono (Menlu) akan memimpin Indonesia secara bersamaan. https://t.co/gpygkQoyqo",jika prabowo subianto lengser maka gibran rakabuming akan memimpin indonesia gibran otomatis ikutan lengser sih jika keduanya lengser maka sjafrie sjamsoeddin menhan tito karnavian mendagri amp sugiono menlu akan memimpin indonesia secara bersamaan,in,9,4,9,3,48027,0,1_root,MBG[Top],,netral,0,https://x.com/sibambaang/status/2092402899448115523
2094042852502471153,2026-08-30 12:41:36,RagilSemar,🅱🅰🅶🅾🅽🅶,57348,"Ada yg menarik perhatian Bagong di hasil muktamar NU tahun 2026

Bahtsul Masail Qanuniyah meminta pemerintah menghentikan penggunaan anggaran pendidikan untuk membiayai MBG mulai tahun anggaran 2027.

Rekomendasi ini merujuk Putusan MK Nomor 40/PUU-XXIV/2026.D

SEPAKAT,  YAI!",ada yg menarik perhatian bagong di hasil muktamar nu tahun 2026 bahtsul masail qanuniyah meminta pemerintah menghentikan penggunaan anggaran pendidikan untuk membiayai mbg mulai tahun anggaran 2027 rekomendasi ini merujuk putusan mk nomor 40 puu xxiv 2026 d sepakat yai,in,120,31,12,1,4009,0,1_root,MBG[Top],,netral,0,https://x.com/RagilSemar/status/2094042852502471153
2031339285035786376,2026-03-10 12:00:00,tempodotco,tempo.co,2533930,BGN: Menu MBG Lele Mentah untuk Digoreng di Rumah https://t.co/WMXcXmXBVp,bgn menu mbg lele mentah untuk digoreng di rumah,in,5145,1098,1581,2259,2740761,0,1_root,MBG[Top],,netral,0,https://x.com/tempodotco/status/2031339285035786376
2093958209543528593,2026-08-30 07:05:15,myshawti,Catholic 𐕣,59260,"Yang sering keliru itu menganggap banyaknya lapangan kerja sebagai bukti bahwa MBG pasti layak dipertahankan.

Padahal tujuan dan dampak kebijakan itu dua hal berbeda, kalau tujuan utama MBG adalah meningkatkan kualitas gizi anak ya keberhasilannya harus dilihat dari apakah gizi anak membaik, apakah program tepat sasaran, bagaimana pengawasannya, dan apakah hasilnya sebanding dengan anggaran yang dikeluarkan.

Lapangan kerja dan perputaran ekonomi memang bisa menjadi dampak positif, tapi jangan sampai efek sampingnya justru dipakai untuk membenarkan kebijakan tanpa mengevaluasi tujuan utamanya.

Kebijakan publik seharusnya dinilai dari hasil yang memang ingin dicapai, bukan sekadar dari efek positif.",yang sering keliru itu menganggap banyaknya lapangan kerja sebagai bukti bahwa mbg pasti layak dipertahankan padahal tujuan dan dampak kebijakan itu dua hal berbeda kalau tujuan utama mbg adalah meningkatkan kualitas gizi anak ya keberhasilannya harus dilihat dari apakah gizi anak membaik apakah program tepat sasaran bagaimana pengawasannya dan apakah hasilnya sebanding dengan anggaran yang dikeluarkan lapangan kerja dan perputaran ekonomi memang bisa menjadi dampak positif tapi jangan sampai efek sampingnya justru dipakai untuk membenarkan kebijakan tanpa mengevaluasi tujuan utamanya kebijakan publik seharusnya dinilai dari hasil yang memang ingin dicapai bukan sekadar dari efek positif,in,72,30,2,0,1949,0,1_root,MBG[Top],,positif,3,https://x.com/myshawti/status/2093958209543528593
2094090868152226022,2026-08-30 15:52:23,vier4x4,vi er,12391,"Rill, pejabat pemerintahan  asbun, gk pakai data dan lebih mentingin MBG daripada kondisi keselamatan anak. Kantin mati karena sekolah diliburkan masih bisa dipikirin, tapi kalau anak sampai terdampak asap, itu menyangkut kesehatan dan keselamatan.

Lagipula, memangnya ada data yang menunjukkan anak sekolah bikin keributan di kafe pas diliburkan? Hari libur aja mereka gk sekolah ga ada tuh anak sekolah bikin keributan. Jadi jangan bikin kebijakan seolah-olah MBG lebih mendesak daripada keselamatan anak di tengah kondisi asap separah ini.

Kebijakan publik mestinya lahir dari data, mitigasi risiko, dan prioritas keselamatan bukan asumsi.",rill pejabat pemerintahan asbun gk pakai data dan lebih mentingin mbg daripada kondisi keselamatan anak kantin mati karena sekolah diliburkan masih bisa dipikirin tapi kalau anak sampai terdampak asap itu menyangkut kesehatan dan keselamatan lagipula memangnya ada data yang menunjukkan anak sekolah bikin keributan di kafe pas diliburkan hari libur aja mereka gk sekolah ga ada tuh anak sekolah bikin keributan jadi jangan bikin kebijakan seolah olah mbg lebih mendesak daripada keselamatan anak di tengah kondisi asap separah ini kebijakan publik mestinya lahir dari data mitigasi risiko dan prioritas keselamatan bukan asumsi,in,78,27,7,0,2005,0,1_root,MBG[Top],,netral,0,https://x.com/vier4x4/status/2094090868152226022
2093970875733446874,2026-08-30 07:55:35,KapudS640,txt keresahan WNI,19949,"liat berita kepala bgn bilang bakal coret sekolah-sekolah swasta elit yang ada di daftar penerima mbg.

WOI!! 🫵🏻 gue salah satu leader di salah satu site sekolah swasta itu ya!

SEKALIPUN! SEKALIPUN GAK PERNAH SEKOLAH KAMI TERIMA MBG!

jadi pertanyaannya, dana buat sekolah-sekolah swasta itu sebenarnya dikemanain? 🤬😒

sekolah kami aja sampai 3x dianterin tv interaktif yang katanya dari presiden, kami tolak!

jadi please, gak usah asbun! 🫵🏻🤬😒

heran banget sama yang bikin berita! 🫵🏻🤬😒",liat berita kepala bgn bilang bakal coret sekolah sekolah swasta elit yang ada di daftar penerima mbg woi gue salah satu leader di salah satu site sekolah swasta itu ya sekalipun sekalipun gak pernah sekolah kami terima mbg jadi pertanyaannya dana buat sekolah sekolah swasta itu sebenarnya dikemanain sekolah kami aja sampai 3x dianterin tv interaktif yang katanya dari presiden kami tolak jadi please gak usah asbun heran banget sama yang bikin berita,in,234,54,0,1,5672,0,1_root,MBG[Top],,negatif,-3,https://x.com/KapudS640/status/2093970875733446874
2092496244543209803,2026-08-26 06:15:56,LambeSahamjja,Lambe Saham,79928,"isi yapping prabowo di ntt:
- ucapan terimakasih ke aparat semua
- saudara saudara sekalian 
- saya sengaja tidak datang di awal 
- saya kasih kesempatan untuk pejabat daerah 
- bisa tidak atasi sendiri dulu
- jangan sedikit sedikit pemerintah pusat 
- tapi saya liat sudah terkendali semuanya 
- saya dapat laporan dari bupati dan gubernur MBG bermanfaat 
- di situasi seperti ini
- hanya elit yang tidak mau MBG ada 
- 1 porsi makanan emang tidak artinya kalo udah kaya
- saya ingin ada budidayakan ikan 100 hektar di pantai",isi yapping prabowo di ntt ucapan terimakasih ke aparat semua saudara saudara sekalian saya sengaja tidak datang di awal saya kasih kesempatan untuk pejabat daerah bisa tidak atasi sendiri dulu jangan sedikit sedikit pemerintah pusat tapi saya liat sudah terkendali semuanya saya dapat laporan dari bupati dan gubernur mbg bermanfaat di situasi seperti ini hanya elit yang tidak mau mbg ada 1 porsi makanan emang tidak artinya kalo udah kaya saya ingin ada budidayakan ikan 100 hektar di pantai,in,16555,3780,1391,4372,1709112,0,1_root,MBG[Top],,positif,1,https://x.com/LambeSahamjja/status/2092496244543209803
2092628779894235224,2026-08-26 15:02:34,diraism,nana kopaja (deera),13821,i cant wait for the day #he dies and gets buried along with his ompreng mbg,i cant wait for the day he dies and gets buried along with his ompreng mbg,en,21220,8992,5,155,156035,0,1_root,MBG[Top],,netral,0,https://x.com/diraism/status/2092628779894235224
2089589357518712959,2026-08-18 05:45:00,tempodotco,tempo.co,2533930,JUST IN: Keracunan MBG di Karo Diduga akibat Ikan Tak Disimpan di Freezer,just in keracunan mbg di karo diduga akibat ikan tak disimpan di freezer,in,4875,1281,99,289,128248,0,1_root,MBG[Top],,negatif,-1,https://x.com/tempodotco/status/2089589357518712959
2090669032806691254,2026-08-21 05:15:14,menuembegejelek,MBG Jelek,61659,"Astaghfirullahaladzim. Setelah kami cross-check ternyata BUSEEETT!! Bener-bener ya kubangan lumpur Kedawung 2.

Komitmen gizi apaan?? Menumu bener-bener bikin emosi cookk. Kok PEDE banget dah buat ngupload?? 😭🤢🤮 https://t.co/MgRCHoqdgk",astaghfirullahaladzim setelah kami cross check ternyata buseeett bener bener ya kubangan lumpur kedawung 2 komitmen gizi apaan menumu bener bener bikin emosi cookk kok pede banget dah buat ngupload,in,4469,590,129,169,703545,0,1_root,MBG[Top],,netral,0,https://x.com/menuembegejelek/status/2090669032806691254
2090659310502310116,2026-08-21 04:36:36,allenbeillll,me,448,"@menuembegejelek lihatlah menu mbg hari ini

kok bisa kepikiran ya https://t.co/iPY5bQKNx4",lihatlah menu mbg hari ini kok bisa kepikiran ya,in,361,36,81,329,1613049,0,1_root,MBG[Top],,netral,0,https://x.com/allenbeillll/status/2090659310502310116
2093960440552341748,2026-08-30 07:14:07,menuembegejelek,MBG Jelek,61659,"Di bawah kecongkakan dan kepongahan sudaryono, tidak akan pernah ada masa depan yang cerah bagi BGN; bagi para pegawai-pegawainya, bagi para penerima manfaatnya.

Tengok aja, alih-alih membetulkan persoalan dan membereskan PR-PR secara serius, ia malah memilih melakuken campaign-campaign gimmick yang begini.

Sungguh nampak NATURAL. 🙂",di bawah kecongkakan dan kepongahan sudaryono tidak akan pernah ada masa depan yang cerah bagi bgn bagi para pegawai pegawainya bagi para penerima manfaatnya tengok aja alih alih membetulkan persoalan dan membereskan pr pr secara serius ia malah memilih melakuken campaign campaign gimmick yang begini sungguh nampak natural,in,552,164,19,9,27423,0,1_root,MBG[Top],,netral,0,https://x.com/menuembegejelek/status/2093960440552341748
2094202769192436188,2026-08-30 23:17:03,subaktelkomsel,subak telkomsel,541,"asap udah ngepul, yang dipikirin bukan kesehatan anak2 sekolah malah MBG lailahailallahhh gws",asap udah ngepul yang dipikirin bukan kesehatan anak2 sekolah malah mbg lailahailallahhh gws,in,187,64,0,0,3604,0,1_root,MBG[Top],,netral,0,https://x.com/subaktelkomsel/status/2094202769192436188
2092154793209061480,2026-08-25 07:39:07,akunhewan,gunawan (pengguna akun hewan),11953,"gempa NTT:
- 50rb+ rumah rusak
- pelabuhan rusak
- RSUD rusak
- 1000+ fasilitas pendidikan rusak
- 50+ rumah ibadah rusak
- 70+ kantor rusak

prioritas pemerintah:
- bangun 1700+ dapur MBG

🤦🏻🤦🏻🤦🏻",gempa ntt 50rb rumah rusak pelabuhan rusak rsud rusak 1000 fasilitas pendidikan rusak 50 rumah ibadah rusak 70 kantor rusak prioritas pemerintah bangun 1700 dapur mbg,in,3554,2633,74,114,90142,0,1_root,MBG[Top],,negatif,-6,https://x.com/akunhewan/status/2092154793209061480
1971073094778511523,2025-09-25 04:43:41,iPopBase,Indonesian Pop Base,193864,"Nutritionist DR. dr. Tan Shot Yen, M.Hum blasts Badan Gizi Nasional over the poor quality of MBG during DPR meeting. https://t.co/5it2C81elJ",nutritionist dr dr tan shot yen m hum blasts badan gizi nasional over the poor quality of mbg during dpr meeting,en,38361,15609,444,1462,2157007,0,1_root,MBG[Top],,netral,0,https://x.com/iPopBase/status/1971073094778511523
2093388337981837752,2026-08-28 17:20:47,menuembegejelek,MBG Jelek,61659,"⚠️IMAGINE!

Ada warga sipil tak bersalah yang dikeroyok, dipukuli, ditelanjangi, dianiaya dengan brutal, dan dib*nuh oleh ormas yang KETUA DEWAN PEMBINANYA ADALAH PRESIDEN YANG SAAT INI MENJABAT!

ONCE AGAIN, IMAGINE! https://t.co/nBABa4mRrT",imagine ada warga sipil tak bersalah yang dikeroyok dipukuli ditelanjangi dianiaya dengan brutal dan dib nuh oleh ormas yang ketua dewan pembinanya adalah presiden yang saat ini menjabat once again imagine,in,27259,14012,565,400,240831,0,1_root,MBG[Top],,netral,0,https://x.com/menuembegejelek/status/2093388337981837752
2048241154185929154,2026-04-26 03:22:00,tempodotco,tempo.co,2533930,JUST IN: Asosiasi Pengusaha dan Pengelola Dapur Makan Bergizi Gratis (APPMBGI) Ingin MBG Berlanjut hingga 25 Tahun,just in asosiasi pengusaha dan pengelola dapur makan bergizi gratis appmbgi ingin mbg berlanjut hingga 25 tahun,in,10836,2312,1741,4915,1954700,0,1_root,MBG[Top],,positif,2,https://x.com/tempodotco/status/2048241154185929154
2092960227050270753,2026-08-27 12:59:38,daissyellow,dai,43,"padahal demo sebelumnya tuntutannya soal permasalahan MBG, harga bahan pokok naik, penetapan status bencana sumatera &amp; ntt jadi bencana nasional, dll. kok sekarang yang dibawa cuma uu perampasan aset? idk but this feels kinda sus",padahal demo sebelumnya tuntutannya soal permasalahan mbg harga bahan pokok naik penetapan status bencana sumatera amp ntt jadi bencana nasional dll kok sekarang yang dibawa cuma uu perampasan aset idk but this feels kinda sus,in,22122,6259,51,133,237434,0,1_root,MBG[Top],,negatif,-2,https://x.com/daissyellow/status/2092960227050270753
2092514474565697671,2026-08-26 07:28:22,tigawindu,ares,127,NGAPAIN SIH NANYAIN MBG LANJUTIN ATAU ENGGAK DI DEPAN KORBAN BENCANA GEMPA NTT????? NIREMPATI DAN GAK MANUSIAWI!!!!!!!!,ngapain sih nanyain mbg lanjutin atau enggak di depan korban bencana gempa ntt nirempati dan gak manusiawi,in,65684,21279,155,512,430354,0,1_root,MBG[Top],,negatif,-1,https://x.com/tigawindu/status/2092514474565697671
2084611809605308913,2026-08-04 12:06:00,intinyadeh,intinyadeh,279507,"#intinyadeh ada paper, salah satu authornya adalah Presiden Prabowo, bahas ttg Program MBG untuk diajukan dalam Nobel Perdamaian 2026.

Netizen komentari isinya AI banget, bahkan ada sisa prompt AI yg belum dihapus:

""One-sentence Nobel interpretation (optional, very strong)""",intinyadeh ada paper salah satu authornya adalah presiden prabowo bahas ttg program mbg untuk diajukan dalam nobel perdamaian 2026 netizen komentari isinya ai banget bahkan ada sisa prompt ai yg belum dihapus one sentence nobel interpretation optional very strong,in,16248,4473,210,245,412301,0,1_root,MBG[Top],,negatif,-1,https://x.com/intinyadeh/status/2084611809605308913
2092766839571141034,2026-08-27 00:11:10,SoundOfYogi,Yogi Natasukma™,46204,"Buset??

Sekarang ortu yg direpotin??

Useless banget emang MBG itu",buset sekarang ortu yg direpotin useless banget emang mbg itu,in,73,26,3,0,4627,0,1_root,MBG[Top],,netral,0,https://x.com/SoundOfYogi/status/2092766839571141034
2092472797864038838,2026-08-26 04:42:45,recehsjaa,aerobit,5703,"Nemu disebelah, Guys bantu dong !!

 Mau tanya,apakah di sekolah anak kalian ada piket mbg seperti ini ??

Jadi ortu murid di harus kan hadir untuk distribusi ompreng mbg dr mobil mbg ke kelas kelas ?? https://t.co/Y6QEDpYZXb",nemu disebelah guys bantu dong mau tanya apakah di sekolah anak kalian ada piket mbg seperti ini jadi ortu murid di harus kan hadir untuk distribusi ompreng mbg dr mobil mbg ke kelas kelas,in,1663,292,237,155,291477,0,1_root,MBG[Top],,netral,0,https://x.com/recehsjaa/status/2092472797864038838
2014214195659899161,2026-01-22 05:51:01,kaptenAmercia,( ◕◡◕)っ,71780,Masa katanya anak yang putus sekolah juga akan dapat MBG???? wkwkwkwkwkwkwkkwkw bukannya bantu dilanjutin sekolahnya jir gmn sih ini gw yg gila apa mereka yang gila wkwkwkwkwkw,masa katanya anak yang putus sekolah juga akan dapat mbg wkwkwkwkwkwkwkkwkw bukannya bantu dilanjutin sekolahnya jir gmn sih ini gw yg gila apa mereka yang gila wkwkwkwkwkw,in,91647,25561,847,2494,1961016,0,1_root,MBG[Top],,netral,0,https://x.com/kaptenAmercia/status/2014214195659899161
2093514379815997899,2026-08-29 01:41:38,Opposisi6890,Opposisi6890,57072,"Saat demo mahasiswa kemarin
Kemana personel 9000 aparat!??? 

Apa sedang menanam SAWIT???? 
Apa sedang ngurusin MBG??? 

Preman dipelihara dalam istana. https://t.co/hFJM9Dz0xR",saat demo mahasiswa kemarin kemana personel 9000 aparat apa sedang menanam sawit apa sedang ngurusin mbg preman dipelihara dalam istana,in,3148,1716,111,31,34544,0,1_root,MBG[Top],,netral,0,https://x.com/Opposisi6890/status/2093514379815997899
2055989208414666846,2026-05-17 12:30:00,tempodotco,tempo.co,2533930,JUST IN: Polri Targetkan 1.500 Dapur MBG pada 2026,just in polri targetkan 1 500 dapur mbg pada 2026,in,4834,846,669,1830,1380737,0,1_root,MBG[Top],,netral,0,https://x.com/tempodotco/status/2055989208414666846
2092520294854570156,2026-08-26 07:51:30,bismillahyuk_,hot cocoa,14320,"Lawak banget.
Orang tua murid wajib hadir ke sekolah untuk distribusiin omprengan MBG (dr mobil MBG ke kelas)

Bahkan ada ""jadwal piket"" nya hahaha sampe gaboleh beralasan. Galak bener Mama Aqila. Dikira orang tua murid ga ada kesibukan lain ya 🥺

Indahnya negeri Indonesia 🥳❤️ https://t.co/RBdprUllJ8",lawak banget orang tua murid wajib hadir ke sekolah untuk distribusiin omprengan mbg dr mobil mbg ke kelas bahkan ada jadwal piket nya hahaha sampe gaboleh beralasan galak bener mama aqila dikira orang tua murid ga ada kesibukan lain ya indahnya negeri indonesia,in,687,78,72,55,89884,0,1_root,MBG[Top],,netral,0,https://x.com/bismillahyuk_/status/2092520294854570156
2092782145710559699,2026-08-27 01:12:00,txtdrimedia,txtdrimedia,962230,"di tengah rapat penangan bencana NTT, bupati nagekeo memuji program MBG dihadapan prabs

𖥔 tingkat kehadiran siswa nyaris 100% krn ada MBG
𖥔 kebugaran siswa meningkat
𖥔 sebelum ada MBG, siswa flu & pilek tiap 2 minggu. setelah ada MBG sehat total 
- angka KDRT menurun drastis setelah adanya MBG",di tengah rapat penangan bencana ntt bupati nagekeo memuji program mbg dihadapan prabs 𖥔 tingkat kehadiran siswa nyaris 100 krn ada mbg 𖥔 kebugaran siswa meningkat 𖥔 sebelum ada mbg siswa flu pilek tiap 2 minggu setelah ada mbg sehat total angka kdrt menurun drastis setelah adanya mbg,in,587,136,211,152,94816,0,1_root,MBG[Top],,positif,1,https://x.com/txtdrimedia/status/2092782145710559699
2092627648736555398,2026-08-26 14:58:05,txtdrimedia,txtdrimedia,962230,"bjir ditengah pemulihan bencana, bupati nagekeo masih berusaha untuk menjilat

bupati:
""kami melakukan survei di masyarakat yg tingkat KDRT nya sangat tinggi, sekarang udh jauh berkurang berkat adanya MBG""

""orang lain boleh biacara apapun soal MBG tapi untuk wilayah kami, kami minta MBG ditingkatkan""",bjir ditengah pemulihan bencana bupati nagekeo masih berusaha untuk menjilat bupati kami melakukan survei di masyarakat yg tingkat kdrt nya sangat tinggi sekarang udh jauh berkurang berkat adanya mbg orang lain boleh biacara apapun soal mbg tapi untuk wilayah kami kami minta mbg ditingkatkan,in,327,91,40,31,155712,0,1_root,MBG[Top],,negatif,-1,https://x.com/txtdrimedia/status/2092627648736555398
2047239059089842371,2026-04-23 09:00:02,tempodotco,tempo.co,2533930,"Anggaran IT MBG Rp1,2 Triliun, BGN: untuk Pemantauan Real-Time https://t.co/jOIUfef0tH",anggaran it mbg rp1 2 triliun bgn untuk pemantauan real time,in,9237,2431,1808,3036,3706196,0,1_root,MBG[Top],,netral,0,https://x.com/tempodotco/status/2047239059089842371
2094278694483452287,2026-08-31 04:18:45,Mdy_Asmara1701,Maudy Asmara,298890,Menu MBG Senin 31 Agustus 2026 kelas 1 SDN https://t.co/j9QH5VD8Jk,menu mbg senin 31 agustus 2026 kelas 1 sdn,in,29,26,2,0,2503,0,1_root,MBG[Top],,netral,0,https://x.com/Mdy_Asmara1701/status/2094278694483452287
2092515025680539940,2026-08-26 07:30:33,LambeSahamjja,Lambe Saham,79928,"momen prabowo nanya MBG lanjut atau tidak di NTT:
- saya dapat laporan dari bupati dan gubernur mbg bermanfaat bagi rakyat sini
- mau di lanjutin atau tidak mbg?
- lanjutkan
- baik terimakasih, saya kira akan terus dilanjutkan supaya anak anak kita sehat trus https://t.co/pbkf3jXEaf",momen prabowo nanya mbg lanjut atau tidak di ntt saya dapat laporan dari bupati dan gubernur mbg bermanfaat bagi rakyat sini mau di lanjutin atau tidak mbg lanjutkan baik terimakasih saya kira akan terus dilanjutkan supaya anak anak kita sehat trus,in,1682,187,392,584,191616,0,1_root,MBG[Top],,positif,3,https://x.com/LambeSahamjja/status/2092515025680539940
2093903457900179894,2026-08-30 03:27:41,SukaBaca2000,SukaBaca,22,"Sy krg percaya dg berita ini. Seolah2 ada penghematan MBG krn coret sekolah elit dr daftar penerima MBG. Sekolah anakku yg swasta biasa SPP 1,5jt, tdk pernah terima MBG. Krn ortu pd nolak. Apalagi sekelas JIS yg bs digoogling uang tahunan SD 551jt/th = 45,92jt/bln.",sy krg percaya dg berita ini seolah2 ada penghematan mbg krn coret sekolah elit dr daftar penerima mbg sekolah anakku yg swasta biasa spp 1 5jt tdk pernah terima mbg krn ortu pd nolak apalagi sekelas jis yg bs digoogling uang tahunan sd 551jt th 45 92jt bln,in,0,0,0,0,22,0,1_root,MBG[Top],,netral,0,https://x.com/SukaBaca2000/status/2093903457900179894
2089938907924398580,2026-08-19 04:53:59,rebukanrain,Rebukanre,8278,"Maaf ganggu scrolling-nya.

Cuma mau info. Seluruh penjuru pulau Kalimantan bagian Indonesia kebakaran. Setiap titik api sangat besar dan luas. Bisa 2x lipat Jakpus dan 1.3x kota Denpasar. 

Sungai-sungai kering, harga bahan pokok naik, air bersih susah, jarak pandang tertutup kabut asap, banyak anak sesak nafas. Ah, tapi MBG dan Kopdes aman kok, tenang aja. Silahkan lanjut scrolling lagi.",maaf ganggu scrolling nya cuma mau info seluruh penjuru pulau kalimantan bagian indonesia kebakaran setiap titik api sangat besar dan luas bisa 2x lipat jakpus dan 1 3x kota denpasar sungai sungai kering harga bahan pokok naik air bersih susah jarak pandang tertutup kabut asap banyak anak sesak nafas ah tapi mbg dan kopdes aman kok tenang aja silahkan lanjut scrolling lagi,in,59683,42454,321,1072,1550635,0,1_root,MBG[Top],,positif,1,https://x.com/rebukanrain/status/2089938907924398580
1893601702273806465,2025-02-23 10:00:01,ARSIPAJA,Jejak digital.,194171,"MBG:                                  Equil(e-katalog):
Rp10.000                          Rp34.650 https://t.co/L6khBkGHUA",mbg equil e katalog rp10 000 rp34 650,in,45383,14085,650,718,2060094,0,1_root,MBG[Top],,netral,0,https://x.com/ARSIPAJA/status/1893601702273806465
1893329929158434934,2025-02-22 16:00:06,prabowo,Prabowo Subianto,5238491,"Alhamdulillah, hari ini saya berkesempatan kembali bersilaturahmi dengan rekan-rekan Pimpinan Redaksi (Pimred) serta tokoh-tokoh senior media di Padepokan Garuda Yaksa, Hambalang, Bogor, Jawa Barat.

Setelah hampir 20 bulan sejak pertemuan terakhir pada 18 Juni 2023, akhirnya hari ini kami kembali bertemu dalam suasana penuh kehangatan dan kebersamaan selama enam jam.

Kami berdiskusi dan bertukar pandangan mengenai berbagai isu serta kebijakan strategis, di mana media memegang peran penting sebagai ujung tombak penyampaian informasi yang utuh dan terpercaya kepada masyarakat.

Semoga pertemuan ini semakin memperkuat sinergi dan kontribusi media dalam membangun bangsa.",alhamdulillah hari ini saya berkesempatan kembali bersilaturahmi dengan rekan rekan pimpinan redaksi pimred serta tokoh tokoh senior media di padepokan garuda yaksa hambalang bogor jawa barat setelah hampir 20 bulan sejak pertemuan terakhir pada 18 juni 2023 akhirnya hari ini kami kembali bertemu dalam suasana penuh kehangatan dan kebersamaan selama enam jam kami berdiskusi dan bertukar pandangan mengenai berbagai isu serta kebijakan strategis di mana media memegang peran penting sebagai ujung tombak penyampaian informasi yang utuh dan terpercaya kepada masyarakat semoga pertemuan ini semakin memperkuat sinergi dan kontribusi media dalam membangun bangsa,in,4662,688,2906,4891,14994975,0,1_root,MBG[Top],,positif,1,https://x.com/prabowo/status/1893329929158434934
2093960760745738298,2026-08-30 07:15:23,Hilmi28,Hilmi Firdausi,624381,"Itu konsep silent majority maksudanya apa kalau ada kebijakan ngawur silent, korupsi dimana2 silent, keracunan MBG silent, Kopdes di lokasi antah berantah silent, penanganan bencana lambat silent, Pak Bambang tewas oleh preman2 biadab silent, gitu yaa???",itu konsep silent majority maksudanya apa kalau ada kebijakan ngawur silent korupsi dimana2 silent keracunan mbg silent kopdes di lokasi antah berantah silent penanganan bencana lambat silent pak bambang tewas oleh preman2 biadab silent gitu yaa,in,4024,1376,39,26,40932,0,1_root,MBG[Top],,negatif,-4,https://x.com/Hilmi28/status/2093960760745738298
2093342923572252705,2026-08-28 14:20:20,aizisaizing,💃🏻Zizizuzu🪄💭,812,@selowdive mbg by💀,mbg by,in,0,0,0,0,33,0,1_root,MBG[Top],,netral,0,https://x.com/aizisaizing/status/2093342923572252705
2093632066898608226,2026-08-29 09:29:17,ardisatriawan,Ardianto Satriawan,102702,Bupati Nagekeo: KDRT berkurang sejak ada MBG! https://t.co/P7IdUKPqfs,bupati nagekeo kdrt berkurang sejak ada mbg,in,114,25,29,1,4588,0,1_root,MBG[Top],,netral,0,https://x.com/ardisatriawan/status/2093632066898608226
2094269879658668437,2026-08-31 03:43:43,jgn2ayanokoji,Pacarnya Keima,0,"@sxrbael Gila ya mereka, apa ga takut gt didoain org mati? Bener2 banyakkkk bgt yg doain dia mati, sial, dsb. Maksudnya, emg itu semua hak prerogratif tuhan, tapi emg gak serrrrr gt hatinya? Jir kalo emg engga si fix cangkang doang manusia, dalemnya kopong nunggu ada yg nyenggol dan pecah",gila ya mereka apa ga takut gt didoain org mati bener2 banyakkkk bgt yg doain dia mati sial dsb maksudnya emg itu semua hak prerogratif tuhan tapi emg gak serrrrr gt hatinya jir kalo emg engga si fix cangkang doang manusia dalemnya kopong nunggu ada yg nyenggol dan pecah,in,8,0,1,0,1426,0,1_root,MBG[Top],,netral,0,https://x.com/jgn2ayanokoji/status/2094269879658668437
2094309777795125618,2026-08-31 06:22:16,sxrbael,el,273,"@jgn2ayanokoji Orang kek gitu gak takut tuhan dan gak tahun mati keknya, takutnya mbg libur karena gak dapat 8jt sehari 🤡",orang kek gitu gak takut tuhan dan gak tahun mati keknya takutnya mbg libur karena gak dapat 8jt sehari,in,0,0,0,0,933,0,1_root,MBG[Top],,netral,0,https://x.com/sxrbael/status/2094309777795125618
2094272272207134763,2026-08-31 03:53:14,LambeSahamjja,Lambe Saham,79924,"pembelaaan buzzer soal jumlah kopdes dan mbg:
- desta bilang perbandingan zumaahmad9 itu ngawur cuma buat bikin provokasi
- kopdes angkanya 83 ribu karena emang sesuai jumlah desa di indonesia
- puskesmas basisnya per kecamatan bukan desa jadi 10 ribu unit udah cukup
- dia bilang ga masuk akal maksa bangun 83 ribu rumah sakit dan kampus di tiap desa
- katanya harus pahami dulu hierarki tata ruang negara sebelum komentar asal",pembelaaan buzzer soal jumlah kopdes dan mbg desta bilang perbandingan zumaahmad9 itu ngawur cuma buat bikin provokasi kopdes angkanya 83 ribu karena emang sesuai jumlah desa di indonesia puskesmas basisnya per kecamatan bukan desa jadi 10 ribu unit udah cukup dia bilang ga masuk akal maksa bangun 83 ribu rumah sakit dan kampus di tiap desa katanya harus pahami dulu hierarki tata ruang negara sebelum komentar asal,in,103,9,32,7,24064,0,1_root,MBG[Top],,positif,1,https://x.com/LambeSahamjja/status/2094272272207134763
2049473787989536868,2026-04-29 13:00:03,tempodotco,tempo.co,2533925,Prabowo Tuding Banyak Orang Takut MBG Berhasil https://t.co/oRJwJsU3NG,prabowo tuding banyak orang takut mbg berhasil,in,7240,993,2208,3494,1595359,0,1_root,MBG[Top],,positif,1,https://x.com/tempodotco/status/2049473787989536868
2051230200894263440,2026-05-04 09:19:24,tempodotco,tempo.co,2533925,BREAKING: Mahasiswa demo di Kementerian Pendidikan desak program MBG dihentikan,breaking mahasiswa demo di kementerian pendidikan desak program mbg dihentikan,in,46104,14828,357,480,811591,0,1_root,MBG[Top],,netral,0,https://x.com/tempodotco/status/2051230200894263440
2074727681313390824,2026-07-08 05:30:00,tempodotco,tempo.co,2533925,"Kepala BGN Nanik S. Deyang diduga terafiliasi dengan dapur MBG di Madiun dan Depok. Dapur fiktif bermunculan dari tengah laut.

#TempoPlus 
https://t.co/sbEChATdpD",kepala bgn nanik s deyang diduga terafiliasi dengan dapur mbg di madiun dan depok dapur fiktif bermunculan dari tengah laut tempoplus,in,5071,2384,195,142,186718,0,1_root,MBG[Top],,netral,0,https://x.com/tempodotco/status/2074727681313390824
2062451791779008556,2026-06-04 08:30:00,tempodotco,tempo.co,2533925,JUST IN: Prabowo Larang Telur Dadar Jadi Menu MBG,just in prabowo larang telur dadar jadi menu mbg,in,11851,967,1177,2089,1105363,0,1_root,MBG[Top],,netral,0,https://x.com/tempodotco/status/2062451791779008556
2093877302539248098,2026-08-30 01:43:45,rebukanrain,Rebukanre,8278,"JEPANG TURUN TANGAN BANTU INDONESIA!

SEKITAR 600 PASUKAN KHUSUS, KAPAL AMFIBI JS KUNISAKI, SERTA 3 HELIKOPTER RAKSASA CH-47 CHINOOK DIKERAHKAN UNTUK MEMBANTU MEMADAMKAN KARHUTLA DI KALIMANTAN! 

TAPI PRESIDEN KITA MALAH SIBUK DATENGIN ACARA SAMBIL KAMPANYE MBG https://t.co/K5w5m0nncI",jepang turun tangan bantu indonesia sekitar 600 pasukan khusus kapal amfibi js kunisaki serta 3 helikopter raksasa ch 47 chinook dikerahkan untuk membantu memadamkan karhutla di kalimantan tapi presiden kita malah sibuk datengin acara sambil kampanye mbg,in,624,262,33,15,8351,0,1_root,MBG[Top],,positif,1,https://x.com/rebukanrain/status/2093877302539248098
2093945428802715689,2026-08-30 06:14:28,GMCsuburbanv8,General Lee,423,"OOHHH JADI MAKSUDNYA ORANG2 SILENT MAJORITY ITU YANG : 
1. IKN MANGKRAK PAKAI APBN PADA SILENT. 
2. UTANG WOOSSH YG PAKE APBN PADA SILENT.
3. UTANG 10.000RB TRILIUN PADA SILENT. 
4. 34.000 ANAK KERACUNAN MBG PADA SILENT. 
5. KORUPTOR GAK DIMISKINKAN PADA SILENT.
6. EMAS 74KG GAK JELAS PEMILIKNYA PADA SILENT. 
7. BENCANA NASIONAL JUGA PADA SILENT. 
8. DST DLL DKK…..

IKI MAH JENENG E SILIT MAJORITY…",oohhh jadi maksudnya orang2 silent majority itu yang 1 ikn mangkrak pakai apbn pada silent 2 utang woossh yg pake apbn pada silent 3 utang 10 000rb triliun pada silent 4 34 000 anak keracunan mbg pada silent 5 koruptor gak dimiskinkan pada silent 6 emas 74kg gak jelas pemiliknya pada silent 7 bencana nasional juga pada silent 8 dst dll dkk iki mah jeneng e silit majority,in,408,141,6,2,5341,0,1_root,MBG[Top],,negatif,-2,https://x.com/GMCsuburbanv8/status/2093945428802715689
2087811392003072407,2026-08-13 08:00:00,tempodotco,tempo.co,2533925,TERKINI: Istana Sebut RAPBN 2027 Disusun Sebelum Amar Putusan MK soal MBG,terkini istana sebut rapbn 2027 disusun sebelum amar putusan mk soal mbg,in,622,73,30,41,67742,0,1_root,MBG[Top],,netral,0,https://x.com/tempodotco/status/2087811392003072407
2067109989374636485,2026-06-17 05:00:01,tempodotco,tempo.co,2533925,"MBG Mengalir Sampai Atas Seperti temuan-temuan liputan Tempo, proyek makan bergizi gratis menjadi ladang korupsi. Bancakan Gizi Nasional. 

 #KartunMajalahTempo https://t.co/k0rB3mQXcW",mbg mengalir sampai atas seperti temuan temuan liputan tempo proyek makan bergizi gratis menjadi ladang korupsi bancakan gizi nasional kartunmajalahtempo,in,12644,6780,139,61,133835,0,1_root,MBG[Top],,positif,1,https://x.com/tempodotco/status/2067109989374636485
2093360353057075502,2026-08-28 15:29:35,menuembegejelek,MBG Jelek,61661,"Satu tahun dan kita ngga belajar apapun. Ngga ada yang diubah. Ngga ada yang berubah.

Menolak lupa. https://t.co/B2nXIGEiRR",satu tahun dan kita ngga belajar apapun ngga ada yang diubah ngga ada yang berubah menolak lupa,in,7391,3071,22,32,265950,0,1_root,MBG[Top],,negatif,-1,https://x.com/menuembegejelek/status/2093360353057075502
2093331131404107990,2026-08-28 13:33:28,bismillahyuk_,hot cocoa,14322,"2025: Affan Kurniawan tewas dibunuh polisi.
2026: Bambang Setiyawan tewas dibunuh oleh ormas preman GRIB.

💔🥀

#PrayforIndonesia #AllEyesonIndonesia https://t.co/2usXJl8LUV",2025 affan kurniawan tewas dibunuh polisi 2026 bambang setiyawan tewas dibunuh oleh ormas preman grib prayforindonesia alleyesonindonesia,in,7621,3724,25,24,327708,0,1_root,MBG[Top],,netral,0,https://x.com/bismillahyuk_/status/2093331131404107990
2068510194154475995,2026-06-21 01:43:56,Jakartalk,jakartalk,41658,RESMI: Pemerintah Putuskan MBG Dihentikan https://t.co/xaYHqlsQAC,resmi pemerintah putuskan mbg dihentikan,in,96726,12559,2360,4053,6331704,0,1_root,MBG[Top],,netral,0,https://x.com/Jakartalk/status/2068510194154475995
2048586215298048161,2026-04-27 02:13:09,tempodotco,tempo.co,2533925,JUST IN: Pemerintah berencana resmikan pusat kendali (National Command Center) MBG pada pertengahan Mei 2026,just in pemerintah berencana resmikan pusat kendali national command center mbg pada pertengahan mei 2026,in,4742,903,770,1711,616679,0,1_root,MBG[Top],,netral,0,https://x.com/tempodotco/status/2048586215298048161
2091128680752075090,2026-08-22 11:41:43,renjunkgoreng,patia gapyear'²⁶,1273,"list orang yang wajib menjadi publik enemy
1. @prabowo 
2. dedi mulyadi
3. buzzer 02
4. influencer yang pro 02
5. pemerintah yabg cuek dg keadaan rakyat
6. orang yang ngentengin masalah keracunan mbg
7. homophobic
8. ableist
9. gatau dah kebanyakan isi sendiri",list orang yang wajib menjadi publik enemy 1 2 dedi mulyadi 3 buzzer 02 4 influencer yang pro 02 5 pemerintah yabg cuek dg keadaan rakyat 6 orang yang ngentengin masalah keracunan mbg 7 homophobic 8 ableist 9 gatau dah kebanyakan isi sendiri,in,30699,10236,127,176,296863,0,1_root,MBG[Top],,negatif,-2,https://x.com/renjunkgoreng/status/2091128680752075090
2092920023967019130,2026-08-27 10:19:52,punkpinggiran,cino,5786,"🚨 AKSI 27 AGUSTUS 🚨 

Terkini!
Aliansi Gerakan Rakyat Menggugat di DPR RI

Tuntutannya :
1. Adili Prabowo-Gibran
2. Hentikan KDMP dan MBG
3. Stop pajak yang menindas rakyat
4. Pendidikan dan kesehatan gratis
5. Turunkan harga dan naikkan upah
6. Tetapkan bencana Sumatra dan NTT jadi bencana nasional
7. Penuhi hak pekerja rumah tangga
8. Demiliterisasi dan hentikan pembangunan batalyon
9. Stop kriminalisasi aktivis dan bebaskan tahanan politik
10. Sita seluruh aset koruptor",aksi 27 agustus terkini aliansi gerakan rakyat menggugat di dpr ri tuntutannya 1 adili prabowo gibran 2 hentikan kdmp dan mbg 3 stop pajak yang menindas rakyat 4 pendidikan dan kesehatan gratis 5 turunkan harga dan naikkan upah 6 tetapkan bencana sumatra dan ntt jadi bencana nasional 7 penuhi hak pekerja rumah tangga 8 demiliterisasi dan hentikan pembangunan batalyon 9 stop kriminalisasi aktivis dan bebaskan tahanan politik 10 sita seluruh aset koruptor,in,5560,2976,47,25,96789,0,1_root,MBG[Top],,negatif,-1,https://x.com/punkpinggiran/status/2092920023967019130
2092902172002492759,2026-08-27 09:08:56,punkpinggiran,cino,5786,"Ketua DPR RI Puan Maharani mengungkapkan, alasan dirinya tidak bertemu dengan perwakilan Aliansi Masyarakat Pati Bersatu (AMPB) yang diizinkan untuk beraudiensi dengan Pimpiman DPR RI, di Kompleks Parlemen, Senayan, Jakarta, Kamis, 27 Agustus 2026. 

Puan mengatakan, pimpinan DPR RI selalu membagi tugas dalam menjalankan agenda kedewanan hingga menerima aspirasi masyarakat.

""Ya memang kami membagi tugasnya karena kan saya sama Bu Sari tadi mimpin paripurna, sebelumnya Pak Dasco mimpin paripurna, saya tadi ada pertemuan dulu,"" kata Puan saat konferensi pers.",ketua dpr ri puan maharani mengungkapkan alasan dirinya tidak bertemu dengan perwakilan aliansi masyarakat pati bersatu ampb yang diizinkan untuk beraudiensi dengan pimpiman dpr ri di kompleks parlemen senayan jakarta kamis 27 agustus 2026 puan mengatakan pimpinan dpr ri selalu membagi tugas dalam menjalankan agenda kedewanan hingga menerima aspirasi masyarakat ya memang kami membagi tugasnya karena kan saya sama bu sari tadi mimpin paripurna sebelumnya pak dasco mimpin paripurna saya tadi ada pertemuan dulu kata puan saat konferensi pers,in,51,22,18,3,173718,0,1_root,MBG[Top],,netral,0,https://x.com/punkpinggiran/status/2092902172002492759
2093585578910732432,2026-08-29 06:24:33,bismillahyuk_,hot cocoa,14320,"Name Prabowo, from Indonesia, Dom Bogor, 74 tahun, love MBG &amp; Kopdes. How about you? https://t.co/nr0RlENUCU",name prabowo from indonesia dom bogor 74 tahun love mbg amp kopdes how about you,in,2174,354,53,30,182851,0,1_root,MBG[Top],,netral,0,https://x.com/bismillahyuk_/status/2093585578910732432
2092763525861253257,2026-08-26 23:58:00,Hidupsebagai62,Hidup sebagai +62,19382,"Bupati Nagekeo ke Prabowo didalam rapat penangan Bencana NTT :

Bahas efek MBG 
- Dulunya siswa pilek, batuk 2 minggu sekali 3 minggu sekali, sekarang tidak ada
- Secara sosial, tingkat kdrt yang dlunya tinggi sekarang berkurang.

Mereka ini beneran gak tau tempat ya?
Ngk sensitif banget sama kondisi warganya?",bupati nagekeo ke prabowo didalam rapat penangan bencana ntt bahas efek mbg dulunya siswa pilek batuk 2 minggu sekali 3 minggu sekali sekarang tidak ada secara sosial tingkat kdrt yang dlunya tinggi sekarang berkurang mereka ini beneran gak tau tempat ya ngk sensitif banget sama kondisi warganya,in,628,186,95,52,76834,0,1_root,MBG[Top],,negatif,-1,https://x.com/Hidupsebagai62/status/2092763525861253257
2090661190930493530,2026-08-21 04:44:05,LambeSahamjja,Lambe Saham,79928,"perbandingan 3 negara dalam gunakan apbn dari top 3 kementerian anggaran terbesar:

Singapore:
- pertahanan 
- kesehatan 
- transportasi

Malaysia: 
- pendidikan 
- keamanan 
- kesehatan

Indonesia: 
- MBG 
- TNI
- Polri https://t.co/PlPZqGjzwP",perbandingan 3 negara dalam gunakan apbn dari top 3 kementerian anggaran terbesar singapore pertahanan kesehatan transportasi malaysia pendidikan keamanan kesehatan indonesia mbg tni polri,in,4352,1914,86,165,80334,0,1_root,MBG[Top],,netral,0,https://x.com/LambeSahamjja/status/2090661190930493530
2093144533710127106,2026-08-28 01:12:00,txtdrimedia,txtdrimedia,962230,njir warga threads dan tiktok bersatu. tamatlah sudah alkisah kita https://t.co/0l9IoqV3X6,njir warga threads dan tiktok bersatu tamatlah sudah alkisah kita,in,42302,4447,1470,2245,2058813,0,1_root,MBG[Top],,netral,0,https://x.com/txtdrimedia/status/2093144533710127106
2093184118968533312,2026-08-28 03:49:18,ireallyhatetax,Pengangguran Bahagia,2,"@txtdrimedia Silent majority:
Pajak naik? Silent
Desil ngawur? Silent
MBG &amp; kopdes ga jelas? Silent
Ada bencana? Silent
Ada korupsi? Silent",silent majority pajak naik silent desil ngawur silent mbg amp kopdes ga jelas silent ada bencana silent ada korupsi silent,in,3459,419,13,11,82269,0,1_root,MBG[Top],,negatif,-2,https://x.com/ireallyhatetax/status/2093184118968533312
2067192861419028848,2026-06-17 10:29:19,iPopBase,Indonesian Pop Base,193864,High schoolers will no longer receive MBG. https://t.co/NLKoEx05PK,high schoolers will no longer receive mbg,en,34856,2970,224,495,442278,0,1_root,MBG[Top],,netral,0,https://x.com/iPopBase/status/2067192861419028848
2089579037689860588,2026-08-18 05:03:59,ardisatriawan,Ardianto Satriawan,102701,"BEM UI DEMO SIANG INI!

PANJANG UMUR PERJUANGAN..

Berikut 8 tuntutan demo oleh BEM UI hari ini:

1. Hentikan praktik penjajahan negara terhadap rakyat.
2. Berantas Korupsi, Kolusi, dan Nepotisme (KKN).
3. Wujudkan reforma agraria yang sejati.
4. Turunkan harga kebutuhan pokok dan BBM.
5. Evaluasi total Proyek Strategis Nasional (PSN) serta hentikan program MBG dan Koperasi Desa Merah Putih (KDMP).
6. Tolak pemusatan kekuasaan dan pemangkasan Transfer ke Daerah (TKD) serta kembalikan otonomi daerah.
7. Tetapkan status bencana nasional untuk wilayah Sumatra dan Flores serta percepat pemulihan wilayah terdampak.
8. Hentikan tindakan represif dan intervensi TNI-Polri di ruang sipil, serta bubarkan Yon TP.",bem ui demo siang ini panjang umur perjuangan berikut 8 tuntutan demo oleh bem ui hari ini 1 hentikan praktik penjajahan negara terhadap rakyat 2 berantas korupsi kolusi dan nepotisme kkn 3 wujudkan reforma agraria yang sejati 4 turunkan harga kebutuhan pokok dan bbm 5 evaluasi total proyek strategis nasional psn serta hentikan program mbg dan koperasi desa merah putih kdmp 6 tolak pemusatan kekuasaan dan pemangkasan transfer ke daerah tkd serta kembalikan otonomi daerah 7 tetapkan status bencana nasional untuk wilayah sumatra dan flores serta percepat pemulihan wilayah terdampak 8 hentikan tindakan represif dan intervensi tni polri di ruang sipil serta bubarkan yon tp,in,46519,28088,283,300,784179,0,1_root,MBG[Top],,negatif,-3,https://x.com/ardisatriawan/status/2089579037689860588
2091485020515160558,2026-08-23 11:17:41,cinnamongirlc,🌸🌼,15396,coba cek keluarganya punya dapur MBG atau ga,coba cek keluarganya punya dapur mbg atau ga,in,16129,1312,124,95,4291292,0,1_root,MBG[Top],,netral,0,https://x.com/cinnamongirlc/status/2091485020515160558
2091146983352217916,2026-08-22 12:54:27,kamarlintang,Kamar Lintang,10432,"In this economy, Hanum Mega mau sewa GBK buat ngerayain ulang tahun ???? 😮

Hanum spill venue GBK yg mau dia pakai untuk ngerayain ulang tahunnya.

Hanum bilang kalau venuenya udah mendukung banget tema ultahnya, jadi gak perlu ribet dekornya.

Meski belum spill perkiraan budget ultah, tapi netizen udah yakin bakal abis ratusan juga kayak pesta Arthada yg abis 700 jutaan ~",in this economy hanum mega mau sewa gbk buat ngerayain ulang tahun hanum spill venue gbk yg mau dia pakai untuk ngerayain ulang tahunnya hanum bilang kalau venuenya udah mendukung banget tema ultahnya jadi gak perlu ribet dekornya meski belum spill perkiraan budget ultah tapi netizen udah yakin bakal abis ratusan juga kayak pesta arthada yg abis 700 jutaan,in,1337,39,88,303,5962075,0,1_root,MBG[Top],,netral,0,https://x.com/kamarlintang/status/2091146983352217916
2020799711561630193,2026-02-09 09:59:30,tempodotco,tempo.co,2533930,Gus Ipul: Menu MBG Lansia Disamakan dengan MBG Sekolah https://t.co/vaLXN56542,gus ipul menu mbg lansia disamakan dengan mbg sekolah,in,1826,315,710,1103,644199,0,1_root,MBG[Top],,netral,0,https://x.com/tempodotco/status/2020799711561630193
2022234307708833869,2026-02-13 09:00:04,tempodotco,tempo.co,2533930,Prabowo Minta KSP Kumpulkan Klip Video Pengkritik MBG https://t.co/gw86wNs138,prabowo minta ksp kumpulkan klip video pengkritik mbg,in,2230,445,383,493,215187,0,1_root,MBG[Top],,netral,0,https://x.com/tempodotco/status/2022234307708833869
2020092036549144789,2026-02-07 11:07:27,intinyadeh,intinyadeh,279507,"#intinyadeh supir mobil MBG di Kebumen ugal-ugalan, nabrak gerbang SDN Clapar, Kec. Karanggayam sampe pagar roboh.

Pas warga dateng buat nolong, si supir malah ngamuk membabi buta, mukulin warga, sampe jadi keributan.

Gak ada korban selain warga yg luka ringan kena amuk supir.",intinyadeh supir mobil mbg di kebumen ugal ugalan nabrak gerbang sdn clapar kec karanggayam sampe pagar roboh pas warga dateng buat nolong si supir malah ngamuk membabi buta mukulin warga sampe jadi keributan gak ada korban selain warga yg luka ringan kena amuk supir,in,10133,2422,238,197,359587,0,1_root,MBG[Top],,netral,0,https://x.com/intinyadeh/status/2020092036549144789
2019951267691528274,2026-02-07 01:48:05,Jateng_Twit,Info Jateng,152008,"Supir MBG Problematik

Sebuah mobil MBG diduga dikemudikan secara ugal-ugalan dari arah Wonotirto sampai hingga menabrak gerbang SDN Clapar, Kec Karanggayam, Kebumen pada Jumat (6/2/2026). 

Benturan keras membuat gerbang sekolah roboh. Warga yang berniat menolong justru mendapat pukulan dari sopir, sehingga sempat terjadi keributan di lokasi kejadian. 

Kasus ini kini ditangani pihak kepolisian dan masih dalam proses pendalaman.",supir mbg problematik sebuah mobil mbg diduga dikemudikan secara ugal ugalan dari arah wonotirto sampai hingga menabrak gerbang sdn clapar kec karanggayam kebumen pada jumat 6 2 2026 benturan keras membuat gerbang sekolah roboh warga yang berniat menolong justru mendapat pukulan dari sopir sehingga sempat terjadi keributan di lokasi kejadian kasus ini kini ditangani pihak kepolisian dan masih dalam proses pendalaman,in,2467,739,287,182,594170,0,1_root,MBG[Top],,netral,0,https://x.com/Jateng_Twit/status/2019951267691528274
2094097643232448872,2026-08-30 16:19:19,chimong_mong,N,2865,@dodisegrovee Bro sedang mencari alasan agar dapur mbg-nya tetap jalan ditengah bencana https://t.co/aEiV5SgFeg,bro sedang mencari alasan agar dapur mbg nya tetap jalan ditengah bencana,in,1550,94,7,5,28896,0,1_root,MBG[Top],,negatif,-1,https://x.com/chimong_mong/status/2094097643232448872
2092454116996079837,2026-08-26 03:28:32,Dandhy_Laksono,Dandhy Laksono,342105,"Prajurit terjun payung ke lokasi kebakaran tanpa peralatan memadai.

Jenderal dan panglima tertingginya bahas tepung untuk memadamkan kebakaran lahan dengan skala nasional. 

Kini kita tahu, siapa yang harus diprioritaskan mendapat MBG agar tercukupi kebutuhan nutrisi otak.",prajurit terjun payung ke lokasi kebakaran tanpa peralatan memadai jenderal dan panglima tertingginya bahas tepung untuk memadamkan kebakaran lahan dengan skala nasional kini kita tahu siapa yang harus diprioritaskan mendapat mbg agar tercukupi kebutuhan nutrisi otak,in,6726,2943,77,34,74038,0,1_root,MBG[Top],,positif,2,https://x.com/Dandhy_Laksono/status/2092454116996079837
2094244653898023309,2026-08-31 02:03:29,recehsjaa,aerobit,5703,"BTW LO NGOMONG BEGITU KARNA LU DI GOA KEMEWAHAN, GOA YANG ASAP HUTAN TIDAK AKAN PERNAH MENYENTUH RUMAH LU!!! 

BENER BENER CACAT LOGIKA LU. PIKIRAN LU SUDAH HILANG KARNA DAPUR MBG YANG MUNGKIN LU PUNYA. 

APAKAH MBG JAUH LEBIH  DIBANDINGKAN KESEHATAN ANAK ANAK?? https://t.co/VyyFZIKEEZ",btw lo ngomong begitu karna lu di goa kemewahan goa yang asap hutan tidak akan pernah menyentuh rumah lu bener bener cacat logika lu pikiran lu sudah hilang karna dapur mbg yang mungkin lu punya apakah mbg jauh lebih dibandingkan kesehatan anak anak,in,73,31,16,2,5090,0,1_root,MBG[Top],,netral,0,https://x.com/recehsjaa/status/2094244653898023309
2089633034886939122,2026-08-18 08:38:33,irajenar,𝐒𝐚𝐢𝐧𝐭𝐋𝐮𝐱,4901,"“TOLAK TOLAK TOLAK MBG! TOLAK MBG SEKARANG JUGA!”

“PRABOWO SUDAH GAGAL! PRABOWO SUDAH GAGAL!”

mantapp🔥🔥🔥 https://t.co/8JPbCc3fiV",tolak tolak tolak mbg tolak mbg sekarang juga prabowo sudah gagal prabowo sudah gagal mantapp,in,10211,4455,12,18,77610,0,1_root,MBG[Top],,negatif,-6,https://x.com/irajenar/status/2089633034886939122
2089608449470681203,2026-08-18 07:00:52,irajenar,𝐒𝐚𝐢𝐧𝐭𝐋𝐮𝐱,4901,"mahasiswa baru dateng langsung dihadang segitu takutnya pemerintah🫵🏻

keliatan kan yg bikin macet itu siapa?? https://t.co/tbR7M3fm5a",mahasiswa baru dateng langsung dihadang segitu takutnya pemerintah keliatan kan yg bikin macet itu siapa,in,1266,400,21,13,210611,0,1_root,MBG[Top],,netral,0,https://x.com/irajenar/status/2089608449470681203
2087426397644148950,2026-08-12 06:30:10,tempodotco,tempo.co,2533930,"JUST IN: Cegah Keracunan MBG, BGN Minta Siswa Tak Bawa Pulang Makanan",just in cegah keracunan mbg bgn minta siswa tak bawa pulang makanan,in,447,56,73,111,62746,0,1_root,MBG[Top],,negatif,-1,https://x.com/tempodotco/status/2087426397644148950
2090962656882729318,2026-08-22 00:42:00,txtdrimedia,txtdrimedia,962230,"I'M DYING CAUSE OF HIS SPEECH😭

pigai:
""orang jahat makan, malaikat jg makan. jadi yg menolak makan adalah orang yg menginginkan kematian"" 

""yg ngasih mam siapa? bapakny kpd anakny. siapa bapakny? PRABOWO SUBIANTO, bapa dari kita semua""

""ada korupsi? ya. trus MBG harus ditiadakan? sama dgn kita menerima kematian""

top tier ini materi stand up nya",i m dying cause of his speech pigai orang jahat makan malaikat jg makan jadi yg menolak makan adalah orang yg menginginkan kematian yg ngasih mam siapa bapakny kpd anakny siapa bapakny prabowo subianto bapa dari kita semua ada korupsi ya trus mbg harus ditiadakan sama dgn kita menerima kematian top tier ini materi stand up nya,in,17071,5098,2041,3130,717096,0,1_root,MBG[Top],,negatif,-2,https://x.com/txtdrimedia/status/2090962656882729318
2068677592912400671,2026-06-21 12:49:06,intinyadeh,intinyadeh,279507,"#intinyadeh anak2 SD diinfo besok mau pawai, ternyata disuruh ikut demo dukung MBG.

Spanduk:
""Kami dukung program MBG, tidak mau anak belajar dalam keadaan lapar""

Dikecam keras, dianggap eksploitasi anak, apalagi tujuan gak transparan (blg pawai, gak taunya demo dukung MBG)",intinyadeh anak2 sd diinfo besok mau pawai ternyata disuruh ikut demo dukung mbg spanduk kami dukung program mbg tidak mau anak belajar dalam keadaan lapar dikecam keras dianggap eksploitasi anak apalagi tujuan gak transparan blg pawai gak taunya demo dukung mbg,in,14723,6748,205,271,387234,0,1_root,MBG[Top],,positif,4,https://x.com/intinyadeh/status/2068677592912400671
2068569514141475261,2026-06-21 05:39:38,boxxtoc,🥀,9890,"Aku udah speecless dengan program MBG ini, anak SD disuruh pawai tapi ternyata di suruh demo dukung program MBG https://t.co/cIaE8t0Zle",aku udah speecless dengan program mbg ini anak sd disuruh pawai tapi ternyata di suruh demo dukung program mbg,in,29358,12802,855,2208,3643754,0,1_root,MBG[Top],,positif,1,https://x.com/boxxtoc/status/2068569514141475261
2092884158255403287,2026-08-27 07:57:21,dhimasandhikapp,Dhims,855,"ini beneran cuma selesai di urusan koruptor dan perampasan aset aja??

padahal kan kita semua tau permasalahan utama sekarang tuh MBG, nilai rupiah yg lemah, harga BBM naik, bencana alam, dan masih banyak masalah penting lainnya yg lebih layak buat diperjuangkan. aneh bgt dah.",ini beneran cuma selesai di urusan koruptor dan perampasan aset aja padahal kan kita semua tau permasalahan utama sekarang tuh mbg nilai rupiah yg lemah harga bbm naik bencana alam dan masih banyak masalah penting lainnya yg lebih layak buat diperjuangkan aneh bgt dah,in,7176,2604,54,65,78526,0,1_root,MBG[Top],,negatif,-1,https://x.com/dhimasandhikapp/status/2092884158255403287
2051291519089541408,2026-05-04 13:23:03,tempodotco,tempo.co,2533931,JUST IN: Aktivis Perempuan Kalis Mardiasih dan Keluarganya Diintimidasi Usai Kritik MBG,just in aktivis perempuan kalis mardiasih dan keluarganya diintimidasi usai kritik mbg,in,32445,14177,371,681,658631,0,1_root,MBG[Top],,netral,0,https://x.com/tempodotco/status/2051291519089541408
2049730474059428053,2026-04-30 06:00:01,tempodotco,tempo.co,2533931,Prabowo: Banyak Negara Belajar MBG ke Indonesia https://t.co/KyTUIHBbGb,prabowo banyak negara belajar mbg ke indonesia,in,823,98,794,673,415140,0,1_root,MBG[Top],,netral,0,https://x.com/tempodotco/status/2049730474059428053
2093993605325115771,2026-08-30 09:25:54,NenkMonica,𝕸𝖔𝖓𝖎𝖈𝖆 ᴼᶠᶠⁱᶜⁱᵃˡ,126989,BISAKAH KITA MENGHENTIKAN DULU MBG SEJENAK UNTUK MEMBELI PESAWAT PEMADAM KEBAKARAN ??? https://t.co/FOqenpc3mv,bisakah kita menghentikan dulu mbg sejenak untuk membeli pesawat pemadam kebakaran,in,234,94,18,2,4243,0,1_root,MBG[Top],,netral,0,https://x.com/NenkMonica/status/2093993605325115771
2068922217925341454,2026-06-22 05:01:10,tempodotco,tempo.co,2533931,KSP: Kendala Internal Tidak akan Hentikan MBG https://t.co/DOGHrpavkO,ksp kendala internal tidak akan hentikan mbg,in,821,141,201,125,219524,0,1_root,MBG[Top],,netral,0,https://x.com/tempodotco/status/2068922217925341454
2093152289536278617,2026-08-28 01:42:49,Mdy_Asmara1701,Maudy Asmara,298890,Menu MBG Jumat 28 Agustus 2026 kelas 1 SDN https://t.co/hIwSLtsfmn,menu mbg jumat 28 agustus 2026 kelas 1 sdn,in,64,41,17,2,11319,0,1_root,MBG[Top],,netral,0,https://x.com/Mdy_Asmara1701/status/2093152289536278617
1886569366613057665,2025-02-04 00:16:02,uibaseNG,Base Anak UI,29225,"ngeliat ada orang meninggal karena antre gas lpg 3 kg, urusan pertanahan gak beres, program MBG tapi gak bergizi, kok bawaannya jadi ikutan marah ya?

buat yang kuliah di ui! &amp; jadi anak pejabat terkait &amp; buzzer-nya: lu pada kalo di rumah protes gak si? atau ikut nikmatin?",ngeliat ada orang meninggal karena antre gas lpg 3 kg urusan pertanahan gak beres program mbg tapi gak bergizi kok bawaannya jadi ikutan marah ya buat yang kuliah di ui amp jadi anak pejabat terkait amp buzzer nya lu pada kalo di rumah protes gak si atau ikut nikmatin,in,181,7,1,5,5728,0,1_root,MBG[Top],,netral,0,https://x.com/uibaseNG/status/1886569366613057665
2067125089540194710,2026-06-17 06:00:01,tempodotco,tempo.co,2533931,BGN Bakal Setop Penyaluran MBG Buat Siswa SMA https://t.co/LthWYUm8IJ,bgn bakal setop penyaluran mbg buat siswa sma,in,20227,2035,702,764,769661,0,1_root,MBG[Top],,netral,0,https://x.com/tempodotco/status/2067125089540194710
2088611671455723898,2026-08-15 13:00:01,tempodotco,tempo.co,2533931,"Menteri Keuangan: Anggaran Pendidikan 2027 Rp 820,9 T, Termasuk untuk MBG

Dari total tersebut, sekitar Rp240 triliun diperkirakan dialokasikan untuk program Makan Bergizi Gratis (MBG). 

Menurut kalian, gimana? https://t.co/SIhmygAFiW",menteri keuangan anggaran pendidikan 2027 rp 820 9 t termasuk untuk mbg dari total tersebut sekitar rp240 triliun diperkirakan dialokasikan untuk program makan bergizi gratis mbg menurut kalian gimana,in,623,131,109,32,80068,0,1_root,MBG[Top],,positif,2,https://x.com/tempodotco/status/2088611671455723898
2092081335989104896,2026-08-25 02:47:14,ardisatriawan,Ardianto Satriawan,102701,Hanya kiamat yang bisa menghentikan MBG https://t.co/4VuDyBm3bb,hanya kiamat yang bisa menghentikan mbg,in,614,247,64,14,30212,0,1_root,MBG[Top],,netral,0,https://x.com/ardisatriawan/status/2092081335989104896
2092872965855842434,2026-08-27 07:12:53,rebukanrain,Rebukanre,8278,"TERNYATA ADA DEMO TANDINGAN PRO MBG JUGA HARI INI. DENGAN DRESS CODE PUTIH.

DI BAYAR BERAPA YA MEREKA ?? https://t.co/jl0Ele9LNG",ternyata ada demo tandingan pro mbg juga hari ini dengan dress code putih di bayar berapa ya mereka,in,511,124,13,12,652526,0,1_root,MBG[Top],,netral,0,https://x.com/rebukanrain/status/2092872965855842434
2018905022751556059,2026-02-04 04:30:41,cursedkidd,willy the kid,1800201,"mbg bwt anak sekolah, knapa gk bkin juga mbg kopi buat org dewasa btuhh kopi siang inii 😡",mbg bwt anak sekolah knapa gk bkin juga mbg kopi buat org dewasa btuhh kopi siang inii,in,3628,889,219,90,101512,0,1_root,MBG[Top],,netral,0,https://x.com/cursedkidd/status/2018905022751556059
2069281160950358372,2026-06-23 04:47:28,kasihtaksamapi,jqüi – fokus comms,5204,ALHAMDULILLAH....NO MORE BOCIL NYANYI LAGU MBG PEKOK ITU.......SEKARANG MEREKA NYANYI ROLLERBLADE....THANK U NO NA......,alhamdulillah no more bocil nyanyi lagu mbg pekok itu sekarang mereka nyanyi rollerblade thank u no na,in,116477,25171,334,1295,2415154,0,1_root,MBG[Top],,positif,1,https://x.com/kasihtaksamapi/status/2069281160950358372
2093398191454765433,2026-08-28 17:59:56,PAClearning,Probably Approximately Correct,11824,"Pemerintahan ini fragile karena tidak punya anggaran yang cukup untuk bencana, semua habis untuk bagi-bagi proyek yang nggak masuk akal macam MBG.",pemerintahan ini fragile karena tidak punya anggaran yang cukup untuk bencana semua habis untuk bagi bagi proyek yang nggak masuk akal macam mbg,in,8366,3847,20,33,135470,0,1_root,MBG[Top],,netral,0,https://x.com/PAClearning/status/2093398191454765433
2093362925218193621,2026-08-28 15:39:48,merapi_uncover,Merapi Uncover,387680,"*AWAN PANAS GUGURAN GUNUNG MERAPI*

⚠️ Berikut video kejadian awan panas guguran di Gunung Merapi Jumat, 28/08/2026
- Pukul 21:22 WIB, estimasi jarak luncur 2.000 m dengan amplitudo maks 87,74 mm durasi 116,97 detik mengarah ke barat daya (hulu Kali Sat/Putih).

📢 Masyarakat diimbau untuk menjauhi daerah bahaya dan alur sungai yang berhulu di Gunung Merapi serta mematuhi rekomendasi resmi.

➡️ Pantau informasi Gunung Merapi disini: https://t.co/wmSP67G4Hm

🌋 Tingkat Aktivitas Gunung Merapi saat ini SIAGA (Level III). Tetap patuhi rekomendasi.",awan panas guguran gunung merapi berikut video kejadian awan panas guguran di gunung merapi jumat 28 08 2026 pukul 21 22 wib estimasi jarak luncur 2 000 m dengan amplitudo maks 87 74 mm durasi 116 97 detik mengarah ke barat daya hulu kali sat putih masyarakat diimbau untuk menjauhi daerah bahaya dan alur sungai yang berhulu di gunung merapi serta mematuhi rekomendasi resmi pantau informasi gunung merapi disini tingkat aktivitas gunung merapi saat ini siaga level iii tetap patuhi rekomendasi,in,6551,2501,36,406,607207,0,1_root,MBG[Top],,netral,0,https://x.com/merapi_uncover/status/2093362925218193621
2092922409863295152,2026-08-27 10:29:21,BBCIndonesia,BBC News Indonesia,1700241,"Berbagai lapisan masyarakat dan sejumlah elemen mahasiswa dari sejumlah universitas masih menggelar demonstrasi di depan gedung DPR, Jakarta, Kamis (27/08) sore. 

Massa tak hanya menuntut pengesahan RUU Perampasan Aset. Kritik terhadap MBG, KDMP, hingga penanganan bencana gempabumi di NTT dan karhutla di sejumlah wilayah Indonesia. https://t.co/1GzRX3JzhY",berbagai lapisan masyarakat dan sejumlah elemen mahasiswa dari sejumlah universitas masih menggelar demonstrasi di depan gedung dpr jakarta kamis 27 08 sore massa tak hanya menuntut pengesahan ruu perampasan aset kritik terhadap mbg kdmp hingga penanganan bencana gempabumi di ntt dan karhutla di sejumlah wilayah indonesia,in,41957,14765,163,140,393018,0,1_root,MBG[Top],,negatif,-1,https://x.com/BBCIndonesia/status/2092922409863295152
2092808441551314976,2026-08-27 02:56:29,ardisatriawan,Ardianto Satriawan,102701,Guru = tester MBG. https://t.co/Z4HIFNRIXp,guru tester mbg,in,251,51,58,4,11287,0,1_root,MBG[Top],,netral,0,https://x.com/ardisatriawan/status/2092808441551314976
2067155288491188599,2026-06-17 08:00:01,tempodotco,tempo.co,2533931,"Qodari: MBG Kontrak Politik Prabowo, Tak Bisa Dihentikan https://t.co/baNZVnNRWD",qodari mbg kontrak politik prabowo tak bisa dihentikan,in,7057,1712,748,715,1215180,0,1_root,MBG[Top],,netral,0,https://x.com/tempodotco/status/2067155288491188599
2033891106513891423,2026-03-17 13:00:02,tempodotco,tempo.co,2533931,"Rencana Penghematan, Prabowo Pastikan Dana MBG Tak Dipotong https://t.co/f4cBX7P8vE",rencana penghematan prabowo pastikan dana mbg tak dipotong,in,3242,551,671,1281,275868,0,1_root,MBG[Top],,netral,0,https://x.com/tempodotco/status/2033891106513891423
2062844378339557548,2026-06-05 10:30:00,tempodotco,tempo.co,2533931,JUST IN: BGN Bakal Batasi Maksimal Enam Dapur MBG per Kecamatan,just in bgn bakal batasi maksimal enam dapur mbg per kecamatan,in,5298,546,555,951,2372541,0,1_root,MBG[Top],,netral,0,https://x.com/tempodotco/status/2062844378339557548
2094340120405320108,2026-08-31 08:22:50,bismillahyuk_,hot cocoa,14320,"Pantesan Kadisdik Kalimantan Tengah getol bgt sekolah anak ngga diliburkan walaupun ASAP di sana udah banyak demi MBG

Ternyata..

Istrinya Dokter Spesialis Paru ☺️

Kalo kena ISPA, konsul ke istrinya. Lumayan pemasukan nya nambah 🥳🤪

#PrayforKalimantan #AllEyesOnIndonesia https://t.co/mPGCmINa0g",pantesan kadisdik kalimantan tengah getol bgt sekolah anak ngga diliburkan walaupun asap di sana udah banyak demi mbg ternyata istrinya dokter spesialis paru kalo kena ispa konsul ke istrinya lumayan pemasukan nya nambah prayforkalimantan alleyesonindonesia,in,40,13,14,1,2511,0,1_root,MBG[Top],,netral,0,https://x.com/bismillahyuk_/status/2094340120405320108
2093886268577103975,2026-08-30 02:19:23,Otto_0967,#HooLeeShit,625,"DPR kerjanya apa..?
Tidak pernah ada DPR panggil BGN dan kementrian terkait meminta pertanggungjawaban program MBG.
Knp msh ada anak keracunan
Knp msh ada makanan dibuang
Itu uang rakyat njeeng..
.
Biduran
Meluk
AHWA https://t.co/cNAppjyrwH",dpr kerjanya apa tidak pernah ada dpr panggil bgn dan kementrian terkait meminta pertanggungjawaban program mbg knp msh ada anak keracunan knp msh ada makanan dibuang itu uang rakyat njeeng biduran meluk ahwa,in,80,44,5,1,7073,0,1_root,MBG[Top],,negatif,-1,https://x.com/Otto_0967/status/2093886268577103975
2093165169740243239,2026-08-28 02:34:00,BudiBukanIntel,Budi【DavidBeatt】🐿🦉🎨🔮🧟‍♀️☔🦚🍂🔨📜,115018,Ini parcok ngapain sih nangkep nangkepin orang konser amal? Presiden lu noh pidato mbg di NTT cok https://t.co/opXC4fFtO3,ini parcok ngapain sih nangkep nangkepin orang konser amal presiden lu noh pidato mbg di ntt cok,in,1056,421,10,4,14748,0,1_root,MBG[Top],,netral,0,https://x.com/BudiBukanIntel/status/2093165169740243239
2083107902277972047,2026-07-31 08:30:00,tempodotco,tempo.co,2533931,MBG Watch: MK Gagal Berperan sebagai Judicial Protection Hak Warga https://t.co/Nn7Yd1N1G0,mbg watch mk gagal berperan sebagai judicial protection hak warga,in,19419,5930,75,95,190095,0,1_root,MBG[Top],,negatif,-1,https://x.com/tempodotco/status/2083107902277972047
2094229432026517626,2026-08-31 01:03:00,suamrembulan13,Mbak Lun ꦭꦸꦤ 🌙 || Jagawana 🍃,2395,"Hallo selamat hari senin semua. 
Kita list ketololan pem3rintah lagi. 
1. Animasi B4hlil 
2. Candi di bor 
3. Karhut belum selesai 
4. NTT masih belum ada penanganan.
5. Aceh belum pulih
6. Anak sekolah tdk boleh libur
7. Indonesia masuk 3 besar negara dengan kemiskinan tertinggi",hallo selamat hari senin semua kita list ketololan pem3rintah lagi 1 animasi b4hlil 2 candi di bor 3 karhut belum selesai 4 ntt masih belum ada penanganan 5 aceh belum pulih 6 anak sekolah tdk boleh libur 7 indonesia masuk 3 besar negara dengan kemiskinan tertinggi,in,15267,6958,34,132,81755,0,1_root,MBG[Top],,netral,0,https://x.com/suamrembulan13/status/2094229432026517626
2094230749360935109,2026-08-31 01:08:14,suamrembulan13,Mbak Lun ꦭꦸꦤ 🌙 || Jagawana 🍃,2395,"8. Demo memakan korban lagi 
9. Satwa dilindungi banyak yang mati 
10. Uang donasi diblokir 
11. Pemadaman api pakai tepung ubi
12. Demo mbg dan kopdes 
13. Bioskop teddy
14. Banyak bibit sawit yang ditanam dilahan bekas kebakaran 
(Nanti ditambah)",8 demo memakan korban lagi 9 satwa dilindungi banyak yang mati 10 uang donasi diblokir 11 pemadaman api pakai tepung ubi 12 demo mbg dan kopdes 13 bioskop teddy 14 banyak bibit sawit yang ditanam dilahan bekas kebakaran nanti ditambah,in,465,84,3,2,4545,0,1_root,MBG[Top],,netral,0,https://x.com/suamrembulan13/status/2094230749360935109
2093648115484299486,2026-08-29 10:33:03,RA_leather,RL,52937,"📌Uang Makan Gratis Rp15 Ribu Mau Ditransfer ke ATM, Dapur Umum Bakal Dihapus?

DPR mengusulkan skema kartu ATM khusus program Makan Bergizi Gratis (MBG) sebesar Rp15.000 per hari untuk setiap siswa. 

Usulan transfer langsung ke rekening orang tua ini dinilai dapat memangkas rantai distribusi pangan, menekan biaya operasional dapur, serta mencegah kebocoran dana anggaran.",uang makan gratis rp15 ribu mau ditransfer ke atm dapur umum bakal dihapus dpr mengusulkan skema kartu atm khusus program makan bergizi gratis mbg sebesar rp15 000 per hari untuk setiap siswa usulan transfer langsung ke rekening orang tua ini dinilai dapat memangkas rantai distribusi pangan menekan biaya operasional dapur serta mencegah kebocoran dana anggaran,in,5479,869,892,254,576214,0,1_root,MBG[Top],,positif,3,https://x.com/RA_leather/status/2093648115484299486
2005216010518106296,2025-12-28 09:55:26,intinyadeh,intinyadeh,279507,"#intinyadeh Dewan Pakar BGN Ikeu Tanziha, ditanya knp siswa dan guru ditekan utk gak posting ttg MBG.

Jawabannya: apa untungnya siswa posting masalah MBG di sosmed? Contohnya tadi, ada belatung di MBG, apa untungnya posting?

Takutnya membentuk jiwa gak bersyukur di anak.

(1/2)",intinyadeh dewan pakar bgn ikeu tanziha ditanya knp siswa dan guru ditekan utk gak posting ttg mbg jawabannya apa untungnya siswa posting masalah mbg di sosmed contohnya tadi ada belatung di mbg apa untungnya posting takutnya membentuk jiwa gak bersyukur di anak 1 2,in,2759,1039,126,120,165140,0,1_root,MBG[Top],,negatif,-1,https://x.com/intinyadeh/status/2005216010518106296
2003742370689614047,2025-12-24 08:19:43,zanatul_91,Iman Zanatul Haeri,27396,"Beliau ini lagi menjawab pertanyaan saya, kenapa siswa dan guru ditekan supaya gak posting menu MBG. Tapi jawabannya justru mempertanyakan karakter siswa yang memposting MBG. Maka saya tegaskan, ""ada belatungnya! "" 

Beliau kemudian menjelaskan tugas guru itu seharusnya mengajarkan rasa syukur. Yang mind blowing, justru menormalisasi belatung ""seperti di SPPG saya."" Katanya pernah kejadian belatung dari kacang edamame. 

Pertama, menormalisasi Belatung. Kedua, ternyata orang BGN punya SPPG juga. Ya sontak semua peserta kaget. Lho kok bisa orang BGN punya SPPG. 

😅😅😅 pusing ah.",beliau ini lagi menjawab pertanyaan saya kenapa siswa dan guru ditekan supaya gak posting menu mbg tapi jawabannya justru mempertanyakan karakter siswa yang memposting mbg maka saya tegaskan ada belatungnya beliau kemudian menjelaskan tugas guru itu seharusnya mengajarkan rasa syukur yang mind blowing justru menormalisasi belatung seperti di sppg saya katanya pernah kejadian belatung dari kacang edamame pertama menormalisasi belatung kedua ternyata orang bgn punya sppg juga ya sontak semua peserta kaget lho kok bisa orang bgn punya sppg pusing ah,in,4120,2704,345,333,578752,0,1_root,MBG[Top],,netral,0,https://x.com/zanatul_91/status/2003742370689614047
2026537644721844659,2026-02-25 06:00:00,tempodotco,tempo.co,2533931,"BGN: Jatah MBG Rp 8-10 Ribu Per Porsi, Bukan Rp 15 Ribu https://t.co/1HgDLgarZM",bgn jatah mbg rp 8 10 ribu per porsi bukan rp 15 ribu,in,9937,1482,1024,1716,1705810,0,1_root,MBG[Top],,netral,0,https://x.com/tempodotco/status/2026537644721844659
2093564300204101817,2026-08-29 05:00:00,wartafana,sa,267,manifesting raising my kid without screentime soalnya gak suka bgt liat anak kecil nyanyi lagu naykila EWWWWWW,manifesting raising my kid without screentime soalnya gak suka bgt liat anak kecil nyanyi lagu naykila ewwwwww,in,31981,3374,207,893,624108,0,1_root,MBG[Top],,positif,1,https://x.com/wartafana/status/2093564300204101817
2093628035253895605,2026-08-29 09:13:15,rockzstarm,gigi,79,"@wartafana lagu MBG anjir, rasa-rasanya pen gua sumpel kalo denger bocah nyanyi itu",lagu mbg anjir rasa rasanya pen gua sumpel kalo denger bocah nyanyi itu,in,2499,152,21,22,52839,0,1_root,MBG[Top],,netral,0,https://x.com/rockzstarm/status/2093628035253895605
2093801429735719249,2026-08-29 20:42:16,CozyGreenVibes,Cozy Green Vibes,7890,"Liat video ini bikin hati teriris 💔 Anak-anak ini tetap sekolah dengan ceria walau makan siangnya sederhana banget, bahkan mungkin cuma dibungkus plastik seadanya tanpa kotak makan. MBG 240 T apakah belum menyentuh ke sini.",liat video ini bikin hati teriris anak anak ini tetap sekolah dengan ceria walau makan siangnya sederhana banget bahkan mungkin cuma dibungkus plastik seadanya tanpa kotak makan mbg 240 t apakah belum menyentuh ke sini,in,182,55,24,2,2784,0,1_root,MBG[Top],,netral,0,https://x.com/CozyGreenVibes/status/2093801429735719249
2090387435721220446,2026-08-20 10:36:16,haixensen,una,11424,"PERINGATAN DARURAT 🚨🚨🚨🚨

ALL EYES ON INDONESIA
PRAY FOR INDONESIA 

- Bencana kebakaran hutan Kalimantan
- Bencana keracunan MBG
- Bencana gempa NTT
- Aceh dan Sumatera masih pemulihan

Banyak bencana di Indonesia tapi pemerintah nya diam!! https://t.co/zwfMIaGrnI",peringatan darurat all eyes on indonesia pray for indonesia bencana kebakaran hutan kalimantan bencana keracunan mbg bencana gempa ntt aceh dan sumatera masih pemulihan banyak bencana di indonesia tapi pemerintah nya diam,in,72995,50213,178,444,744277,0,1_root,MBG[Top],,negatif,-5,https://x.com/haixensen/status/2090387435721220446
2092531241698664812,2026-08-26 08:35:00,menuembegejelek,MBG Jelek,61659,"⚠️BREAKING!

Seorang guru menemukan sebutir ""PELURU SENAPAN ANGIN"" pada lauk ayam di dalam ompreng embege salah satu muridnya.

Lagi-lagi, dan lagi-lagi, segala macam benda dan binatang kerap dijumpai di dalam ompreng embege, terkecuali gizi dan panganan yang baik itu sendiri. https://t.co/T6ttmeqEtK",breaking seorang guru menemukan sebutir peluru senapan angin pada lauk ayam di dalam ompreng embege salah satu muridnya lagi lagi dan lagi lagi segala macam benda dan binatang kerap dijumpai di dalam ompreng embege terkecuali gizi dan panganan yang baik itu sendiri,in,18713,7152,241,483,1278454,0,1_root,MBG[Top],,netral,0,https://x.com/menuembegejelek/status/2092531241698664812
2052625003003465884,2026-05-08 05:41:51,menuembegejelek,MBG Jelek,61659,"Puntung rokok ada, pecahan plastik ada, mur baut ada, ulet ada, kalajengking pun ada. Segala macam benda dan binatang kerap dijumpai di dalam ompreng embege terkecuali gizi yang baik itu sendiri. Kecuali panganan yang layak makan itu sendiri. https://t.co/RAhfolGJYh",puntung rokok ada pecahan plastik ada mur baut ada ulet ada kalajengking pun ada segala macam benda dan binatang kerap dijumpai di dalam ompreng embege terkecuali gizi yang baik itu sendiri kecuali panganan yang layak makan itu sendiri,in,26040,8805,703,721,1378825,0,1_root,MBG[Top],,positif,2,https://x.com/menuembegejelek/status/2052625003003465884
2094248775892304107,2026-08-31 02:19:52,Hilmi28,Hilmi Firdausi,624380,"Bapak ini harus tanggung jawab kalau terjadi apa2 terhadap siswa/i yg tetap harus sekolah di saat asap makin pekat...Astaghfirullah, MBG dll kok lebih penting dibanding nyawa anak2 kita 😡 https://t.co/KcEvgnwWsy",bapak ini harus tanggung jawab kalau terjadi apa2 terhadap siswa i yg tetap harus sekolah di saat asap makin pekat astaghfirullah mbg dll kok lebih penting dibanding nyawa anak2 kita,in,322,148,14,2,8584,0,1_root,MBG[Top],,netral,0,https://x.com/Hilmi28/status/2094248775892304107
2092106824564850716,2026-08-25 04:28:31,SoundOfYogi,Yogi Natasukma™,46204,"Dana bencana nasional dipotong MBG

Sekarang MBG mampu menyelamatkan mereka?

Ngga",dana bencana nasional dipotong mbg sekarang mbg mampu menyelamatkan mereka ngga,in,139,70,6,0,3050,0,1_root,MBG[Top],,negatif,-1,https://x.com/SoundOfYogi/status/2092106824564850716
2091829045373841726,2026-08-24 10:04:43,kompascom,Kompas.com,8035934,"1 Balita dan 1 Lansia Pengungsi Gempa NTT Meninggal Kedinginan

Baca di https://t.co/dJj4vSGsbh https://t.co/3FZr4776Eg",1 balita dan 1 lansia pengungsi gempa ntt meninggal kedinginan baca di,in,5113,2267,36,112,69435,0,1_root,MBG[Top],,netral,0,https://x.com/kompascom/status/2091829045373841726
2079532550360568243,2026-07-21 11:42:50,tempodotco,tempo.co,2533931,"19 Siswa SDN Sendangrejo Blora Keracunan MBG
https://t.co/kYXVJFY3VX",19 siswa sdn sendangrejo blora keracunan mbg,in,5363,2749,164,182,104086,0,1_root,MBG[Top],,negatif,-1,https://x.com/tempodotco/status/2079532550360568243
2093935001008287886,2026-08-30 05:33:02,_linnamon_,林 Linnamon,7993,"Orang2 masih meremehkan apa itu kemiskinan. Masa gw liat ada yg berargumen ""sebelum ada MBG gk pernah ada yg lapar kok!"", gk nanya knp MBG masih populer padahal korupsi sana sini? Soalnya memang orang2 miskin merasa teringankan dengan pengurangan biaya sehari-hari seperti ini",orang2 masih meremehkan apa itu kemiskinan masa gw liat ada yg berargumen sebelum ada mbg gk pernah ada yg lapar kok gk nanya knp mbg masih populer padahal korupsi sana sini soalnya memang orang2 miskin merasa teringankan dengan pengurangan biaya sehari hari seperti ini,in,125,27,8,3,2316,0,1_root,MBG[Top],,negatif,-1,https://x.com/_linnamon_/status/2093935001008287886
2092134366482944165,2026-08-25 06:17:57,jjhwonu,benophie 🇲🇾 wonu’s wife,7619,MBG ni macam RMT masa kita kecik kecik dulu ke?,mbg ni macam rmt masa kita kecik kecik dulu ke,in,200,12,26,5,26018,0,1_root,MBG[Top],,netral,0,https://x.com/jjhwonu/status/2092134366482944165
2093368108828565631,2026-08-28 16:00:24,menuembegejelek,MBG Jelek,61659,"BUBARKAN GRIB!
BUBARKAN GRIB!
BUBARKAN GRIB!
BUBARKAN GRIB!
BUBARKAN GRIB!
BUBARKAN GRIB!
BUBARKAN GRIB!
BUBARKAN GRIB!
BUBARKAN GRIB!
BUBARKAN GRIB!
BUBARKAN GRIB!
BUBARKAN GRIB!
BUBARKAN GRIB!
BUBARKAN GRIB!
BUBARKAN GRIB!
BUBARKAN GRIB!
BUBARKAN GRIB!
BUBARKAN GRIB!
BUBARKAN GRIB!
BUBARKAN GRIB!
BUBARKAN GRIB!
BUBARKAN GRIB!
BUBARKAN GRIB!
BUBARKAN GRIB!
BUBARKAN GRIB!
BUBARKAN GRIB!
BUBARKAN GRIB!
BUBARKAN GRIB!
BUBARKAN GRIB!
BUBARKAN GRIB!
BUBARKAN GRIB!
BUBARKAN GRIB!
BUBARKAN GRIB!
BUBARKAN GRIB!
BUBARKAN GRIB!
BUBARKAN GRIB!",bubarkan grib bubarkan grib bubarkan grib bubarkan grib bubarkan grib bubarkan grib bubarkan grib bubarkan grib bubarkan grib bubarkan grib bubarkan grib bubarkan grib bubarkan grib bubarkan grib bubarkan grib bubarkan grib bubarkan grib bubarkan grib bubarkan grib bubarkan grib bubarkan grib bubarkan grib bubarkan grib bubarkan grib bubarkan grib bubarkan grib bubarkan grib bubarkan grib bubarkan grib bubarkan grib bubarkan grib bubarkan grib bubarkan grib bubarkan grib bubarkan grib bubarkan grib,in,29168,14148,248,84,279630,0,1_root,MBG[Top],,netral,0,https://x.com/menuembegejelek/status/2093368108828565631
2093181873073816053,2026-08-28 03:40:22,netizenledger,𝙽𝙴𝚃𝙸𝚉𝙴𝙽 ✍️,23232,"Tampak ormas GRIB terekam memukul dengan kayu, menyeret, menendang bagian kepala, berkali-kali anak SMA yang bernama Fatur yang kebetulan lewat gang di RW 7 petamburan &amp; sudah tidak berdaya, terjadi dini hari di Petamburan 28/8/2026 https://t.co/HBEUKbUILW",tampak ormas grib terekam memukul dengan kayu menyeret menendang bagian kepala berkali kali anak sma yang bernama fatur yang kebetulan lewat gang di rw 7 petamburan amp sudah tidak berdaya terjadi dini hari di petamburan 28 8 2026,in,38475,19353,1493,1044,2495793,0,1_root,MBG[Top],,netral,0,https://x.com/netizenledger/status/2093181873073816053
2094253076962234851,2026-08-31 02:36:57,LambeSahamjja,Lambe Saham,79928,"Dia nangis ketika:
Anies bilang 11 dari 100 ✅
Sesprinya menikah ✅

Dia tidak menangis ketika:
Rakyat Meninggal krn bencana❌
Rumah hancur krn bencana❌
Hutan ludes terbakar❌
Hewan langka mati krn hutan terbakar❌
Dollar naik❌
IHSG anjlok❌
PHK dan pengangguran meningkat❌
Siswa2 keracunan MBG❌
Rakyat kabur ke LN❌",dia nangis ketika anies bilang 11 dari 100 sesprinya menikah dia tidak menangis ketika rakyat meninggal krn bencana rumah hancur krn bencana hutan ludes terbakar hewan langka mati krn hutan terbakar dollar naik ihsg anjlok phk dan pengangguran meningkat siswa2 keracunan mbg rakyat kabur ke ln,in,8068,2825,42,31,104217,0,1_root,MBG[Top],,negatif,-2,https://x.com/LambeSahamjja/status/2094253076962234851
2027368121242353824,2026-02-27 13:00:01,tempodotco,tempo.co,2533931,Seskab Teddy: Kehadiran Program MBG Tidak Mengurangi Program Pendidikan https://t.co/ql5cLJDBBc,seskab teddy kehadiran program mbg tidak mengurangi program pendidikan,in,1324,143,536,641,102487,0,1_root,MBG[Top],,netral,0,https://x.com/tempodotco/status/2027368121242353824
2091890092424237440,2026-08-24 14:07:18,menuembegejelek,MBG Jelek,61659,"Tbh, samira alatas adalah target terbaik untuk campaign dan gerakan ""EAT THE RICH"".",tbh samira alatas adalah target terbaik untuk campaign dan gerakan eat the rich,in,3040,507,8,1,107073,0,1_root,MBG[Top],,netral,0,https://x.com/menuembegejelek/status/2091890092424237440
2091603373040787744,2026-08-23 19:07:58,myshawti,Catholic 𐕣,59260,"Awal gue kira ini cuma ucapan ulang tahun biasa, ternyata nama yang muncul bukan orang sembarangan:

- akun resmi JMRB sempat mengunggah ucapan ulang tahun untuk Samira Alatas sebagai Komisaris JMRB.

- latar belakangnya ikut jadi sorotan: beautypreneur, pengurus HIPMI Jaya, dan pernah terlibat dalam TKN Prabowo-Gibran 2024.

- nggak lama kemudian, unggahan tersebut terlihat sudah dihapus.

- dari ucapan ulang tahun, pembahasannya melebar ke jabatan, rekam jejak, sampai hubungan politik.

Yang bikin ramai bukan siapa orangnya, tapi kenapa unggahan resminya tiba-tiba hilang.

Oiya itu penulisannya salah kak, seharusnya diomongin bukan di omongin 🙏🏻",awal gue kira ini cuma ucapan ulang tahun biasa ternyata nama yang muncul bukan orang sembarangan akun resmi jmrb sempat mengunggah ucapan ulang tahun untuk samira alatas sebagai komisaris jmrb latar belakangnya ikut jadi sorotan beautypreneur pengurus hipmi jaya dan pernah terlibat dalam tkn prabowo gibran 2024 nggak lama kemudian unggahan tersebut terlihat sudah dihapus dari ucapan ulang tahun pembahasannya melebar ke jabatan rekam jejak sampai hubungan politik yang bikin ramai bukan siapa orangnya tapi kenapa unggahan resminya tiba tiba hilang oiya itu penulisannya salah kak seharusnya diomongin bukan di omongin,in,1240,338,45,29,218285,0,1_root,MBG[Top],,negatif,-1,https://x.com/myshawti/status/2091603373040787744
2064656319345496154,2026-06-10 10:30:00,tempodotco,tempo.co,2533931,"JUST IN: MBG Watch Segel Gedung BGN, Mendesak MBG Dihentikan",just in mbg watch segel gedung bgn mendesak mbg dihentikan,in,16149,2666,163,158,546915,0,1_root,MBG[Top],,netral,0,https://x.com/tempodotco/status/2064656319345496154
2094348864937660658,2026-08-31 08:57:35,hartonomurta,Hartono Murta,223,Ayo dukung program Makan Bergizi Gratis https://t.co/Y64MzFqNB6,ayo dukung program makan bergizi gratis,in,0,0,0,0,5,0,1_root,makan bergizi gratis[Latest],,positif,3,https://x.com/hartonomurta/status/2094348864937660658
2094346195108090275,2026-08-31 08:46:58,seanohblue,Sean,73,@eswaraaya Ini dia makan bergizi gratis yang beneran bergizi. Gua mau,ini dia makan bergizi gratis yang beneran bergizi gua mau,in,0,0,0,0,2,0,1_root,makan bergizi gratis[Latest],,positif,3,https://x.com/seanohblue/status/2094346195108090275
2094341159900615129,2026-08-31 08:26:58,BesameKitee,Jeme Kite,61,Makan Bergizi Gratis https://t.co/NPv49P1Abh,makan bergizi gratis,in,1,0,0,0,1,0,1_root,makan bergizi gratis[Latest],,positif,2,https://x.com/BesameKitee/status/2094341159900615129
2094341088870035510,2026-08-31 08:26:41,BesameKitee,Jeme Kite,61,Manfaat Program Makan Bergizi Gratis https://t.co/ud4mdiATUi,manfaat program makan bergizi gratis,in,1,0,0,0,3,0,1_root,makan bergizi gratis[Latest],,positif,2,https://x.com/BesameKitee/status/2094341088870035510
2094340940999893037,2026-08-31 08:26:05,BesameKitee,Jeme Kite,61,Program Makan Bergizi Gratis Bawa Dampak Baik https://t.co/EzmEqmpCZH,program makan bergizi gratis bawa dampak baik,in,1,0,7,0,3,0,1_root,makan bergizi gratis[Latest],,positif,3,https://x.com/BesameKitee/status/2094340940999893037
2094339587326038089,2026-08-31 08:20:43,pajakambon,#PajakKitaUntukKita,492,Edukasi Perpajakan: Aspek Perpajakan Program Makan Bergizi Gratis (MBG) secara daring pada 27 Agustus 2026 oleh KPP Pratama Ambon yang dihadiri oleh Pengurus Yayasan/SPPG/Mitra Yayasan di Provinsi Maluku dengan Tim Penyuluh KPP Pratama Ambon sebagai narasumber. https://t.co/VGPMMi8ENr,edukasi perpajakan aspek perpajakan program makan bergizi gratis mbg secara daring pada 27 agustus 2026 oleh kpp pratama ambon yang dihadiri oleh pengurus yayasan sppg mitra yayasan di provinsi maluku dengan tim penyuluh kpp pratama ambon sebagai narasumber,in,0,0,0,0,37,0,1_root,makan bergizi gratis[Latest],,positif,2,https://x.com/pajakambon/status/2094339587326038089
2094338281240756415,2026-08-31 08:15:31,NabilaKeisha7,Nabila Keisha,30,"Program Makan Bergizi Gratis (MBG): Tuntutan Evaluasi vs. Realita Manfaat di Papua. Infografis ini menunjukkan dilema pembangunan di Indonesia. Evaluasi untuk transparansi &amp; akuntabilitas itu penting, tapi jangan lupakan dampak positifnya bagi saudara kita di daerah 3T. https://t.co/brbApcN2EI",program makan bergizi gratis mbg tuntutan evaluasi vs realita manfaat di papua infografis ini menunjukkan dilema pembangunan di indonesia evaluasi untuk transparansi amp akuntabilitas itu penting tapi jangan lupakan dampak positifnya bagi saudara kita di daerah 3t,in,0,0,0,0,29,0,1_root,makan bergizi gratis[Latest],,positif,2,https://x.com/NabilaKeisha7/status/2094338281240756415
2094338211971797387,2026-08-31 08:15:15,NabilaKeisha7,Nabila Keisha,30,"Di balik perdebatan narasi, fakta di lapangan menunjukkan hal lain. Bagi anak-anak di Papua &amp; wilayah 3T, Program Makan Bergizi Gratis (MBG) menghadirkan kepastian gizi dan senyum ceria saat belajar.

Langkah nyata memastikan tak ada lagi perut yang kosong di sekolah. 🇮🇩✨ https://t.co/5lZFnEHxyG",di balik perdebatan narasi fakta di lapangan menunjukkan hal lain bagi anak anak di papua amp wilayah 3t program makan bergizi gratis mbg menghadirkan kepastian gizi dan senyum ceria saat belajar langkah nyata memastikan tak ada lagi perut yang kosong di sekolah,in,0,0,0,0,24,0,1_root,makan bergizi gratis[Latest],,positif,2,https://x.com/NabilaKeisha7/status/2094338211971797387
2094332890490474686,2026-08-31 07:54:06,dppPRI,DPP PARTAI RAKYAT INDONESIA,153,"Hayo, siapa di sini yang nggak bisa nolak pesona makanan gratis? 🤤 Ternyata, pesona MBG pun nggak main-main!

Ada benarnya juga sih, siapa yang nggak mau diajak makan bergizi dan gratis? Kalau kamu, bakal gimana? 😆
#PartaiRakyatIndonesia
#IndonesiaEmas
#MBG https://t.co/vFwgbSmAZs",hayo siapa di sini yang nggak bisa nolak pesona makanan gratis ternyata pesona mbg pun nggak main main ada benarnya juga sih siapa yang nggak mau diajak makan bergizi dan gratis kalau kamu bakal gimana partairakyatindonesia indonesiaemas mbg,in,2,0,0,0,118,0,1_root,makan bergizi gratis[Latest],,positif,3,https://x.com/dppPRI/status/2094332890490474686
2094328223861727318,2026-08-31 07:35:33,kppnwatampone,KPPN Watampone,334,"Halo Sobat #InTress

KPPN Watampone melaksanakan monitoring implementasi Program Makan Bergizi Gratis (MBG) di SPPG Soppeng Lalabata sebagai bagian dari upaya memastikan pelaksanaan program berjalan dengan baik, tepat sasaran, dan mendukung pemenuhan gizi bagi masyarakat. https://t.co/djKSpAoU3S",halo sobat intress kppn watampone melaksanakan monitoring implementasi program makan bergizi gratis mbg di sppg soppeng lalabata sebagai bagian dari upaya memastikan pelaksanaan program berjalan dengan baik tepat sasaran dan mendukung pemenuhan gizi bagi masyarakat,in,0,0,1,0,7,0,1_root,makan bergizi gratis[Latest],,positif,5,https://x.com/kppnwatampone/status/2094328223861727318
2094327714081849685,2026-08-31 07:33:32,macesonyaa,Mace Sonya,177,"Tumbuh kembang anak yang optimal dimulai dari piring makan yang bernutrisi. Melalui program Makan Bergizi Gratis (MBG), kami memastikan setiap anak sekolah mendapatkan asupan protein, sayuran berkualitas, dan edukasi pola makan sehat setiap harinya.
#SehatBersamaMBG https://t.co/33xpi0eBlS",tumbuh kembang anak yang optimal dimulai dari piring makan yang bernutrisi melalui program makan bergizi gratis mbg kami memastikan setiap anak sekolah mendapatkan asupan protein sayuran berkualitas dan edukasi pola makan sehat setiap harinya sehatbersamambg,in,0,0,0,0,13,0,1_root,makan bergizi gratis[Latest],,positif,3,https://x.com/macesonyaa/status/2094327714081849685
2094327600747516412,2026-08-31 07:33:05,macesonyaa,Mace Sonya,177,"Tumbuh kembang anak yang optimal dimulai dari piring makan yang bernutrisi. Melalui program Makan Bergizi Gratis (MBG), kami memastikan setiap anak sekolah mendapatkan asupan protein, sayuran berkualitas, dan edukasi pola makan sehat setiap harinya.
#SehatBersamaMBG https://t.co/qZw2q2aETu",tumbuh kembang anak yang optimal dimulai dari piring makan yang bernutrisi melalui program makan bergizi gratis mbg kami memastikan setiap anak sekolah mendapatkan asupan protein sayuran berkualitas dan edukasi pola makan sehat setiap harinya sehatbersamambg,in,0,0,1,0,7,0,1_root,makan bergizi gratis[Latest],,positif,3,https://x.com/macesonyaa/status/2094327600747516412
2094321526820720954,2026-08-31 07:08:57,BakimanPradip,Bakiman Pradipta,23,"Dukungan dan aspirasi masyarakat Metro Lampung untuk Program Makan Bergizi Gratis (MBG)! 💪

Bersama MBG, kita wujudkan generasi sehat, cerdas, dan kuat. https://t.co/wnW249sQpZ",dukungan dan aspirasi masyarakat metro lampung untuk program makan bergizi gratis mbg bersama mbg kita wujudkan generasi sehat cerdas dan kuat,in,0,0,0,0,6,0,1_root,makan bergizi gratis[Latest],,positif,3,https://x.com/BakimanPradip/status/2094321526820720954
2094321290509509020,2026-08-31 07:08:00,SintaAzhari9,Sinta Azhari,403,Keberadaan Program Makan Bergizi Gratis menjadi angin segar bagi para petani singkong dan peternak di Lampung. Penyerapan hasil panen secara konsisten menjaga harga komoditas tetap stabil di pasaran. Harapan dan Dukungan Warga terus mengalir agar program ini berjalan tanpa henti https://t.co/sXIvdYiMEZ,keberadaan program makan bergizi gratis menjadi angin segar bagi para petani singkong dan peternak di lampung penyerapan hasil panen secara konsisten menjaga harga komoditas tetap stabil di pasaran harapan dan dukungan warga terus mengalir agar program ini berjalan tanpa henti,in,1,0,0,0,110,0,1_root,makan bergizi gratis[Latest],,positif,3,https://x.com/SintaAzhari9/status/2094321290509509020
2094318140268360065,2026-08-31 06:55:29,vaneyolks,🍅,26,makasih ya ikt udah kasih makan gratis enak bergizi mantap mashaAllah,makasih ya ikt udah kasih makan gratis enak bergizi mantap mashaallah,in,0,0,1,0,33,0,1_root,makan bergizi gratis[Latest],,positif,4,https://x.com/vaneyolks/status/2094318140268360065
2094317199142125918,2026-08-31 06:51:45,majunusantaraku,Majunusantaraku,108,"Program MBG (Makan Bergizi Gratis) menghadirkan kepastian pasar dan stabilitas harga bagi para petani singkong di Lampung, menciptakan kesejahteraan yang lebih baik. https://t.co/FFztDAlY8o",program mbg makan bergizi gratis menghadirkan kepastian pasar dan stabilitas harga bagi para petani singkong di lampung menciptakan kesejahteraan yang lebih baik,in,0,0,0,1,13,0,1_root,makan bergizi gratis[Latest],,positif,4,https://x.com/majunusantaraku/status/2094317199142125918
2094316082672906254,2026-08-31 06:47:19,posmanto99,Posmanto,9,"Program MBG (Makan Bergizi Gratis) menghadirkan kepastian pasar dan stabilitas harga bagi para petani singkong di Lampung, menciptakan kesejahteraan yang lebih baik. https://t.co/6EAPbbU4Uo",program mbg makan bergizi gratis menghadirkan kepastian pasar dan stabilitas harga bagi para petani singkong di lampung menciptakan kesejahteraan yang lebih baik,in,0,0,0,0,7,0,1_root,makan bergizi gratis[Latest],,positif,4,https://x.com/posmanto99/status/2094316082672906254
2094312098436358180,2026-08-31 06:31:29,TOMBAK_SULSEL,Ditsamapta polda sulsel,45,"Personel Patroli Perintis Presisi Unit 3 turjawali Subdit Gasum Dit Samapta Polda Sulsel melaksanakan kegiatan pengawalan pendistribusian Makan Bergizi Gratis (MBG) ke sekolah-sekolah penerima, Senin (31/08/26). https://t.co/3jcvXTXmCw",personel patroli perintis presisi unit 3 turjawali subdit gasum dit samapta polda sulsel melaksanakan kegiatan pengawalan pendistribusian makan bergizi gratis mbg ke sekolah sekolah penerima senin 31 08 26,in,0,0,0,0,7,0,1_root,makan bergizi gratis[Latest],,positif,2,https://x.com/TOMBAK_SULSEL/status/2094312098436358180
2094311040775500187,2026-08-31 06:27:17,hartonomurta,Hartono Murta,223,"Dukung program Makan Bergizi Gratis
Langkah Nyata untuk Kesejahteraan https://t.co/0PTFIBSDBe",dukung program makan bergizi gratis langkah nyata untuk kesejahteraan,in,0,0,0,0,8,0,1_root,makan bergizi gratis[Latest],,positif,3,https://x.com/hartonomurta/status/2094311040775500187
2094308582967931187,2026-08-31 06:17:31,RRIPrograma3,RRI Programa 3,8556,"Baca Selengkapnya: https://t.co/zujidCEXhU

BGN RI terus menggenjot, pemerataan Program Makan Bergizi Gratis (MBG) dengan menyasar wilayah tertinggal, terdepan, dan terluar (3T). Ribuan dapur MBG, ditargetkan mulai diaktifkan secara bertahap pada September 2026. https://t.co/RCSBJypB6m",baca selengkapnya bgn ri terus menggenjot pemerataan program makan bergizi gratis mbg dengan menyasar wilayah tertinggal terdepan dan terluar 3t ribuan dapur mbg ditargetkan mulai diaktifkan secara bertahap pada september 2026,in,0,0,0,0,40,0,1_root,makan bergizi gratis[Latest],,positif,2,https://x.com/RRIPrograma3/status/2094308582967931187
2094307892765892853,2026-08-31 06:14:46,kominfodiy,Kominfo DIY,34266,"[SALAH] 800 BUMN Ditutup Demi Membiayai MBG?

Sedulur, beredar unggahan yang mengeklaim Presiden Prabowo akan menutup 800 BUMN pada akhir 2026 dan dananya dialihkan untuk membiayai program Makan Bergizi Gratis (MBG). https://t.co/7n3jIJszoy",salah 800 bumn ditutup demi membiayai mbg sedulur beredar unggahan yang mengeklaim presiden prabowo akan menutup 800 bumn pada akhir 2026 dan dananya dialihkan untuk membiayai program makan bergizi gratis mbg,in,0,0,1,0,171,0,1_root,makan bergizi gratis[Latest],,positif,1,https://x.com/kominfodiy/status/2094307892765892853
2094294016292782521,2026-08-31 05:19:38,TimurParadise,Huamuale,39,Dua Sisi Program MBG demi keberlanjutan Program Makan Bergizi Gratis untuk kesejahteraan masyarakat dan peningkatan gizi anak-anak Indonesia. https://t.co/4nbvT6FM9P,dua sisi program mbg demi keberlanjutan program makan bergizi gratis untuk kesejahteraan masyarakat dan peningkatan gizi anak anak indonesia,in,1,0,0,0,7,0,1_root,makan bergizi gratis[Latest],,positif,2,https://x.com/TimurParadise/status/2094294016292782521
2094293933534970051,2026-08-31 05:19:18,TimurParadise,Huamuale,39,Dua Sisi Program MBG demi keberlanjutan Program Makan Bergizi Gratis untuk kesejahteraan masyarakat dan peningkatan gizi anak-anak Indonesia. https://t.co/ovkJ7JNK5F,dua sisi program mbg demi keberlanjutan program makan bergizi gratis untuk kesejahteraan masyarakat dan peningkatan gizi anak anak indonesia,in,1,0,0,0,7,0,1_root,makan bergizi gratis[Latest],,positif,2,https://x.com/TimurParadise/status/2094293933534970051
2094290969806221581,2026-08-31 05:07:31,La_Manggilaa,La Manggila,216,"Uang Makan Gratis Rp15 Ribu Mau Ditransfer ke ATM, Dapur Umum Bakal Dihapus?
DPR mengusulkan skema kartu ATM khusus program Makan Bergizi Gratis (MBG) sebesar Rp15.000 per hari untuk setiap siswa.
Usulan transfer langsung ke rekening orang tua ini dinilai dapat memangkas rantai https://t.co/zaxzrDD7hp",uang makan gratis rp15 ribu mau ditransfer ke atm dapur umum bakal dihapus dpr mengusulkan skema kartu atm khusus program makan bergizi gratis mbg sebesar rp15 000 per hari untuk setiap siswa usulan transfer langsung ke rekening orang tua ini dinilai dapat memangkas rantai,in,0,0,0,0,13,0,1_root,makan bergizi gratis[Latest],,positif,3,https://x.com/La_Manggilaa/status/2094290969806221581
2094289397843972374,2026-08-31 05:01:17,langitsenayan,Langit Senayan,11,Pernyataan Kadisdik Kalteng yang menolak meliburkan sekolah di tengah ancaman bencana kabut asap menuai sorotan publik. Alasan operasional Dapur Makan Bergizi Gratis (MBG) dan kekhawatiran siswa nongkrong di kafe dinilai tidak sebanding dengan risiko kesehatan warga sekolah. https://t.co/2ONc30rP3k,pernyataan kadisdik kalteng yang menolak meliburkan sekolah di tengah ancaman bencana kabut asap menuai sorotan publik alasan operasional dapur makan bergizi gratis mbg dan kekhawatiran siswa nongkrong di kafe dinilai tidak sebanding dengan risiko kesehatan warga sekolah,in,0,0,0,0,67,0,1_root,makan bergizi gratis[Latest],,netral,0,https://x.com/langitsenayan/status/2094289397843972374
2094284866317914376,2026-08-31 04:43:16,KodimBulukumba,Kodim Bulukumba Official,48,"Dukung Generasi Emas, Serma Syamsuddin Kawal Program Makan Bergizi Gratis di TK Nurul Takwa Tokombeng

BULUKUMBA – Babinsa Koramil 1411-04/Ujung Bulu, Serma Syamsuddin, melaksanakan pendampingan penyaluran program Makan Bergizi Gratis (MBG) di TK Nurul Takwa Tokombeng. https://t.co/5e9ZBjifOz",dukung generasi emas serma syamsuddin kawal program makan bergizi gratis di tk nurul takwa tokombeng bulukumba babinsa koramil 1411 04 ujung bulu serma syamsuddin melaksanakan pendampingan penyaluran program makan bergizi gratis mbg di tk nurul takwa tokombeng,in,0,0,0,0,19,0,1_root,makan bergizi gratis[Latest],,positif,5,https://x.com/KodimBulukumba/status/2094284866317914376
2094282925730894320,2026-08-31 04:35:34,Polixnews,Generasi terdepan Politik2,5,"Program Makan Bergizi Gratis (MBG) sedang mengalami PEROMBAKAN BESAR. Bukan karena gagal, tapi karena pemerintah ingin memastikan uang rakyat benar-benar tepat sasaran.
Setelah pertemuan Kepala Badan Gizi Nasional (BGN) Sudaryono dengan Menteri Keuangan Purbaya Yudhi Sadewa https://t.co/2YUsljHt8G",program makan bergizi gratis mbg sedang mengalami perombakan besar bukan karena gagal tapi karena pemerintah ingin memastikan uang rakyat benar benar tepat sasaran setelah pertemuan kepala badan gizi nasional bgn sudaryono dengan menteri keuangan purbaya yudhi sadewa,in,0,0,0,0,14,0,1_root,makan bergizi gratis[Latest],,positif,2,https://x.com/Polixnews/status/2094282925730894320
2094282784949096941,2026-08-31 04:35:00,pasaribunoah,uname; noah pasaribu,15,"Program ini libatkan petani, peternak, nelayan, dan UMKM lokal. Dari kebun ke dapur makan bergizi gratis, dari tambak ke pasar. Uang berputar di Papua, kesejahteraan masyarakat langsung naik. https://t.co/rqrJMcIBBF",program ini libatkan petani peternak nelayan dan umkm lokal dari kebun ke dapur makan bergizi gratis dari tambak ke pasar uang berputar di papua kesejahteraan masyarakat langsung naik,in,1,0,0,0,10,0,1_root,makan bergizi gratis[Latest],,positif,2,https://x.com/pasaribunoah/status/2094282784949096941
2094282675402252466,2026-08-31 04:34:34,ProboJoyo,Probo Joyo,8,Makan Bergizi Gratis wujudkan generasi sehat dan cerdas. #MakanBergiziGratis #MBG https://t.co/2iMpYTA4LV,makan bergizi gratis wujudkan generasi sehat dan cerdas makanbergizigratis mbg,in,1,0,0,0,7,0,1_root,makan bergizi gratis[Latest],,positif,3,https://x.com/ProboJoyo/status/2094282675402252466
2094282592346591243,2026-08-31 04:34:14,ProboJoyo,Probo Joyo,8,Makan Bergizi Gratis wujudkan generasi sehat dan cerdas. #MakanBergiziGratis #MBG https://t.co/cgdt0fvY4T,makan bergizi gratis wujudkan generasi sehat dan cerdas makanbergizigratis mbg,in,1,0,1,0,8,0,1_root,makan bergizi gratis[Latest],,positif,3,https://x.com/ProboJoyo/status/2094282592346591243
2094281533360361690,2026-08-31 04:30:02,KarinKosegeran,karin kosegeran,60,"Program ini libatkan petani, peternak, nelayan, dan UMKM lokal. Dari kebun ke dapur makan bergizi gratis, dari tambak ke pasar. Uang berputar di Papua, kesejahteraan masyarakat langsung naik. https://t.co/Jb1wXSTTdh",program ini libatkan petani peternak nelayan dan umkm lokal dari kebun ke dapur makan bergizi gratis dari tambak ke pasar uang berputar di papua kesejahteraan masyarakat langsung naik,in,1,0,0,0,24,0,1_root,makan bergizi gratis[Latest],,positif,2,https://x.com/KarinKosegeran/status/2094281533360361690
2094274446286807043,2026-08-31 04:01:52,99propaganda,key,4979,"Badan Gizi Nasional (BGN) baru aja ngebuka 3 PO Box pengaduan khusus buat ngawal Program Makan Bergizi Gratis (MBG). Biar laporan nggak numpuk dan makin cepat diusut bahkan diawasin langsung sama Kepala BG kanal pengaduannya dibagi sesuai peran:

📩 PO Box 2045 → Khusus internal (pegawai BGN, Kepala SPPG, pengawas, akuntan, sampai tim dapur).
📩 PO Box 1708 → Khusus mitra & yayasan swasta penyelenggara.
📩 PO Box 45000 → Khusus buat masyarakat umum kalau nemu kejanggalan di lapangan.

Selain kirim surat, bisa juga aduin lewat kanal resmi lainnya:
📱 WA: 0811-1000-8008
📞 Call Center: 127
📧 Email: halo@bgn.go.id
🌐 Portal SP4N-LAPOR!

Biar programnya beneran tepat sasaran, yuk kita bareng-bareng kawal! 🇮🇩✨ #MakanBergiziGratis #BGN #KawalMBG",badan gizi nasional bgn baru aja ngebuka 3 po box pengaduan khusus buat ngawal program makan bergizi gratis mbg biar laporan nggak numpuk dan makin cepat diusut bahkan diawasin langsung sama kepala bg kanal pengaduannya dibagi sesuai peran po box 2045 khusus internal pegawai bgn kepala sppg pengawas akuntan sampai tim dapur po box 1708 khusus mitra yayasan swasta penyelenggara po box 45000 khusus buat masyarakat umum kalau nemu kejanggalan di lapangan selain kirim surat bisa juga aduin lewat kanal resmi lainnya wa 0811 1000 8008 call center 127 email halo go id portal sp4n lapor biar programnya beneran tepat sasaran yuk kita bareng bareng kawal makanbergizigratis bgn kawalmbg,in,5,3,0,0,113,0,1_root,makan bergizi gratis[Latest],,positif,4,https://x.com/99propaganda/status/2094274446286807043
2094270840124948808,2026-08-31 03:47:32,tvrnusantara,TV NUSANTARA TERKINI,8,"VIRAL! Momen hangat dan mengedukasi saat anak-anak diajak mengenal program-program pemerintah oleh ketum Partai Rakyat Indonesia Bpk.Muhammad Nazaruddin seperti Program Makan Bergizi Gratis (MBG) dan Sekolah Rakyat.
#mbg #beritaterkini #viral #ipf #partairakyatindonesia https://t.co/xBn0ISir41",viral momen hangat dan mengedukasi saat anak anak diajak mengenal program program pemerintah oleh ketum partai rakyat indonesia bpk muhammad nazaruddin seperti program makan bergizi gratis mbg dan sekolah rakyat mbg beritaterkini viral ipf partairakyatindonesia,in,2,2,0,0,171,0,1_root,makan bergizi gratis[Latest],,positif,2,https://x.com/tvrnusantara/status/2094270840124948808
2094263410481606943,2026-08-31 03:18:01,1420_sidrap,Kodim 1420 Sidrap,35,"Babinsa Ramil jajaran Kodim 1420/Sidrap melaksanakan pendampingan kegiatan Makan Bergizi Gratis (MBG) di sejumlah wilayah Kabupaten Sidenreng Rappang, Senin (31/08/2026). https://t.co/rR0Al8w6pY",babinsa ramil jajaran kodim 1420 sidrap melaksanakan pendampingan kegiatan makan bergizi gratis mbg di sejumlah wilayah kabupaten sidenreng rappang senin 31 08 2026,in,1,0,0,0,27,0,1_root,makan bergizi gratis[Latest],,positif,2,https://x.com/1420_sidrap/status/2094263410481606943
2094259482796937567,2026-08-31 03:02:24,rudansyah,Zi Yuan (子源),140,"Dugaan Korupsi Dana MBG Rp700 Juta, Aparat Mulai Lakukan Penyelidikan

Jakarta — Dugaan penyalahgunaan dana program Makan Bergizi Gratis (MBG) senilai sekitar Rp700 juta tengah menjadi perhatian. 
Cek berita selengkapnya 
Di sini 👇👇
https://t.co/SWjNoZQBOa

#jakarta https://t.co/0veNg7BZkO",dugaan korupsi dana mbg rp700 juta aparat mulai lakukan penyelidikan jakarta dugaan penyalahgunaan dana program makan bergizi gratis mbg senilai sekitar rp700 juta tengah menjadi perhatian cek berita selengkapnya di sini jakarta,in,0,0,0,0,24,0,1_root,makan bergizi gratis[Latest],,positif,1,https://x.com/rudansyah/status/2094259482796937567
2094258520363553191,2026-08-31 02:58:35,NonaM93623,Nona Milenial,11,Pelaksanaan Program Makan Bergizi Gratis atau MBG di Kabupaten Alor terus mengalami peningkatan cakupan penerima manfaat. Program tersebut menjadi salah satu upaya pemenuhan gizi masyarakat sekaligus mendukung peningkatan kualitas sumber daya manusia sejak usia sekolah. https://t.co/2iiyEFDNPN,pelaksanaan program makan bergizi gratis atau mbg di kabupaten alor terus mengalami peningkatan cakupan penerima manfaat program tersebut menjadi salah satu upaya pemenuhan gizi masyarakat sekaligus mendukung peningkatan kualitas sumber daya manusia sejak usia sekolah,in,0,0,0,0,18,0,1_root,makan bergizi gratis[Latest],,positif,2,https://x.com/NonaM93623/status/2094258520363553191
2094258269468697009,2026-08-31 02:57:35,Duplikat123_,duplikat.com,5,Pelaksanaan Program Makan Bergizi Gratis atau MBG di Kabupaten Alor terus mengalami peningkatan cakupan penerima manfaat. Program tersebut menjadi salah satu upaya pemenuhan gizi masyarakat sekaligus mendukung peningkatan kualitas sumber daya manusia sejak usia sekolah. https://t.co/UMU8F10Eob,pelaksanaan program makan bergizi gratis atau mbg di kabupaten alor terus mengalami peningkatan cakupan penerima manfaat program tersebut menjadi salah satu upaya pemenuhan gizi masyarakat sekaligus mendukung peningkatan kualitas sumber daya manusia sejak usia sekolah,in,0,0,0,0,15,0,1_root,makan bergizi gratis[Latest],,positif,2,https://x.com/Duplikat123_/status/2094258269468697009
2094255499726430649,2026-08-31 02:46:35,gebianne,Gabbriela,584,"Pendidikan dan Makan Bergizi Gratis sama pentingnya. Gizi terpenuhi membuat anak siap belajar, sementara anggaran pendidikan dipastikan tetap terjaga. #jagaindonesia #PendidikanMaju #MakanBergizi https://t.co/oVprYmMi5x",pendidikan dan makan bergizi gratis sama pentingnya gizi terpenuhi membuat anak siap belajar sementara anggaran pendidikan dipastikan tetap terjaga jagaindonesia pendidikanmaju makanbergizi,in,0,0,0,0,13,0,1_root,makan bergizi gratis[Latest],,positif,4,https://x.com/gebianne/status/2094255499726430649
2094255326099063045,2026-08-31 02:45:53,Meiraaash,Meiraaa💨,145,Pendidikan dan gizi sama-sama penting! Program Makan Bergizi Gratis ciptakan generasi cerdas tanpa korbankan anggaran sekolah. #jagaindonesia #makanbergizigratis #pendidikan https://t.co/9lBRwGroRq,pendidikan dan gizi sama sama penting program makan bergizi gratis ciptakan generasi cerdas tanpa korbankan anggaran sekolah jagaindonesia makanbergizigratis pendidikan,in,0,0,0,0,12,0,1_root,makan bergizi gratis[Latest],,positif,2,https://x.com/Meiraaash/status/2094255326099063045
2094254872472555952,2026-08-31 02:44:05,Marsheillaster,Sheila,312,"Angka Rp6 juta SPPG bukan gaji pribadi, melainkan biaya operasional dapur Makan Bergizi Gratis. Mari kawal bersama agar transparan! #jagaindonesia #MakanBergiziGratis #FaktaSPPG https://t.co/B8jfGI9aiv",angka rp6 juta sppg bukan gaji pribadi melainkan biaya operasional dapur makan bergizi gratis mari kawal bersama agar transparan jagaindonesia makanbergizigratis faktasppg,in,0,0,0,0,13,0,1_root,makan bergizi gratis[Latest],,positif,3,https://x.com/Marsheillaster/status/2094254872472555952
2094254602069975098,2026-08-31 02:43:01,MediaPrabowoID,Media Prabowo,134,Presiden Prabowo tegaskan program Makan Bergizi Gratis terus berlanjut &amp; diprioritaskan untuk warga sulit usai respon aspirasi Bupati Nagekeo. https://t.co/ZFNBOvHO3q,presiden prabowo tegaskan program makan bergizi gratis terus berlanjut amp diprioritaskan untuk warga sulit usai respon aspirasi bupati nagekeo,in,0,0,0,0,318,0,1_root,makan bergizi gratis[Latest],,positif,2,https://x.com/MediaPrabowoID/status/2094254602069975098
2094253147061694829,2026-08-31 02:37:14,Polres_SWL,Polres_Sawahlunto,220,"Dalam rangka memastikan keamanan dan kualitas makanan pada Program Makan Bergizi Gratis (MBG), Kasi Dokkes Polres Sawahlunto Aipda Yuli Erwati, B., Amd.Kep., beserta personel Sidokkes melaksanakan kegiatan Food Safety di SPPG Yayasan Kemala Bhayangkari Cabang Sawahlunto. https://t.co/6ezfOpFZgu",dalam rangka memastikan keamanan dan kualitas makanan pada program makan bergizi gratis mbg kasi dokkes polres sawahlunto aipda yuli erwati b amd kep beserta personel sidokkes melaksanakan kegiatan food safety di sppg yayasan kemala bhayangkari cabang sawahlunto,in,1,0,0,0,15,0,1_root,makan bergizi gratis[Latest],,positif,2,https://x.com/Polres_SWL/status/2094253147061694829
2094252958661972144,2026-08-31 02:36:29,TimurParadise,Huamuale,39,"Dukung program Makan Bergizi Gratis  anak sehat,  Indonesia hebat https://t.co/UrPbxEIcfz",dukung program makan bergizi gratis anak sehat indonesia hebat,in,1,0,0,0,8,0,1_root,makan bergizi gratis[Latest],,positif,6,https://x.com/TimurParadise/status/2094252958661972144
2094252398235816283,2026-08-31 02:34:15,TimurParadise,Huamuale,39,Program Makan Bergizi Gratis diperkuat dengan literasi Gizi untuk membentuk kebiasaan makan anak Indonesia. https://t.co/55HAwzcaN8,program makan bergizi gratis diperkuat dengan literasi gizi untuk membentuk kebiasaan makan anak indonesia,in,1,0,0,0,9,0,1_root,makan bergizi gratis[Latest],,positif,2,https://x.com/TimurParadise/status/2094252398235816283
2094251377732300922,2026-08-31 02:30:12,TimurParadise,Huamuale,39,Program Makan Bergizi Gratis atasi stunting gerakkan ekonomi rakyat. https://t.co/fYZaNDFHGc,program makan bergizi gratis atasi stunting gerakkan ekonomi rakyat,in,1,0,0,0,8,0,1_root,makan bergizi gratis[Latest],,positif,2,https://x.com/TimurParadise/status/2094251377732300922
2094251160127582341,2026-08-31 02:29:20,Mirna7Cantika,Mirna Cantika,6,"MBG harapan untuk masa depan Indonesia. Makan Bergizi Gratis Wujudkan Generasi Sehat dan Cerdas

#DukungMBG #MakanBergiziGratis #GenerasiSehat #GenerasiCerdas #IndonesiaEmas2045 https://t.co/b58ENqJufT",mbg harapan untuk masa depan indonesia makan bergizi gratis wujudkan generasi sehat dan cerdas dukungmbg makanbergizigratis generasisehat generasicerdas indonesiaemas2045,in,1,0,0,0,17,0,1_root,makan bergizi gratis[Latest],,positif,3,https://x.com/Mirna7Cantika/status/2094251160127582341
2094251150535184475,2026-08-31 02:29:18,Mirna7Cantika,Mirna Cantika,6,"Makan Bergizi Gratis memberi energi untuk tumbuh, belajar, dan beradaptasi.
#DukungMBG #MakanBergiziGratis #GenerasiSehat #GenerasiCerdas #IndonesiaEmas2045 https://t.co/AqsLjX1yFJ",makan bergizi gratis memberi energi untuk tumbuh belajar dan beradaptasi dukungmbg makanbergizigratis generasisehat generasicerdas indonesiaemas2045,in,1,0,1,0,24,0,1_root,makan bergizi gratis[Latest],,positif,2,https://x.com/Mirna7Cantika/status/2094251150535184475
2094249987500871854,2026-08-31 02:24:40,rawarawakuh,rawarawakuh,941,"Evaluasi dan perombakan skema operasional Makan Bergizi Gratis (MBG) disiapkan agar anggaran semakin hemat, efisien, serta tepat sasaran.
​#jagaindonesia #MakanBergiziGratis #MBGEfisien #KebijakanPublik https://t.co/JqxLh3HB8U",evaluasi dan perombakan skema operasional makan bergizi gratis mbg disiapkan agar anggaran semakin hemat efisien serta tepat sasaran jagaindonesia makanbergizigratis mbgefisien kebijakanpublik,in,0,0,0,0,20,0,1_root,makan bergizi gratis[Latest],,positif,4,https://x.com/rawarawakuh/status/2094249987500871854
2094249111470133562,2026-08-31 02:21:12,TimurParadise,Huamuale,39,Dukung penuh program Makan Bergizi Gratis untuk masa depan Generasi Indonesia yang lebih baik. https://t.co/UPDOKTKDoV,dukung penuh program makan bergizi gratis untuk masa depan generasi indonesia yang lebih baik,in,1,0,0,0,12,0,1_root,makan bergizi gratis[Latest],,positif,5,https://x.com/TimurParadise/status/2094249111470133562
2094247575461490949,2026-08-31 02:15:05,kikikqiqi,kiki amalia,116,"Skema insentif siap dievaluasi biar lebih transparan dan tepat sasaran! Yuk, bareng-bareng kawal program Makan Bergizi Gratis ini 🍽️✨
#jagaindonesia #MakanBergiziGratis #BGN #TransparansiAnggaran #KawalMBG https://t.co/qhTlPfF0DH",skema insentif siap dievaluasi biar lebih transparan dan tepat sasaran yuk bareng bareng kawal program makan bergizi gratis ini jagaindonesia makanbergizigratis bgn transparansianggaran kawalmbg,in,0,0,0,0,18,0,1_root,makan bergizi gratis[Latest],,positif,4,https://x.com/kikikqiqi/status/2094247575461490949
2094245896326455434,2026-08-31 02:08:25,Mirna7Cantika,Mirna Cantika,6,"Presiden Prabowo Minta Program MBG dibagikan selektif bagi yang tidak mampu. Makan Bergizi Gratis Wujudkan Generasi Sehat dan Cerdas

#DukungMBG #MakanBergiziGratis #GenerasiSehat #GenerasiCerdas #IndonesiaEmas2045 https://t.co/pRdgaT0Tfq",presiden prabowo minta program mbg dibagikan selektif bagi yang tidak mampu makan bergizi gratis wujudkan generasi sehat dan cerdas dukungmbg makanbergizigratis generasisehat generasicerdas indonesiaemas2045,in,1,0,0,0,29,0,1_root,makan bergizi gratis[Latest],,positif,3,https://x.com/Mirna7Cantika/status/2094245896326455434
2094240854366203906,2026-08-31 01:48:23,Perjuangan52435,Perjuangan Bersama,102,"Dukung Bersama Program Makan Bergizi Gratis 
#ManfaatMakanBergiziGratis
#MakanBergiziGratis https://t.co/t57GbaIHj4",dukung bersama program makan bergizi gratis manfaatmakanbergizigratis makanbergizigratis,in,1,0,0,0,11,0,1_root,makan bergizi gratis[Latest],,positif,3,https://x.com/Perjuangan52435/status/2094240854366203906
2094240536706359684,2026-08-31 01:47:07,Perjuangan52435,Perjuangan Bersama,102,"Dukung Bersama Program Makan Bergizi Gratis 
#ManfaatMakanBergiziGratis
#MakanBergiziGratis https://t.co/DF6yNTFiYg",dukung bersama program makan bergizi gratis manfaatmakanbergizigratis makanbergizigratis,in,1,0,0,0,20,0,1_root,makan bergizi gratis[Latest],,positif,3,https://x.com/Perjuangan52435/status/2094240536706359684
2094239224266662028,2026-08-31 01:41:54,Hinatapemalu,Hinata,101,"Mari dukung program Makan Bergizi Gratis (MBG) untuk mencetak generasi yang sehat dan cerdas! Bersama-sama, kita wujudkan visi menuju Indonesia Emas 2045. https://t.co/B4UQoUUaBi",mari dukung program makan bergizi gratis mbg untuk mencetak generasi yang sehat dan cerdas bersama sama kita wujudkan visi menuju indonesia emas 2045,in,0,0,0,0,22,0,1_root,makan bergizi gratis[Latest],,positif,4,https://x.com/Hinatapemalu/status/2094239224266662028
2094238578499096745,2026-08-31 01:39:20,Hinatapemalu,Hinata,101,"Mari dukung program Makan Bergizi Gratis (MBG) untuk mencetak generasi yang sehat dan cerdas! Bersama-sama, kita wujudkan visi menuju Indonesia Emas 2045. https://t.co/kMFhKrI43W",mari dukung program makan bergizi gratis mbg untuk mencetak generasi yang sehat dan cerdas bersama sama kita wujudkan visi menuju indonesia emas 2045,in,0,0,0,0,13,0,1_root,makan bergizi gratis[Latest],,positif,4,https://x.com/Hinatapemalu/status/2094238578499096745
2094238525315289201,2026-08-31 01:39:08,Hinatapemalu,Hinata,101,"Mari dukung program Makan Bergizi Gratis (MBG) untuk mencetak generasi yang sehat dan cerdas! Bersama-sama, kita wujudkan visi menuju Indonesia Emas 2045. https://t.co/bG3wWZUGPx",mari dukung program makan bergizi gratis mbg untuk mencetak generasi yang sehat dan cerdas bersama sama kita wujudkan visi menuju indonesia emas 2045,in,0,0,0,0,9,0,1_root,makan bergizi gratis[Latest],,positif,4,https://x.com/Hinatapemalu/status/2094238525315289201
2094237558142292380,2026-08-31 01:35:17,AldiPratama732,Narasi Nusantara,5,"Pemerintah terus memperkuat tata kelola Program Makan Bergizi Gratis (MBG), mulai dari kualitas bahan pangan, proses pengolahan, hingga pengawasan distribusi

#ProgramMBG
#KualitasPangan
#TataKelola
#JangkauanMeluas
#StandarKetat https://t.co/hSjk5Ka0kw",pemerintah terus memperkuat tata kelola program makan bergizi gratis mbg mulai dari kualitas bahan pangan proses pengolahan hingga pengawasan distribusi programmbg kualitaspangan tatakelola jangkauanmeluas standarketat,in,1,0,0,0,13,0,1_root,makan bergizi gratis[Latest],,positif,2,https://x.com/AldiPratama732/status/2094237558142292380
2094237238255333508,2026-08-31 01:34:01,AldiPratama732,Narasi Nusantara,5,"Pemerintah terus memperkuat tata kelola Program Makan Bergizi Gratis (MBG), mulai dari kualitas bahan pangan, proses pengolahan, hingga pengawasan distribusi

#ProgramMBG
#KualitasPangan
#TataKelola
#JangkauanMeluas
#StandarKetat https://t.co/1aRrD6LjUY",pemerintah terus memperkuat tata kelola program makan bergizi gratis mbg mulai dari kualitas bahan pangan proses pengolahan hingga pengawasan distribusi programmbg kualitaspangan tatakelola jangkauanmeluas standarketat,in,1,0,0,0,12,0,1_root,makan bergizi gratis[Latest],,positif,2,https://x.com/AldiPratama732/status/2094237238255333508
2094237195834179593,2026-08-31 01:33:51,AldiPratama732,Narasi Nusantara,5,"Pemerintah terus memperkuat tata kelola Program Makan Bergizi Gratis (MBG), mulai dari kualitas bahan pangan, proses pengolahan, hingga pengawasan distribusi

#ProgramMBG
#KualitasPangan
#TataKelola
#JangkauanMeluas
#StandarKetat https://t.co/EMzIjYNIen",pemerintah terus memperkuat tata kelola program makan bergizi gratis mbg mulai dari kualitas bahan pangan proses pengolahan hingga pengawasan distribusi programmbg kualitaspangan tatakelola jangkauanmeluas standarketat,in,1,0,0,0,11,0,1_root,makan bergizi gratis[Latest],,positif,2,https://x.com/AldiPratama732/status/2094237195834179593
2094230690569265157,2026-08-31 01:08:00,AkuratJakarta,Akurat Jakarta,34,"80 Sekolah Swasta Resmi Dicoret dari Penerima Makan Bergizi Gratis

https://t.co/BfWjI4dZ06",80 sekolah swasta resmi dicoret dari penerima makan bergizi gratis,in,0,0,0,0,5,0,1_root,makan bergizi gratis[Latest],,positif,2,https://x.com/AkuratJakarta/status/2094230690569265157
2094223940524917062,2026-08-31 00:41:10,infotoday10,info today,110,"Sesuai arahan Presiden Prabowo Subianto, Program Makan Bergizi Gratis (MBG) difokuskan untuk kelompok yang paling membutuhkan, khususnya masyarakat miskin, miskin ekstrem, dan warga di wilayah 3T. 
#MakanBergiziGratis #MBGTepatSasaran #KemenkoPM #PemberdayaanMasyarakat https://t.co/Wukw4UBGej",sesuai arahan presiden prabowo subianto program makan bergizi gratis mbg difokuskan untuk kelompok yang paling membutuhkan khususnya masyarakat miskin miskin ekstrem dan warga di wilayah 3t makanbergizigratis mbgtepatsasaran kemenkopm pemberdayaanmasyarakat,in,0,0,0,0,24,0,1_root,makan bergizi gratis[Latest],,positif,2,https://x.com/infotoday10/status/2094223940524917062
2094223886007333027,2026-08-31 00:40:57,infotoday10,info today,110,"Sesuai arahan Presiden Prabowo Subianto, Program Makan Bergizi Gratis (MBG) difokuskan untuk kelompok yang paling membutuhkan, khususnya masyarakat miskin, miskin ekstrem, dan warga di wilayah 3T. 
#MakanBergiziGratis #MBGTepatSasaran #KemenkoPM #PemberdayaanMasyarakat https://t.co/jNia5oSrdS",sesuai arahan presiden prabowo subianto program makan bergizi gratis mbg difokuskan untuk kelompok yang paling membutuhkan khususnya masyarakat miskin miskin ekstrem dan warga di wilayah 3t makanbergizigratis mbgtepatsasaran kemenkopm pemberdayaanmasyarakat,in,0,0,0,0,22,0,1_root,makan bergizi gratis[Latest],,positif,2,https://x.com/infotoday10/status/2094223886007333027
2094222829302747579,2026-08-31 00:36:45,Bahrululum977,Bahrul ulum,10,"Makan Bergizi Gratis (MBG) bukan cuma soal gizi anak, tapi juga menggerakkan ekonomi Sumatera Utara! 🥦🌾 https://t.co/xfGpscEpql",makan bergizi gratis mbg bukan cuma soal gizi anak tapi juga menggerakkan ekonomi sumatera utara,in,0,0,0,0,8,0,1_root,makan bergizi gratis[Latest],,positif,2,https://x.com/Bahrululum977/status/2094222829302747579
2094222651753689402,2026-08-31 00:36:03,Bahrululum977,Bahrul ulum,10,Komitmen Pemerintah Kabupaten Serdang Bedagai dalam mengawal Program Makan Bergizi Gratis (MBG) https://t.co/aTzjTeRlPC,komitmen pemerintah kabupaten serdang bedagai dalam mengawal program makan bergizi gratis mbg,in,0,0,0,0,7,0,1_root,makan bergizi gratis[Latest],,positif,2,https://x.com/Bahrululum977/status/2094222651753689402
2094220154737725733,2026-08-31 00:26:08,Sanjaya14920220,Sanjaya,80,"Program Makan Bergizi Gratis merupakan wujud nyata kepedulian Pemerintah terhadap masa depan anak bangsa
 #DariMBGUntukIndonesiaHebat https://t.co/OrakRLKpLM",program makan bergizi gratis merupakan wujud nyata kepedulian pemerintah terhadap masa depan anak bangsa darimbguntukindonesiahebat,in,0,0,0,0,11,0,1_root,makan bergizi gratis[Latest],,positif,2,https://x.com/Sanjaya14920220/status/2094220154737725733
2094219462895649215,2026-08-31 00:23:23,SilviAndriana1,Silvi Andriana,15,"Program Makan Bergizi Gratis (MBG) menghadirkan cerita manfaat nyata bagi masyarakat. Sebagai langkah nyata untuk kesejahteraan, MBG bantu menghemat pengeluaran keluarga, menjaga kesehatan anak, dan membuat belajar lebih fokus🍱🇮🇩✨ #MakanBergiziGratis https://t.co/wEn13d328y",program makan bergizi gratis mbg menghadirkan cerita manfaat nyata bagi masyarakat sebagai langkah nyata untuk kesejahteraan mbg bantu menghemat pengeluaran keluarga menjaga kesehatan anak dan membuat belajar lebih fokus makanbergizigratis,in,0,0,0,0,9,0,1_root,makan bergizi gratis[Latest],,positif,2,https://x.com/SilviAndriana1/status/2094219462895649215
2094215296383135745,2026-08-31 00:06:49,kodimbone,kodimbone,1189,"Babinsa Koramil 1407-15/Mare Koptu Abd. Rahman terus mendampingi pelaksanaan Program Makan Bergizi Gratis (MBG) bagi anak sekolah dasar di Desa Ujung Salangketo, Kec. Mare, Kab. Bone.
#tniad
#dispenad
#puspentni
#TNIindonesia
#tetapsemangat
#bekerjaikhlas
#ewako https://t.co/GZ71V1LpUM",babinsa koramil 1407 15 mare koptu abd rahman terus mendampingi pelaksanaan program makan bergizi gratis mbg bagi anak sekolah dasar di desa ujung salangketo kec mare kab bone tniad dispenad puspentni tniindonesia tetapsemangat bekerjaikhlas ewako,in,0,0,0,0,14,0,1_root,makan bergizi gratis[Latest],,positif,2,https://x.com/kodimbone/status/2094215296383135745
2094215206591418443,2026-08-31 00:06:28,WaktuNtt,Waktu NTT,13,"Program MBG di Kabupaten Alor-NTT mengalami peningkatan signifikan: dari 4.163 penerima pada Juni 2026 menjadi 27.886 penerima, yang dilayani melalui 9 SPPG dan mencakup jenjang PAUD hingga SMA.
https://t.co/zQTfeASWS0",program mbg di kabupaten alor ntt mengalami peningkatan signifikan dari 4 163 penerima pada juni 2026 menjadi 27 886 penerima yang dilayani melalui 9 sppg dan mencakup jenjang paud hingga sma,in,1,0,0,0,70,0,1_root,makan bergizi gratis[Latest],,netral,0,https://x.com/WaktuNtt/status/2094215206591418443
2094212364015178054,2026-08-30 23:55:10,SuaraTrenggalek,suara trenggalek,17,"Satuan Pelayanan Pemenuhan Gizi (SPPG) di Kabupaten Trenggalek mulai memberikan label batas waktu konsumsi pada setiap ompreng Makan Bergizi Gratis (MBG).

#Trenggalek #trenggalek24jam #mbg #sppg #bgn https://t.co/BTqLIS4ua5",satuan pelayanan pemenuhan gizi sppg di kabupaten trenggalek mulai memberikan label batas waktu konsumsi pada setiap ompreng makan bergizi gratis mbg trenggalek trenggalek24jam mbg sppg bgn,in,0,0,0,0,17,0,1_root,makan bergizi gratis[Latest],,positif,2,https://x.com/SuaraTrenggalek/status/2094212364015178054
2094210795995529329,2026-08-30 23:48:56,RahmaTriwi84221,TV OLAHRAGA SPORT27,9,"Kuis seru bareng anak-anak SD! 👧✨
Kepolosan mereka saat menjawab pertanyaan tentang program Makan Bergizi Gratis&amp;Sekolah Rakyat dari Presiden Prabowo sukses bikin semua orang tersenyum 🇮🇩📚
​#tvolahragasport27 #MakanBergiziGratis #SekolahRakyat #GenerasiEmas #fypシ゚viral https://t.co/YAAFqshA0E",kuis seru bareng anak anak sd kepolosan mereka saat menjawab pertanyaan tentang program makan bergizi gratis amp sekolah rakyat dari presiden prabowo sukses bikin semua orang tersenyum tvolahragasport27 makanbergizigratis sekolahrakyat generasiemas fypシ viral,in,1,1,0,0,30,0,1_root,makan bergizi gratis[Latest],,positif,3,https://x.com/RahmaTriwi84221/status/2094210795995529329
2094208077889417464,2026-08-30 23:38:08,RiniSida,Rini Sida,8,Investasi terbaik bangsa dimulai dari piring anak-anak kita. Program Makan Bergizi Gratis di Alor sukses mencatatkan 27.886 penerima manfaat sebagai wujud nyata komitmen pembangunan sumber daya manusia. https://t.co/HLtNlwKi7Z,investasi terbaik bangsa dimulai dari piring anak anak kita program makan bergizi gratis di alor sukses mencatatkan 27 886 penerima manfaat sebagai wujud nyata komitmen pembangunan sumber daya manusia,in,0,0,0,0,22,0,1_root,makan bergizi gratis[Latest],,positif,3,https://x.com/RiniSida/status/2094208077889417464
2094202255193116690,2026-08-30 23:15:00,GuobaNation,Guoba,783,"Makan bergizi gratis = menyasar siswa2 kurang mampu
Anak sekolah libur = main ke kafe
Anak kurang mampu = tidak mungkin sering main ke kafe

My logic cant keep up",makan bergizi gratis menyasar siswa2 kurang mampu anak sekolah libur main ke kafe anak kurang mampu tidak mungkin sering main ke kafe my logic cant keep up,in,0,0,0,0,67,0,1_root,makan bergizi gratis[Latest],,netral,0,https://x.com/GuobaNation/status/2094202255193116690
2094200242610810913,2026-08-30 23:07:00,Info_Publik677,R. Publik,6,"Bukan sekadar makan gratis, MBG adalah investasi gizi untuk anak Papua. 🍱🇮🇩
Dengan asupan bergizi dan seimbang, kita dukung anak Papua tumbuh sehat, cerdas, aktif, dan siap meraih masa depan.

#MBGuntukPapua #GiziAnakPapua #PapuaSehat #GenerasiEmasPapua https://t.co/Ia8Bhvl4aM",bukan sekadar makan gratis mbg adalah investasi gizi untuk anak papua dengan asupan bergizi dan seimbang kita dukung anak papua tumbuh sehat cerdas aktif dan siap meraih masa depan mbguntukpapua gizianakpapua papuasehat generasiemaspapua,in,2,2,0,0,154,0,1_root,makan bergizi gratis[Latest],,positif,4,https://x.com/Info_Publik677/status/2094200242610810913
2094188753996943868,2026-08-30 22:21:21,gregorybudiman,"Gregory Budiman, dr. M.Biomed",8270,"Apakah program Makan Bergizi Gratis (MBG) sudah tepat sasaran untuk menekan angka stunting? 🤔 Mari kita bahas!
​Jika tujuannya murni untuk stunting, fokus utamanya seharusnya pada ibu hamil, anak di bawah 2 tahun, dan ibu menyusui. Jangan sampai anggaran prioritas untuk pendidikan dan kesehatan justru terpotong. Untuk mencapai Visi Indonesia Emas 2045, kualitas pendidikan dan kesehatan harus dinomorsatukan! 🇮🇩✨
​Bagaimana pendapat kalian tentang hal ini? Yuk, diskusi di kolom komentar! 👇
​#ProgramMBG",apakah program makan bergizi gratis mbg sudah tepat sasaran untuk menekan angka stunting mari kita bahas jika tujuannya murni untuk stunting fokus utamanya seharusnya pada ibu hamil anak di bawah 2 tahun dan ibu menyusui jangan sampai anggaran prioritas untuk pendidikan dan kesehatan justru terpotong untuk mencapai visi indonesia emas 2045 kualitas pendidikan dan kesehatan harus dinomorsatukan bagaimana pendapat kalian tentang hal ini yuk diskusi di kolom komentar programmbg,in,4,4,3,0,450,0,1_root,makan bergizi gratis[Latest],,positif,3,https://x.com/gregorybudiman/status/2094188753996943868
2094173022727065953,2026-08-30 21:18:51,MalekoP40085,Maleko Port,3,"Program Makan Bergizi Gratis (MBG) bukan sekadar bantuan, tapi investasi jangka panjang untuk membentuk generasi unggul yang sehat, cerdas, dan berdaya saing tinggi. Inilah langkah nyata menuju Indonesia Emas 2045. #PenuhiGiziIndonesia https://t.co/0pADwRE1oe",program makan bergizi gratis mbg bukan sekadar bantuan tapi investasi jangka panjang untuk membentuk generasi unggul yang sehat cerdas dan berdaya saing tinggi inilah langkah nyata menuju indonesia emas 2045 penuhigiziindonesia,in,0,0,0,0,18,0,1_root,makan bergizi gratis[Latest],,positif,3,https://x.com/MalekoP40085/status/2094173022727065953
2094172402670510498,2026-08-30 21:16:23,bukss61263,Roger Bukss,4,"Program Makan Bergizi Gratis mendukung pemenuhan gizi anak sejak dini, sehingga meningkatkan kualitas kesehatan dan daya saing generasi muda Indonesia. #PenuhiGiziIndonesia https://t.co/GuN4MUWPza",program makan bergizi gratis mendukung pemenuhan gizi anak sejak dini sehingga meningkatkan kualitas kesehatan dan daya saing generasi muda indonesia penuhigiziindonesia,in,0,0,0,0,9,0,1_root,makan bergizi gratis[Latest],,positif,3,https://x.com/bukss61263/status/2094172402670510498
2094172380235206934,2026-08-30 21:16:17,bukss61263,Roger Bukss,4,"Program Makan Bergizi Gratis selalu memberikan kekuatan baru bagi anak-anak dan masyarakat. Dukung terus Program MBG!
#PenuhiGiziIndonesia https://t.co/vpeZDzezrZ",program makan bergizi gratis selalu memberikan kekuatan baru bagi anak anak dan masyarakat dukung terus program mbg penuhigiziindonesia,in,0,0,0,0,6,0,1_root,makan bergizi gratis[Latest],,positif,3,https://x.com/bukss61263/status/2094172380235206934
2094172340565491997,2026-08-30 21:16:08,bukss61263,Roger Bukss,4,"Program Makan Bergizi Gratis mendorong tumbuhnya usaha pangan lokal dan membuka lapangan kerja baru di berbagai daerah.
#PenuhiGiziIndonesia https://t.co/vOCVrs8cJW",program makan bergizi gratis mendorong tumbuhnya usaha pangan lokal dan membuka lapangan kerja baru di berbagai daerah penuhigiziindonesia,in,0,0,0,0,9,0,1_root,makan bergizi gratis[Latest],,positif,2,https://x.com/bukss61263/status/2094172340565491997
2094172229978435772,2026-08-30 21:15:42,MalekoP40085,Maleko Port,3,"Program Makan Bergizi Gratis mendukung pemenuhan gizi anak sejak dini, sehingga meningkatkan kualitas kesehatan dan daya saing generasi muda Indonesia. #PenuhiGiziIndonesia https://t.co/R3Q41mu2sb",program makan bergizi gratis mendukung pemenuhan gizi anak sejak dini sehingga meningkatkan kualitas kesehatan dan daya saing generasi muda indonesia penuhigiziindonesia,in,0,0,0,0,13,0,1_root,makan bergizi gratis[Latest],,positif,3,https://x.com/MalekoP40085/status/2094172229978435772
2094172168326357221,2026-08-30 21:15:27,MalekoP40085,Maleko Port,3,"Program Makan Bergizi Gratis mendorong tumbuhnya usaha pangan lokal dan membuka lapangan kerja baru di berbagai daerah.
#PenuhiGiziIndonesia https://t.co/ZukERr9MRZ",program makan bergizi gratis mendorong tumbuhnya usaha pangan lokal dan membuka lapangan kerja baru di berbagai daerah penuhigiziindonesia,in,0,0,0,0,9,0,1_root,makan bergizi gratis[Latest],,positif,2,https://x.com/MalekoP40085/status/2094172168326357221
2094171984167125015,2026-08-30 21:14:43,SearahJam20848,Searah tajam jam,3,"Program Makan Bergizi Gratis mendukung pemenuhan gizi anak sejak dini, sehingga meningkatkan kualitas kesehatan dan daya saing generasi muda Indonesia. #PenuhiGiziIndonesia https://t.co/Jlb3CahAw7",program makan bergizi gratis mendukung pemenuhan gizi anak sejak dini sehingga meningkatkan kualitas kesehatan dan daya saing generasi muda indonesia penuhigiziindonesia,in,0,0,0,0,8,0,1_root,makan bergizi gratis[Latest],,positif,3,https://x.com/SearahJam20848/status/2094171984167125015
2094171963623440417,2026-08-30 21:14:38,SearahJam20848,Searah tajam jam,3,"Program Makan Bergizi Gratis selalu memberikan kekuatan baru bagi anak-anak dan masyarakat. Dukung terus Program MBG!
#PenuhiGiziIndonesia https://t.co/G1LHvAubEP",program makan bergizi gratis selalu memberikan kekuatan baru bagi anak anak dan masyarakat dukung terus program mbg penuhigiziindonesia,in,0,0,0,0,5,0,1_root,makan bergizi gratis[Latest],,positif,3,https://x.com/SearahJam20848/status/2094171963623440417
2094171921059610855,2026-08-30 21:14:28,SearahJam20848,Searah tajam jam,3,"Program Makan Bergizi Gratis mendorong tumbuhnya usaha pangan lokal dan membuka lapangan kerja baru di berbagai daerah.
#PenuhiGiziIndonesia https://t.co/JCUlyAbNx7",program makan bergizi gratis mendorong tumbuhnya usaha pangan lokal dan membuka lapangan kerja baru di berbagai daerah penuhigiziindonesia,in,0,0,0,0,5,0,1_root,makan bergizi gratis[Latest],,positif,2,https://x.com/SearahJam20848/status/2094171921059610855
2094071138506956943,2026-08-30 14:34:00,nataliasuebu_,Natalia,155,Makan Bergizi Gratis di Papua membawa banyak dampak positif bagi anak-anak di sana. #PapuaIndonesia #YouthEmpowerment #IndonesiaKuat https://t.co/osUoRqyTmK,makan bergizi gratis di papua membawa banyak dampak positif bagi anak anak di sana papuaindonesia youthempowerment indonesiakuat,in,0,0,0,0,283,0,1_root,makan bergizi gratis[Latest],,positif,3,https://x.com/nataliasuebu_/status/2094071138506956943
2094055398097780757,2026-08-30 13:31:27,Sukaopini,SEBATAS OPINI,689,"Daripada memperluas basis pajak, mending program MBG dan Kopdes di STOP dulu.karena program itu lumayan banyak ngabisin anggaran.

Masak judul nya MAKAN BERGIZI GRATIS tapi orang tua siswa ditarik pajak macam macam.jatuh nya gak gratis donk,jatuh nya makan bergizi dari pajak.",daripada memperluas basis pajak mending program mbg dan kopdes di stop dulu karena program itu lumayan banyak ngabisin anggaran masak judul nya makan bergizi gratis tapi orang tua siswa ditarik pajak macam macam jatuh nya gak gratis donk jatuh nya makan bergizi dari pajak,in,44,11,9,0,1035,0,1_root,makan bergizi gratis[Latest],,positif,4,https://x.com/Sukaopini/status/2094055398097780757
2093867059092623617,2026-08-30 01:03:03,Sukaopini,SEBATAS OPINI,689,"Mau majakin apalagi Lo pak.
Masak Negara kaya raya akan SDA pendapatan terbesar nya dari pajak, Maluu pak malu https://t.co/RlcsEiurNw",mau majakin apalagi lo pak masak negara kaya raya akan sda pendapatan terbesar nya dari pajak maluu pak malu,in,7,1,3,1,1865,0,1_root,makan bergizi gratis[Latest],,netral,0,https://x.com/Sukaopini/status/2093867059092623617
2094047756373668283,2026-08-30 13:01:05,hartonomurta,Hartono Murta,223,Program Makan Bergizi Gratis investasi gizi untuk generasi emas Indonesia https://t.co/Hxm615ultE,program makan bergizi gratis investasi gizi untuk generasi emas indonesia,in,0,0,0,0,32,0,1_root,makan bergizi gratis[Latest],,positif,2,https://x.com/hartonomurta/status/2094047756373668283
2094042041835753478,2026-08-30 12:38:22,hypecirclez,Hypecircle,72,"Senyum tulus mama-mama Papua mewarnai aktivitas di Dapur MBG Gerbang Sadu, Kabupaten Nabire. Mereka membawa hasil kebun untuk dijual dan memenuhi kebutuhan bahan pangan lokal bagi pelaksanaan program Makan Bergizi Gratis (MBG).

#KawalMBG #Nabire https://t.co/hos3JM7oGs",senyum tulus mama mama papua mewarnai aktivitas di dapur mbg gerbang sadu kabupaten nabire mereka membawa hasil kebun untuk dijual dan memenuhi kebutuhan bahan pangan lokal bagi pelaksanaan program makan bergizi gratis mbg kawalmbg nabire,in,0,0,0,0,49,0,1_root,makan bergizi gratis[Latest],,positif,2,https://x.com/hypecirclez/status/2094042041835753478
2094014061705093223,2026-08-30 10:47:11,pikiran_rakyat,Pikiran Rakyat,402584,"Muktamar NU Minta Pemerintah Hentikan Penggunaan Anggaran Pendidikan untuk MBG Mulai 2027

Sidang Pleno Muktamar Ke-35 Nahdlatul Ulama (NU) merekomendasikan pemerintah menjalankan putusan Mahkamah Konstitusi (MK) terkait penggunaan anggaran pendidikan untuk program Makan Bergizi Gratis (MBG) mulai tahun anggaran 2027. 

Rekomendasi tersebut merupakan hasil pembahasan Komisi C Bahtsul Masail Qanuniyah Muktamar Ke-35 NU. Komisi meminta pemerintah tidak menunda pelaksanaan ketentuan tersebut hingga 2028. 

Rekomendasi itu disampaikan Katib Syuriyah Pengurus Besar Nahdlatul Ulama (PBNU) Salahudin al-Aiyub saat menyampaikan laporan Komisi C pada Sidang Pleno 3 Muktamar Ke-35 NU di Gedung Serba Guna (GSG) Pondok Pesantren Bahrul ‘Ulum Tambakberas, Jombang, Sabtu (29/8/2026).

Salahudin menyampaikan laporan tersebut mewakili Koordinator Komisi C Bahtsul Masail Qanuniyah, KH Abdul Ghofur. Laporan hasil sidang komisi kemudian diterima Ketua Sidang Pleno 3 Muktamar Ke-35 NU, Prof. M. Nuh, yang juga menjabat Ketua Steering Committee (SC) Muktamar Ke-35 NU. 

“Merekomendasikan kepada pemerintah untuk menjalankan putusan MK tentang MBG pada tahun anggaran 2027 tidak menunggu 2028,” kata Salahudin dikutip Minggu, (30/8/2026).

Selengkapnya dengan link: https://t.co/x29pMJpti8

Asahat Edi/PRMN",muktamar nu minta pemerintah hentikan penggunaan anggaran pendidikan untuk mbg mulai 2027 sidang pleno muktamar ke 35 nahdlatul ulama nu merekomendasikan pemerintah menjalankan putusan mahkamah konstitusi mk terkait penggunaan anggaran pendidikan untuk program makan bergizi gratis mbg mulai tahun anggaran 2027 rekomendasi tersebut merupakan hasil pembahasan komisi c bahtsul masail qanuniyah muktamar ke 35 nu komisi meminta pemerintah tidak menunda pelaksanaan ketentuan tersebut hingga 2028 rekomendasi itu disampaikan katib syuriyah pengurus besar nahdlatul ulama pbnu salahudin al aiyub saat menyampaikan laporan komisi c pada sidang pleno 3 muktamar ke 35 nu di gedung serba guna gsg pondok pesantren bahrul ulum tambakberas jombang sabtu 29 8 2026 salahudin menyampaikan laporan tersebut mewakili koordinator komisi c bahtsul masail qanuniyah kh abdul ghofur laporan hasil sidang komisi kemudian diterima ketua sidang pleno 3 muktamar ke 35 nu prof m nuh yang juga menjabat ketua steering committee sc muktamar ke 35 nu merekomendasikan kepada pemerintah untuk menjalankan putusan mk tentang mbg pada tahun anggaran 2027 tidak menunggu 2028 kata salahudin dikutip minggu 30 8 2026 selengkapnya dengan link asahat edi prmn,in,4,2,1,0,1139,0,1_root,makan bergizi gratis[Latest],,positif,2,https://x.com/pikiran_rakyat/status/2094014061705093223
2094011217371357604,2026-08-30 10:35:53,queentearof,#Queen Of Tears ⓘ,250,"Pemerintah menambah dapur Makan Bergizi Gratis ke wilayah 3T tanpa menambah anggaran.
Langkah ini diambil untuk memperluas jangkauan gizi ke daerah yang selama ini minim akses.
Fokusnya bukan hanya menambah program, tetapi meratakan layanan sampai ke titik yang paling jarang terjangkau.

#MakanBergiziGratis  #PemerataanGizi https://t.co/R138NuPNMc",pemerintah menambah dapur makan bergizi gratis ke wilayah 3t tanpa menambah anggaran langkah ini diambil untuk memperluas jangkauan gizi ke daerah yang selama ini minim akses fokusnya bukan hanya menambah program tetapi meratakan layanan sampai ke titik yang paling jarang terjangkau makanbergizigratis pemerataangizi,in,0,0,0,0,33,0,1_root,makan bergizi gratis[Latest],,positif,3,https://x.com/queentearof/status/2094011217371357604
2094010720144998520,2026-08-30 10:33:55,nu_online,NU Online,861958,"Isu besar berikutnya: anggaran pendidikan dan Makan Bergizi Gratis (MBG).

Bahtsul Masail Qanuniyah meminta pemerintah menghentikan penggunaan anggaran pendidikan untuk membiayai MBG mulai tahun anggaran 2027.

Rekomendasi ini merujuk Putusan MK Nomor 40/PUU-XXIV/2026.",isu besar berikutnya anggaran pendidikan dan makan bergizi gratis mbg bahtsul masail qanuniyah meminta pemerintah menghentikan penggunaan anggaran pendidikan untuk membiayai mbg mulai tahun anggaran 2027 rekomendasi ini merujuk putusan mk nomor 40 puu xxiv 2026,in,20,9,1,3,3657,0,1_root,makan bergizi gratis[Latest],,positif,2,https://x.com/nu_online/status/2094010720144998520
2093999594472628662,2026-08-30 09:49:42,ArusPolitik_,A P,90021,"DESAIN LAMA MBG BISA BANGKRUTKAN NEGARA!!!

Program Makan Bergizi Gratis (MBG) dengan desain lama dinilai berisiko membebani keuangan negara dan memerlukan perombakan atau evaluasi total.

Masalah Utama Desain Lama MBGPemborosan dan Kelebihan Kapasitas:

Jumlah titik dapur (SPPG) membengkak melebihi kebutuhan riil akibat salah kelola dan praktik jual-beli titik dapur.

Tekanan Fiskal:

Target penerima yang terlalu luas di tengah keterbatasan anggaran membuat keuangan negara dan Anggaran Pendapatan dan Belanja Negara (APBN) tertekan.

Celah Tata Kelola:

Penyelenggara dapur yang berbentuk yayasan dinilai tidak terikat secara ketat oleh aturan pengadaan barang dan jasa pemerintah, sehingga rawan penyalahgunaan.",desain lama mbg bisa bangkrutkan negara program makan bergizi gratis mbg dengan desain lama dinilai berisiko membebani keuangan negara dan memerlukan perombakan atau evaluasi total masalah utama desain lama mbgpemborosan dan kelebihan kapasitas jumlah titik dapur sppg membengkak melebihi kebutuhan riil akibat salah kelola dan praktik jual beli titik dapur tekanan fiskal target penerima yang terlalu luas di tengah keterbatasan anggaran membuat keuangan negara dan anggaran pendapatan dan belanja negara apbn tertekan celah tata kelola penyelenggara dapur yang berbentuk yayasan dinilai tidak terikat secara ketat oleh aturan pengadaan barang dan jasa pemerintah sehingga rawan penyalahgunaan,in,29,15,1,0,1110,0,1_root,makan bergizi gratis[Latest],,netral,0,https://x.com/ArusPolitik_/status/2093999594472628662
2093989070812655848,2026-08-30 09:07:53,Mancah_,Mancah 🍉,2373,"@Haahaaah_ @RA_leather MBG itu apaan si sebenernya 😭, Makan bergizi gratis? Dibilang bergizi ya banyak yg keracunan, isi ompreng kadang anomali semua.. sekarang dibilang MBG bertujuan menggerakkan roda perekonomian? Jadi MBG ini tujuan utamanya apa si? Ga jelas bgt 🤣",mbg itu apaan si sebenernya makan bergizi gratis dibilang bergizi ya banyak yg keracunan isi ompreng kadang anomali semua sekarang dibilang mbg bertujuan menggerakkan roda perekonomian jadi mbg ini tujuan utamanya apa si ga jelas bgt,in,1,0,0,0,55,0,1_root,makan bergizi gratis[Latest],,positif,2,https://x.com/Mancah_/status/2093989070812655848
2093988859109646535,2026-08-30 09:07:03,lukas_benyamin5,Lukas Benyamin,29,Program makan bergizi gratis bukan sekadar solusi tapi juga komitmen aksi #BekerjaUntukRakyat sebagai prioritas https://t.co/cSX53F3Vzl,program makan bergizi gratis bukan sekadar solusi tapi juga komitmen aksi bekerjauntukrakyat sebagai prioritas,in,0,0,0,0,17,0,1_root,makan bergizi gratis[Latest],,positif,3,https://x.com/lukas_benyamin5/status/2093988859109646535
2093987086038860022,2026-08-30 09:00:00,RRIPrograma3,RRI Programa 3,8556,"Badan Gizi Nasional (BGN) melakukan penyisiran dan validasi data penerima Program Makan Bergizi Gratis (MBG) secara nasional, termasuk mengevaluasi sekolah-sekolah swasta yang dinilai tidak membutuhkan alokasi program.

Kepala BGN Sudaryono mengatakan, sekitar 80 sekolah swasta, khususnya yang dinilai sebagai sekolah elit, telah dikeluarkan dari alokasi penerima MBG. Kebijakan tersebut dilakukan untuk memastikan program tepat sasaran dan diberikan kepada masyarakat yang membutuhkan.

Selain mengevaluasi sekolah swasta, proses penyisiran data juga menemukan sekitar 6 juta data penerima manfaat ganda. BGN juga menarik kembali alokasi anggaran dari 414 dapur yang belum beroperasi dengan total pengembalian ke kas negara mencapai Rp311 miliar.

Langkah validasi dan pembersihan data ini dilakukan untuk memperkuat efektivitas pelaksanaan MBG sekaligus memastikan penggunaan anggaran negara berjalan tepat sasaran.

Klik https://t.co/ZVE3LMTjVn untuk informasi lebih lanjut. Dengarkan siaran RRI dan dapatkan berita terkini melalui aplikasi RRI Digital di App Store dan Google Play.

#mbg #makanangizigratis #bgn #sudaryono #sekolah",badan gizi nasional bgn melakukan penyisiran dan validasi data penerima program makan bergizi gratis mbg secara nasional termasuk mengevaluasi sekolah sekolah swasta yang dinilai tidak membutuhkan alokasi program kepala bgn sudaryono mengatakan sekitar 80 sekolah swasta khususnya yang dinilai sebagai sekolah elit telah dikeluarkan dari alokasi penerima mbg kebijakan tersebut dilakukan untuk memastikan program tepat sasaran dan diberikan kepada masyarakat yang membutuhkan selain mengevaluasi sekolah swasta proses penyisiran data juga menemukan sekitar 6 juta data penerima manfaat ganda bgn juga menarik kembali alokasi anggaran dari 414 dapur yang belum beroperasi dengan total pengembalian ke kas negara mencapai rp311 miliar langkah validasi dan pembersihan data ini dilakukan untuk memperkuat efektivitas pelaksanaan mbg sekaligus memastikan penggunaan anggaran negara berjalan tepat sasaran klik untuk informasi lebih lanjut dengarkan siaran rri dan dapatkan berita terkini melalui aplikasi rri digital di app store dan google play mbg makanangizigratis bgn sudaryono sekolah,in,1,0,0,0,116,0,1_root,makan bergizi gratis[Latest],,positif,4,https://x.com/RRIPrograma3/status/2093987086038860022
2093986363703988340,2026-08-30 08:57:08,pinklovers30,kenz,97,"BGN tegaskan pentingnya peran relawan menjaga kualitas Makan Bergizi Gratis. Kedisiplinan jalankan SOP jadi kunci utama mutu layanan gizi tetap aman.
​#jagaindonesia #RelawanGizi #PelayananPublik #SOPGizi #GenerasiSehat https://t.co/j56PrNCYSN",bgn tegaskan pentingnya peran relawan menjaga kualitas makan bergizi gratis kedisiplinan jalankan sop jadi kunci utama mutu layanan gizi tetap aman jagaindonesia relawangizi pelayananpublik sopgizi generasisehat,in,0,0,0,0,19,0,1_root,makan bergizi gratis[Latest],,positif,3,https://x.com/pinklovers30/status/2093986363703988340
2093984653912735897,2026-08-30 08:50:20,lbug9390,lady bug,55,"Pemerintah perkuat pengawasan internal buat kawal Program Makan Bergizi Gratis. Langkah ini diambil biar penyaluran gizi tepat sasaran dan makin transparan.
​#jagaindonesia #MakanBergiziGratis #TransparansiPublik #GiziNasional #AksiPemerintah https://t.co/D8OcWAFggJ",pemerintah perkuat pengawasan internal buat kawal program makan bergizi gratis langkah ini diambil biar penyaluran gizi tepat sasaran dan makin transparan jagaindonesia makanbergizigratis transparansipublik gizinasional aksipemerintah,in,0,0,0,0,18,0,1_root,makan bergizi gratis[Latest],,positif,4,https://x.com/lbug9390/status/2093984653912735897
2093983040540475773,2026-08-30 08:43:55,ewkayes,kayees,65,BGN tekankan tanggung jawab dan disiplin relawan menjaga keamanan serta kualitas pelayanan Makan Bergizi Gratis untuk generasi sehat. #jagaindonesia #relawanMBG #BGN https://t.co/7eWU5tcaLJ,bgn tekankan tanggung jawab dan disiplin relawan menjaga keamanan serta kualitas pelayanan makan bergizi gratis untuk generasi sehat jagaindonesia relawanmbg bgn,in,0,0,0,0,8,0,1_root,makan bergizi gratis[Latest],,positif,3,https://x.com/ewkayes/status/2093983040540475773
2093982647676752254,2026-08-30 08:42:22,szerlyjesline,sze,248,Pemerintah perkuat akuntabilitas Program Makan Bergizi Gratis melalui pengawasan internal dan kolaborasi lintas fungsi demi pelayanan terbaik. #jagaindonesia #akuntabilitas #BGN https://t.co/sOU0T56DiC,pemerintah perkuat akuntabilitas program makan bergizi gratis melalui pengawasan internal dan kolaborasi lintas fungsi demi pelayanan terbaik jagaindonesia akuntabilitas bgn,in,0,0,0,0,16,0,1_root,makan bergizi gratis[Latest],,positif,2,https://x.com/szerlyjesline/status/2093982647676752254
2093982510753673469,2026-08-30 08:41:49,gebianne,Gabbriela,584,"Anggaran tetap, dapur bertambah! Perluasan Makan Bergizi Gratis kini sasar wilayah 3T dan pesantren agar gizi makin merata. #jagaindonesia #MakanBergiziGratis #GiziAnak https://t.co/8AkAHDjWTP",anggaran tetap dapur bertambah perluasan makan bergizi gratis kini sasar wilayah 3t dan pesantren agar gizi makin merata jagaindonesia makanbergizigratis gizianak,in,0,0,0,0,20,0,1_root,makan bergizi gratis[Latest],,positif,3,https://x.com/gebianne/status/2093982510753673469
2093977400237527370,2026-08-30 08:21:31,gieviancent,ian,1816,"Program Makan Bergizi Gratis makin terasa manfaatnya, jadi bukti #BekerjaUntukRakyat itu nyata, bukan sekadar janji https://t.co/SvLNN9LevL",program makan bergizi gratis makin terasa manfaatnya jadi bukti bekerjauntukrakyat itu nyata bukan sekadar janji,in,0,0,0,0,24,0,1_root,makan bergizi gratis[Latest],,positif,2,https://x.com/gieviancent/status/2093977400237527370
2093975539291951586,2026-08-30 08:14:07,idnscope_,idn scope,11,"Pemerintah resmi libatkan pengawasan internal biar Program Makan Bergizi Gratis (MBG) makin akuntabel dan tepat sasaran 🍱 Kolaborasi lintas fungsi ini penting banget buat cegah kendala sejak dini.
Gizi makin terjaga, manfaatnya makin berasa 😉

#jagaindonesia #MBG #Gizi https://t.co/8Y4H2B82Ti",pemerintah resmi libatkan pengawasan internal biar program makan bergizi gratis mbg makin akuntabel dan tepat sasaran kolaborasi lintas fungsi ini penting banget buat cegah kendala sejak dini gizi makin terjaga manfaatnya makin berasa jagaindonesia mbg gizi,in,0,0,0,0,8,0,1_root,makan bergizi gratis[Latest],,positif,3,https://x.com/idnscope_/status/2093975539291951586
2093972297124294899,2026-08-30 08:01:14,muhjustinbieber,louis the hash slinging slasher,32,mau bagi2 mmbg (makanan molto bergizi gratis) soalnya yg punya udh ngga doyan makan lagi 🤦‍♀️,mau bagi2 mmbg makanan molto bergizi gratis soalnya yg punya udh ngga doyan makan lagi,in,0,0,0,1,40,0,1_root,makan bergizi gratis[Latest],,positif,2,https://x.com/muhjustinbieber/status/2093972297124294899
2093971992651112469,2026-08-30 08:00:01,kikikqiqi,kiki amalia,116,"BGN tegaskan relawan Makan Bergizi Gratis wajib taat SOP dan penuh tanggung jawab demi menjaga kualitas gizi serta kesehatan penerima. Yuk, dukung bersama!
#jagaindonesia #MakanBergiziGratis #BGN #GenerasiSehat #GiziNasional https://t.co/6mqTV26HwY",bgn tegaskan relawan makan bergizi gratis wajib taat sop dan penuh tanggung jawab demi menjaga kualitas gizi serta kesehatan penerima yuk dukung bersama jagaindonesia makanbergizigratis bgn generasisehat gizinasional,in,0,0,0,0,14,0,1_root,makan bergizi gratis[Latest],,positif,3,https://x.com/kikikqiqi/status/2093971992651112469
2093971990218498294,2026-08-30 08:00:01,faryzkap,Faryzka P,83,"Biar program Makan Bergizi Gratis makin transparan, pemerintah libatkan pengawasan internal lintas fungsi. Pengawasan makin ketat, hasilnya pasti jauh lebih maksimal!
#jagaindonesia #makanbergizigratis #badangizinasional #indonesiamaju  #MBG https://t.co/DiiGVMcZ2I",biar program makan bergizi gratis makin transparan pemerintah libatkan pengawasan internal lintas fungsi pengawasan makin ketat hasilnya pasti jauh lebih maksimal jagaindonesia makanbergizigratis badangizinasional indonesiamaju mbg,in,0,0,0,0,15,0,1_root,makan bergizi gratis[Latest],,positif,3,https://x.com/faryzkap/status/2093971990218498294
2093966412452933822,2026-08-30 07:37:51,Siskaarrr,Siskarr,1136,"Badan Gizi Nasional (BGN) membekukan sementara operasional sekitar 2.213 Satuan Pelayanan Pemenuhan Gizi (SPPG) di berbagai wilayah. Langkah tegas ini diambil untuk mendorong pengelola meningkatkan kualitas pelaksanaan program Makan Bergizi Gratis (MBG)
#MBG #Ekonomi https://t.co/46HapBkMXc",badan gizi nasional bgn membekukan sementara operasional sekitar 2 213 satuan pelayanan pemenuhan gizi sppg di berbagai wilayah langkah tegas ini diambil untuk mendorong pengelola meningkatkan kualitas pelaksanaan program makan bergizi gratis mbg mbg ekonomi,in,1,0,0,0,22,0,1_root,makan bergizi gratis[Latest],,positif,2,https://x.com/Siskaarrr/status/2093966412452933822
2093966386079150160,2026-08-30 07:37:45,Siskaarrr,Siskarr,1136,"Badan Gizi Nasional (BGN) membekukan sementara operasional sekitar 2.213 Satuan Pelayanan Pemenuhan Gizi (SPPG) di berbagai wilayah. Langkah tegas ini diambil untuk mendorong pengelola meningkatkan kualitas pelaksanaan program Makan Bergizi Gratis (MBG)
#MBG #Ekonomi https://t.co/VAeJ4oqWqT",badan gizi nasional bgn membekukan sementara operasional sekitar 2 213 satuan pelayanan pemenuhan gizi sppg di berbagai wilayah langkah tegas ini diambil untuk mendorong pengelola meningkatkan kualitas pelaksanaan program makan bergizi gratis mbg mbg ekonomi,in,1,0,0,0,18,0,1_root,makan bergizi gratis[Latest],,positif,2,https://x.com/Siskaarrr/status/2093966386079150160
2093966341493739783,2026-08-30 07:37:34,Siskaarrr,Siskarr,1136,"Badan Gizi Nasional (BGN) membekukan sementara operasional sekitar 2.213 Satuan Pelayanan Pemenuhan Gizi (SPPG) di berbagai wilayah. Langkah tegas ini diambil untuk mendorong pengelola meningkatkan kualitas pelaksanaan program Makan Bergizi Gratis (MBG)
#MBG #Ekonomi https://t.co/oPlAxukdXD",badan gizi nasional bgn membekukan sementara operasional sekitar 2 213 satuan pelayanan pemenuhan gizi sppg di berbagai wilayah langkah tegas ini diambil untuk mendorong pengelola meningkatkan kualitas pelaksanaan program makan bergizi gratis mbg mbg ekonomi,in,1,0,0,0,17,0,1_root,makan bergizi gratis[Latest],,positif,2,https://x.com/Siskaarrr/status/2093966341493739783
2093966315002479060,2026-08-30 07:37:28,Siskaarrr,Siskarr,1136,"Badan Gizi Nasional (BGN) membekukan sementara operasional sekitar 2.213 Satuan Pelayanan Pemenuhan Gizi (SPPG) di berbagai wilayah. Langkah tegas ini diambil untuk mendorong pengelola meningkatkan kualitas pelaksanaan program Makan Bergizi Gratis (MBG)
#MBG #Ekonomi https://t.co/rvXmjCfBeE",badan gizi nasional bgn membekukan sementara operasional sekitar 2 213 satuan pelayanan pemenuhan gizi sppg di berbagai wilayah langkah tegas ini diambil untuk mendorong pengelola meningkatkan kualitas pelaksanaan program makan bergizi gratis mbg mbg ekonomi,in,1,0,0,0,13,0,1_root,makan bergizi gratis[Latest],,positif,2,https://x.com/Siskaarrr/status/2093966315002479060
2093959047833895321,2026-08-30 07:08:35,RadioElshinta,Radio Elshinta,3241699,"Guru SD Di Jember Klarifikasi Dugaan Susu Kedaluwarsa Dalam Program MBG ‼

Seorang guru SDN Tugusari 06, Jember, Jawa Timur, memberikan klarifikasi terkait video yang sempat beredar mengenai dugaan susu kedaluwarsa dalam menu program Makan Bergizi Gratis (MBG).

Klarifikasi dilakukan di SPPG Tugusari 02, Jumat (28/8/2026) sekitar pukul 14.00 WIB, dan dihadiri pihak SPPG, PIC mitra, Babinsa Tugusari, kepala sekolah, perwakilan K3S, serta media.

Guru tersebut menjelaskan, video dibuat sebagai bentuk kehati-hatian untuk memastikan makanan dan minuman yang diterima siswa dalam kondisi baik dan layak dikonsumsi.

Namun, terjadi kekeliruan saat membaca kode pada kemasan susu. Angka dan kode “2D21” semula disangka sebagai tahun produksi 2021. Setelah mendapat penjelasan dari pihak terkait, kode tersebut diketahui merupakan kode produksi, bukan penanda tahun pembuatan.

Atas kesalahpahaman tersebut, guru yang bersangkutan menyampaikan permohonan maaf kepada pihak SPPG Tugusari 02. Ia juga menegaskan tidak bermaksud merugikan ataupun menjatuhkan pihak SPPG.

Persoalan kemudian diselesaikan melalui pertemuan dan klarifikasi bersama. Dalam surat pernyataan tertanggal 28 Agustus 2026, permohonan maaf disebut disampaikan atas kesadaran sendiri tanpa paksaan maupun tekanan dari pihak mana pun.

Kejadian ini menjadi pembelajaran agar informasi terkait keamanan makanan dan minuman, khususnya yang dikonsumsi siswa, diperiksa secara teliti sebelum disimpulkan dan disebarluaskan.

Dengan adanya klarifikasi, dugaan susu kedaluwarsa dalam program MBG tersebut dipastikan muncul akibat kesalahan dalam memahami kode produksi pada kemasan.

🎥Berbagai Sumber
#elshintaviral",guru sd di jember klarifikasi dugaan susu kedaluwarsa dalam program mbg seorang guru sdn tugusari 06 jember jawa timur memberikan klarifikasi terkait video yang sempat beredar mengenai dugaan susu kedaluwarsa dalam menu program makan bergizi gratis mbg klarifikasi dilakukan di sppg tugusari 02 jumat 28 8 2026 sekitar pukul 14 00 wib dan dihadiri pihak sppg pic mitra babinsa tugusari kepala sekolah perwakilan k3s serta media guru tersebut menjelaskan video dibuat sebagai bentuk kehati hatian untuk memastikan makanan dan minuman yang diterima siswa dalam kondisi baik dan layak dikonsumsi namun terjadi kekeliruan saat membaca kode pada kemasan susu angka dan kode 2d21 semula disangka sebagai tahun produksi 2021 setelah mendapat penjelasan dari pihak terkait kode tersebut diketahui merupakan kode produksi bukan penanda tahun pembuatan atas kesalahpahaman tersebut guru yang bersangkutan menyampaikan permohonan maaf kepada pihak sppg tugusari 02 ia juga menegaskan tidak bermaksud merugikan ataupun menjatuhkan pihak sppg persoalan kemudian diselesaikan melalui pertemuan dan klarifikasi bersama dalam surat pernyataan tertanggal 28 agustus 2026 permohonan maaf disebut disampaikan atas kesadaran sendiri tanpa paksaan maupun tekanan dari pihak mana pun kejadian ini menjadi pembelajaran agar informasi terkait keamanan makanan dan minuman khususnya yang dikonsumsi siswa diperiksa secara teliti sebelum disimpulkan dan disebarluaskan dengan adanya klarifikasi dugaan susu kedaluwarsa dalam program mbg tersebut dipastikan muncul akibat kesalahan dalam memahami kode produksi pada kemasan berbagai sumber elshintaviral,in,2,0,1,0,1811,0,1_root,makan bergizi gratis[Latest],,positif,4,https://x.com/RadioElshinta/status/2093959047833895321
2093941957865488781,2026-08-30 06:00:40,macesonyaa,Mace Sonya,177,"Program Makan Bergizi Gratis (MBG) menghadirkan cerita manfaat nyata bagi masyarakat. Sebagai langkah nyata untuk kesejahteraan, MBG bantu menghemat pengeluaran keluarga, menjaga kesehatan anak, dan membuat belajar lebih fokus.
#SehatBersamaMBG https://t.co/TqolFEihoz",program makan bergizi gratis mbg menghadirkan cerita manfaat nyata bagi masyarakat sebagai langkah nyata untuk kesejahteraan mbg bantu menghemat pengeluaran keluarga menjaga kesehatan anak dan membuat belajar lebih fokus sehatbersamambg,in,0,0,1,0,27,0,1_root,makan bergizi gratis[Latest],,positif,2,https://x.com/macesonyaa/status/2093941957865488781
2093941886616740121,2026-08-30 06:00:23,bpkp_banten,Perwakilan BPKP Prov. Banten,15,"Hai Sobwas Jawara !!!

Dalam rangka mendukung pelaksanaan Program Makan Bergizi Gratis (MBG) yang efektif dan akuntabel, Perwakilan BPKP Provinsi Banten melaksanakan Evaluasi atas Tata Kelola Program Makan Bergizi Gratis (MBG) pada Kabupaten Pandeglang Triwulan II Tahun 2026. https://t.co/lKJK3VrJkV",hai sobwas jawara dalam rangka mendukung pelaksanaan program makan bergizi gratis mbg yang efektif dan akuntabel perwakilan bpkp provinsi banten melaksanakan evaluasi atas tata kelola program makan bergizi gratis mbg pada kabupaten pandeglang triwulan ii tahun 2026,in,0,0,0,0,26,0,1_root,makan bergizi gratis[Latest],,positif,6,https://x.com/bpkp_banten/status/2093941886616740121
2093941780656107609,2026-08-30 05:59:58,alinearepublik,kabaridn,25,"BGN gercep nih. Skrg target program Makan Bergizi Gratis makin fokus, 80+ sekolah elite resmi nggak dapet jatah lagi biar anggarannya bener-bener nyampe ke yang paling butuh. Biar makin merata dan tepat sasaran gak sih. 😎🍽️
#JagaIndonesia #BGN #Gizi #KebijakanPublik #MBG https://t.co/lFGERVVPUU",bgn gercep nih skrg target program makan bergizi gratis makin fokus 80 sekolah elite resmi nggak dapet jatah lagi biar anggarannya bener bener nyampe ke yang paling butuh biar makin merata dan tepat sasaran gak sih jagaindonesia bgn gizi kebijakanpublik mbg,in,0,0,0,0,23,0,1_root,makan bergizi gratis[Latest],,positif,4,https://x.com/alinearepublik/status/2093941780656107609
2093941780253417799,2026-08-30 05:59:58,novitraramli777,Novira,111,"Nyata Manfaatnya! Cerita Warga dan Harapan Dukungan untuk Program Makan Bergizi Gratis (MBG)
#IndonesiaSehat https://t.co/3QBdI2TyUI",nyata manfaatnya cerita warga dan harapan dukungan untuk program makan bergizi gratis mbg indonesiasehat,in,0,0,1,0,23,0,1_root,makan bergizi gratis[Latest],,positif,2,https://x.com/novitraramli777/status/2093941780253417799
2093939569012179232,2026-08-30 05:51:11,SyahRud16089883,kunkun72,18,"@RA_leather Kalu di kasih duit udah bukan makan bergizi gratis lagi namanya ,tapi menjadi UJS uang jajan siswa,sebetulnya program ini  di buat langsung besar hingga anggarannya sampe ratusan.t ,harusnya  sarapan buat siswa yg  simple aja ,berupa Snack bergizi untuk pagi dan siang,",kalu di kasih duit udah bukan makan bergizi gratis lagi namanya tapi menjadi ujs uang jajan siswa sebetulnya program ini di buat langsung besar hingga anggarannya sampe ratusan t harusnya sarapan buat siswa yg simple aja berupa snack bergizi untuk pagi dan siang,in,2,0,0,0,1240,0,1_root,makan bergizi gratis[Latest],,positif,3,https://x.com/SyahRud16089883/status/2093939569012179232
2093938789617955218,2026-08-30 05:48:05,TapselBagren,Bagren Tapsel,7,"SPPG 2 Polres Tapsel memastikan pendistribusian Makan Bergizi Gratis berjalan lancar dan tepat sasaran sebagai wujud dukungan Polri terhadap pemenuhan gizi generasi penerus bangsa.

https://t.co/gQLNeJikf2",sppg 2 polres tapsel memastikan pendistribusian makan bergizi gratis berjalan lancar dan tepat sasaran sebagai wujud dukungan polri terhadap pemenuhan gizi generasi penerus bangsa,in,1,0,0,0,12,0,1_root,makan bergizi gratis[Latest],,positif,4,https://x.com/TapselBagren/status/2093938789617955218
2093938690829721834,2026-08-30 05:47:42,novitraramli777,Novira,111,"Nyata Manfaatnya! Cerita Warga dan Harapan Dukungan untuk Program Makan Bergizi Gratis (MBG)
#IndonesiaSehat https://t.co/PeFR2DXRhi",nyata manfaatnya cerita warga dan harapan dukungan untuk program makan bergizi gratis mbg indonesiasehat,in,0,0,1,0,20,0,1_root,makan bergizi gratis[Latest],,positif,2,https://x.com/novitraramli777/status/2093938690829721834
2093936308158894088,2026-08-30 05:38:13,lyzdiaa,lyd,85,Kepala BGN pastikan penambahan dapur baru program Makan Bergizi Gratis pada 2026 tidak akan membutuhkan tambahan anggaran negara. #jagaindonesia #BGN #MakanBergiziGratis #AnggaranNegara https://t.co/tE5sze1DJO,kepala bgn pastikan penambahan dapur baru program makan bergizi gratis pada 2026 tidak akan membutuhkan tambahan anggaran negara jagaindonesia bgn makanbergizigratis anggarannegara,in,0,0,0,0,9,0,1_root,makan bergizi gratis[Latest],,positif,2,https://x.com/lyzdiaa/status/2093936308158894088
2093935763616677905,2026-08-30 05:36:04,gebianne,Gabbriela,584,Badan Gizi Nasional mengecualikan lebih dari 80 sekolah swasta elite dari program Makan Bergizi Gratis agar penyaluran lebih tepat sasaran. #jagaindonesia #BGN #MakanBergiziGratis #TepatSasaran https://t.co/DuEsfL83V8,badan gizi nasional mengecualikan lebih dari 80 sekolah swasta elite dari program makan bergizi gratis agar penyaluran lebih tepat sasaran jagaindonesia bgn makanbergizigratis tepatsasaran,in,0,0,0,0,16,0,1_root,makan bergizi gratis[Latest],,positif,3,https://x.com/gebianne/status/2093935763616677905
2093934828437794996,2026-08-30 05:32:21,hafsyahaqilla,Asyaa,86,Evaluasi kesiapan personel SPPG rutin dilakukan demi memastikan kelancaran produksi dan distribusi Makan Bergizi Gratis bagi penerima manfaat. #jagaindonesia #MakanBergiziGratis #SPPG #KetahananPangan https://t.co/0AFTt3CYy4,evaluasi kesiapan personel sppg rutin dilakukan demi memastikan kelancaran produksi dan distribusi makan bergizi gratis bagi penerima manfaat jagaindonesia makanbergizigratis sppg ketahananpangan,in,0,0,0,0,9,0,1_root,makan bergizi gratis[Latest],,positif,2,https://x.com/hafsyahaqilla/status/2093934828437794996
2093934732862243082,2026-08-30 05:31:58,Alfiravt,Alfira,285,Jatah Makan Bergizi Gratis diperketat! 80+ sekolah swasta elite tak lagi menerima MBG agar alokasi lebih tepat sasaran bagi yang membutuhkan. #jagaindonesia #MBG #KebijakanBaru https://t.co/gUJuHzYK9f,jatah makan bergizi gratis diperketat 80 sekolah swasta elite tak lagi menerima mbg agar alokasi lebih tepat sasaran bagi yang membutuhkan jagaindonesia mbg kebijakanbaru,in,0,0,0,0,17,0,1_root,makan bergizi gratis[Latest],,positif,3,https://x.com/Alfiravt/status/2093934732862243082
2093934350211633489,2026-08-30 05:30:27,Marsheillaster,Sheila,312,Sinergi lintas sektor pastikan program Makan Bergizi Gratis berjalan optimal sebagai layanan publik nasional demi masa depan anak bangsa. #jagaindonesia #MakanBergiziGratis #KesehatanPangan #BGN https://t.co/mSg76ZVeV2,sinergi lintas sektor pastikan program makan bergizi gratis berjalan optimal sebagai layanan publik nasional demi masa depan anak bangsa jagaindonesia makanbergizigratis kesehatanpangan bgn,in,0,0,0,0,11,0,1_root,makan bergizi gratis[Latest],,positif,2,https://x.com/Marsheillaster/status/2093934350211633489
2093932833438060938,2026-08-30 05:24:25,han_dycam, Hansip ,18481,@Rebornian48 remove makan bergizi gratis,remove makan bergizi gratis,in,0,0,0,0,71,0,1_root,makan bergizi gratis[Latest],,positif,2,https://x.com/han_dycam/status/2093932833438060938
2093932302665650514,2026-08-30 05:22:18,PutraHunian,Putra Hunian,10,Investasi pada gizi anak berjalan beriringan dengan penguatan ekonomi pangan lokal melalui Program Makan Bergizi Gratis. #PenuhiGiziIndonesia https://t.co/lvjZTbiqoe,investasi pada gizi anak berjalan beriringan dengan penguatan ekonomi pangan lokal melalui program makan bergizi gratis penuhigiziindonesia,in,0,0,0,0,16,0,1_root,makan bergizi gratis[Latest],,positif,2,https://x.com/PutraHunian/status/2093932302665650514
2093928465150210153,2026-08-30 05:07:04,hartonomurta,Hartono Murta,223,"Makan bergizi Gratis, Gizi hebat generasi kuat
Langkah Nyata untuk Kesejahteraan https://t.co/WIi2AxuMiE",makan bergizi gratis gizi hebat generasi kuat langkah nyata untuk kesejahteraan,in,0,0,0,0,7,0,1_root,makan bergizi gratis[Latest],,positif,3,https://x.com/hartonomurta/status/2093928465150210153
2093927272193630235,2026-08-30 05:02:19,periskopid,Periskop,20,"Bayangin dapur yang tiap hari masak buat program makan bergizi gratis, tapi laporan keuangannya masih manual. Ribet kan? Nah ini yang mau dibenahin...

https://t.co/kuQLeHiiWg https://t.co/xcGkQrSplb",bayangin dapur yang tiap hari masak buat program makan bergizi gratis tapi laporan keuangannya masih manual ribet kan nah ini yang mau dibenahin,in,0,0,0,0,45,0,1_root,makan bergizi gratis[Latest],,positif,1,https://x.com/periskopid/status/2093927272193630235
2093927236370051189,2026-08-30 05:02:11,hartonomurta,Hartono Murta,223,"Program makan bergizi Gratis, generasi Hebat
Langkah Nyata untuk Kesejahteraan https://t.co/GkaUWpdX7b",program makan bergizi gratis generasi hebat langkah nyata untuk kesejahteraan,in,0,0,0,0,5,0,1_root,makan bergizi gratis[Latest],,positif,3,https://x.com/hartonomurta/status/2093927236370051189
2093927002692816928,2026-08-30 05:01:15,Meiraaash,Meiraaa💨,145,Makan Bergizi Gratis (MBG) makin selektif! 80+ sekolah elit dikecualikan agar alokasi lebih tepat sasaran bagi yang membutuhkan. #jagaindonesia #MakanBergiziGratis #BadanGiziNasional https://t.co/Isj0qYykSE,makan bergizi gratis mbg makin selektif 80 sekolah elit dikecualikan agar alokasi lebih tepat sasaran bagi yang membutuhkan jagaindonesia makanbergizigratis badangizinasional,in,0,0,0,0,14,0,1_root,makan bergizi gratis[Latest],,positif,3,https://x.com/Meiraaash/status/2093927002692816928
2093926890864312678,2026-08-30 05:00:48,pendekar_kalcer,ⓟⓔⓝⓓⓔⓚⓐⓡ ⓚⓐⓛⓒⓔⓡ 🇮🇩,321,"BGN terus memperluas pelayanan Makan Bergizi Gratis (MBG) tanpa menambah anggaran negara 2026. Efisiensi anggaran dimaksimalkan agar jangkauan program lebih luas dan tepat manfaat.
​#jagaindonesia #BadanGiziNasional #MBG #MakanBergiziGratis #EfisiensiAnggaran https://t.co/EAHBGNXZ98",bgn terus memperluas pelayanan makan bergizi gratis mbg tanpa menambah anggaran negara 2026 efisiensi anggaran dimaksimalkan agar jangkauan program lebih luas dan tepat manfaat jagaindonesia badangizinasional mbg makanbergizigratis efisiensianggaran,in,0,0,0,0,27,0,1_root,makan bergizi gratis[Latest],,positif,2,https://x.com/pendekar_kalcer/status/2093926890864312678
2093926690754093152,2026-08-30 05:00:01,adeevahsn,Adeeva Hasna,88,"Biar makin tepat sasaran, program Makan Bergizi Gratis fokus ke yang lebih membutuhkan. Menurutmu, langkah ini sudah pas belum? Yuk diskusi di kolom komentar!
#jagaindonesia #makanbergizigratis #badangizinasional #indonesiamaju #MBG https://t.co/DTHfmLSvDb",biar makin tepat sasaran program makan bergizi gratis fokus ke yang lebih membutuhkan menurutmu langkah ini sudah pas belum yuk diskusi di kolom komentar jagaindonesia makanbergizigratis badangizinasional indonesiamaju mbg,in,0,0,0,0,16,0,1_root,makan bergizi gratis[Latest],,positif,3,https://x.com/adeevahsn/status/2093926690754093152
2093923852992856215,2026-08-30 04:48:44,UMKM_Jakarta,UMKM_Jakarta,199,"Ada skema baru buat rencana distribusi Mbg abis putusan MK, semoga si ga pake dana pendidikan dan yg lain-lain yah dan terus berlanjut programnya

https://t.co/Jxfkx87SYG",ada skema baru buat rencana distribusi mbg abis putusan mk semoga si ga pake dana pendidikan dan yg lain lain yah dan terus berlanjut programnya,in,77,80,0,0,491,0,1_root,makan bergizi gratis[Latest],,netral,0,https://x.com/UMKM_Jakarta/status/2093923852992856215
2093922540083458176,2026-08-30 04:43:31,PolresBangli,Polres Bangli,54,"dengan penyerahan cenderamata kepada perwakilan guru, pemberian Vitamin A dan obat cacing, serta Makan Bergizi Gratis dan bingkisan bagi seluruh siswa-siswi.

“Jadikan sekolah sebagai rumah kedua bagi anak-anak, tempat mereka merasa aman, nyaman, dan bahagia untuk belajar.”",dengan penyerahan cenderamata kepada perwakilan guru pemberian vitamin a dan obat cacing serta makan bergizi gratis dan bingkisan bagi seluruh siswa siswi jadikan sekolah sebagai rumah kedua bagi anak anak tempat mereka merasa aman nyaman dan bahagia untuk belajar,in,0,0,1,0,4,0,1_root,makan bergizi gratis[Latest],,positif,3,https://x.com/PolresBangli/status/2093922540083458176
2093919015022592295,2026-08-30 04:29:30,Perjuangan52435,Perjuangan Bersama,102,"Program Makan Bergizi Gratis (MBG) membawa senyum bagi anak-anak kita. Dari membantu menabung uang jajan hingga perut kenyang saat belajar, ini adalah Cerita Manfaat dari Masyarakat yang patut kita syukuri. Yuk, dukung terus generasi sehat! 
#MakanBergiziGratis https://t.co/8K0GbcS4Jv",program makan bergizi gratis mbg membawa senyum bagi anak anak kita dari membantu menabung uang jajan hingga perut kenyang saat belajar ini adalah cerita manfaat dari masyarakat yang patut kita syukuri yuk dukung terus generasi sehat makanbergizigratis,in,1,0,0,0,43,0,1_root,makan bergizi gratis[Latest],,positif,6,https://x.com/Perjuangan52435/status/2093919015022592295
2093915581946986530,2026-08-30 04:15:52,cecee258,cecee🧑‍🎨👮,659,@aetherendless Mgb? Makan gratis bergizi?,mgb makan gratis bergizi,in,0,0,1,0,58,0,1_root,makan bergizi gratis[Latest],,positif,2,https://x.com/cecee258/status/2093915581946986530
2093913902241484917,2026-08-30 04:09:11,majunusantaraku,Majunusantaraku,108,Program Makan Bergizi Gratis (MBG) terbukti meringankan beban keluarga sekaligus memenuhi kebutuhan gizi harian anak-anak untuk mendukung konsentrasi belajar mereka di sekolah. https://t.co/dHk133gjO4,program makan bergizi gratis mbg terbukti meringankan beban keluarga sekaligus memenuhi kebutuhan gizi harian anak anak untuk mendukung konsentrasi belajar mereka di sekolah,in,0,0,0,0,10,0,1_root,makan bergizi gratis[Latest],,positif,3,https://x.com/majunusantaraku/status/2093913902241484917
2093913538402435459,2026-08-30 04:07:45,SintaAzhari9,Sinta Azhari,403,"Program Makan Bergizi Gratis (MBG) membawa senyum bagi anak-anak kita. Dari membantu menabung uang jajan hingga perut kenyang saat belajar, ini adalah Cerita Manfaat dari Masyarakat yang patut kita syukuri. Yuk, dukung terus generasi sehat! 
#MakanBergiziGratis https://t.co/JSiaI3QyyY",program makan bergizi gratis mbg membawa senyum bagi anak anak kita dari membantu menabung uang jajan hingga perut kenyang saat belajar ini adalah cerita manfaat dari masyarakat yang patut kita syukuri yuk dukung terus generasi sehat makanbergizigratis,in,1,0,0,0,36,0,1_root,makan bergizi gratis[Latest],,positif,6,https://x.com/SintaAzhari9/status/2093913538402435459
2093912486903001482,2026-08-30 04:03:34,AlanOnniu,Alanoniu,5,"Makan Bergizi Gratis, Makan enak, Bergizi, berprestasi meningkat! https://t.co/DCbth53y0C",makan bergizi gratis makan enak bergizi berprestasi meningkat,in,0,0,0,0,7,0,1_root,makan bergizi gratis[Latest],,positif,5,https://x.com/AlanOnniu/status/2093912486903001482
2093911703025033607,2026-08-30 04:00:27,LadyMuthaFucknA,Danidoni01,177,"Makan Bergizi Gratis, Makan enak, Bergizi, berprestasi meningkat! https://t.co/rccPcXizUo",makan bergizi gratis makan enak bergizi berprestasi meningkat,in,0,0,0,0,7,0,1_root,makan bergizi gratis[Latest],,positif,5,https://x.com/LadyMuthaFucknA/status/2093911703025033607
2093904920735002887,2026-08-30 03:33:30,Sipitungscbd,Sipitung,1749,"luar biasa! 😭

mari sujud syukur atas “keberanian” luar biasa badan gizi nasional yang sukses mencoret sekolah elite seperti jis & cikal dari daftar makan bergizi gratis.

sebuah pencapaian monumental yang bikin geleng-geleng kepala.

bayangkan betapa beratnya beban diplomasi dan analisis intelijen yang dibutuhkan sampai akhirnya sadar kalau anak-anak yang bayar spp ratusan juta setahun ternyata gak butuh subsidi nasi kotak gratisan dari negara.

jenius sekali! ini namanya pahlawan kesiangan. 😭",luar biasa mari sujud syukur atas keberanian luar biasa badan gizi nasional yang sukses mencoret sekolah elite seperti jis cikal dari daftar makan bergizi gratis sebuah pencapaian monumental yang bikin geleng geleng kepala bayangkan betapa beratnya beban diplomasi dan analisis intelijen yang dibutuhkan sampai akhirnya sadar kalau anak anak yang bayar spp ratusan juta setahun ternyata gak butuh subsidi nasi kotak gratisan dari negara jenius sekali ini namanya pahlawan kesiangan,in,3,2,0,0,1395,0,1_root,makan bergizi gratis[Latest],,positif,5,https://x.com/Sipitungscbd/status/2093904920735002887
2093903223379874207,2026-08-30 03:26:45,norihma27807,norihma,2,"Presiden Prabowo Subianto menekankan program MBG (Makan Bergizi Gratis) sebagai investasi masa depan bangsa. ""Tidak ada tempat untuk korupsi dalam makanan anak-anak,"" tegasnya. Bersama, wujudkan generasi sehat, cerdas, dan kuat. Anak Sehat, Indonesia Kuat! https://t.co/VVkUssqZXu",presiden prabowo subianto menekankan program mbg makan bergizi gratis sebagai investasi masa depan bangsa tidak ada tempat untuk korupsi dalam makanan anak anak tegasnya bersama wujudkan generasi sehat cerdas dan kuat anak sehat indonesia kuat,in,0,0,0,0,47,0,1_root,makan bergizi gratis[Latest],,positif,4,https://x.com/norihma27807/status/2093903223379874207
2093895091278790835,2026-08-30 02:54:27,InfoMakan2,Info Makan Bergizi,117,"Program Makan Bergizi Gratis merupakan investasi gizi untuk mewujudkan Generasi Emas Indonesia. Lewat sajian 4 sehat 5 sempurna mencakup lauk pauk, karbohidrat, buah, dan susu, program ini mendukung pertumbuhan optimal serta mencetak anak yang cerdas dan berprestasi. https://t.co/Mnm1R3zG5A",program makan bergizi gratis merupakan investasi gizi untuk mewujudkan generasi emas indonesia lewat sajian 4 sehat 5 sempurna mencakup lauk pauk karbohidrat buah dan susu program ini mendukung pertumbuhan optimal serta mencetak anak yang cerdas dan berprestasi,in,0,0,0,0,34,0,1_root,makan bergizi gratis[Latest],,positif,4,https://x.com/InfoMakan2/status/2093895091278790835
2093895060584837126,2026-08-30 02:54:19,InfoMakan2,Info Makan Bergizi,117,"Program Makan Bergizi Gratis merupakan investasi gizi untuk mewujudkan Generasi Emas Indonesia. Lewat sajian 4 sehat 5 sempurna mencakup lauk pauk, karbohidrat, buah, dan susu, program ini mendukung pertumbuhan optimal serta mencetak anak yang cerdas dan berprestasi. https://t.co/ow5kru7UW6",program makan bergizi gratis merupakan investasi gizi untuk mewujudkan generasi emas indonesia lewat sajian 4 sehat 5 sempurna mencakup lauk pauk karbohidrat buah dan susu program ini mendukung pertumbuhan optimal serta mencetak anak yang cerdas dan berprestasi,in,0,0,0,0,27,0,1_root,makan bergizi gratis[Latest],,positif,4,https://x.com/InfoMakan2/status/2093895060584837126
2093895032558493938,2026-08-30 02:54:13,InfoMakan2,Info Makan Bergizi,117,"Program Makan Bergizi Gratis merupakan investasi gizi untuk mewujudkan Generasi Emas Indonesia. Lewat sajian 4 sehat 5 sempurna mencakup lauk pauk, karbohidrat, buah, dan susu, program ini mendukung pertumbuhan optimal serta mencetak anak yang cerdas dan berprestasi. https://t.co/M8IMCnwsRs",program makan bergizi gratis merupakan investasi gizi untuk mewujudkan generasi emas indonesia lewat sajian 4 sehat 5 sempurna mencakup lauk pauk karbohidrat buah dan susu program ini mendukung pertumbuhan optimal serta mencetak anak yang cerdas dan berprestasi,in,0,0,0,0,30,0,1_root,makan bergizi gratis[Latest],,positif,4,https://x.com/InfoMakan2/status/2093895032558493938
2093892435055120496,2026-08-30 02:43:53,Nengsalsa3007,Nengsalsa,16,"Program Makan Bergizi Gratis (MBG) menjadi langkah positif dalam mendukung pemenuhan gizi dan kesehatan generasi muda. Mari bersama mendukung pelaksanaannya agar berjalan baik, tepat sasaran, dan memberikan manfaat bagi masyarakat. https://t.co/N5snS4aHXm",program makan bergizi gratis mbg menjadi langkah positif dalam mendukung pemenuhan gizi dan kesehatan generasi muda mari bersama mendukung pelaksanaannya agar berjalan baik tepat sasaran dan memberikan manfaat bagi masyarakat,in,0,0,0,0,11,0,1_root,makan bergizi gratis[Latest],,positif,7,https://x.com/Nengsalsa3007/status/2093892435055120496
2093892434568556725,2026-08-30 02:43:53,SupermanISReal6,Superman IS Real,4,"Program Makan Bergizi Gratis (MBG) menjadi langkah positif dalam mendukung pemenuhan gizi dan kesehatan generasi muda. Mari bersama mendukung pelaksanaannya agar berjalan baik, tepat sasaran, dan memberikan manfaat bagi masyarakat. https://t.co/m2Wd8oRGjH",program makan bergizi gratis mbg menjadi langkah positif dalam mendukung pemenuhan gizi dan kesehatan generasi muda mari bersama mendukung pelaksanaannya agar berjalan baik tepat sasaran dan memberikan manfaat bagi masyarakat,in,0,0,0,0,8,0,1_root,makan bergizi gratis[Latest],,positif,7,https://x.com/SupermanISReal6/status/2093892434568556725
2093887663074157037,2026-08-30 02:24:56,lpmarena_,LPM ARENA,2540,"Mereka mempersoalkan keadaan ekonomi nasional yang tengah memburuk. Di samping itu, massa menggugat berbagai proyek rezim Prabowo-Gibran yang penuh masalah seperti Makan Bergizi Gratis (MBG) dan Koperasi Desa Merah Putih (KDMP). https://t.co/zM51xfWJF0",mereka mempersoalkan keadaan ekonomi nasional yang tengah memburuk di samping itu massa menggugat berbagai proyek rezim prabowo gibran yang penuh masalah seperti makan bergizi gratis mbg dan koperasi desa merah putih kdmp,in,1,0,1,0,124,0,1_root,makan bergizi gratis[Latest],,positif,1,https://x.com/lpmarena_/status/2093887663074157037
2093883402210378039,2026-08-30 02:08:00,BorobudurNews_,IG: @BorobudurNews,7960,"🍱 Guru Diminta Cicipi MBG Sebelum Dibagikan ke Siswa, Kepala BGN Beri Penjelasan

Kepala Badan Gizi Nasional (BGN) Sudaryono memberikan penjelasan terkait adanya arahan agar guru mencicipi makanan dalam program Makan Bergizi Gratis (MBG) sebelum makanan dibagikan kepada siswa. https://t.co/wIYy7OvNWL",guru diminta cicipi mbg sebelum dibagikan ke siswa kepala bgn beri penjelasan kepala badan gizi nasional bgn sudaryono memberikan penjelasan terkait adanya arahan agar guru mencicipi makanan dalam program makan bergizi gratis mbg sebelum makanan dibagikan kepada siswa,in,0,0,1,0,143,0,1_root,makan bergizi gratis[Latest],,positif,2,https://x.com/BorobudurNews_/status/2093883402210378039
2093881243435999494,2026-08-30 01:59:25,TasyaFahira18,Tasya Fahira,447,"Program Makan Bergizi Gratis bukan cuma soal nutrisi anak, tapi juga tentang menggerakkan ekonomi lokal!. Dengan melibatkan petani daerah dan UMKM, kita wujudkan kemandirian pangan sekaligus mencetak anak yang sehat. Maju terus MBG! https://t.co/YGoLmGmwzd",program makan bergizi gratis bukan cuma soal nutrisi anak tapi juga tentang menggerakkan ekonomi lokal dengan melibatkan petani daerah dan umkm kita wujudkan kemandirian pangan sekaligus mencetak anak yang sehat maju terus mbg,in,1,0,0,0,18,0,1_root,makan bergizi gratis[Latest],,positif,5,https://x.com/TasyaFahira18/status/2093881243435999494
2093881187848859907,2026-08-30 01:59:12,TasyaFahira18,Tasya Fahira,447,"Program Makan Bergizi Gratis bukan cuma soal nutrisi anak, tapi juga tentang menggerakkan ekonomi lokal!. Dengan melibatkan petani daerah dan UMKM, kita wujudkan kemandirian pangan sekaligus mencetak anak yang sehat. Maju terus MBG! https://t.co/SdygX63p1C",program makan bergizi gratis bukan cuma soal nutrisi anak tapi juga tentang menggerakkan ekonomi lokal dengan melibatkan petani daerah dan umkm kita wujudkan kemandirian pangan sekaligus mencetak anak yang sehat maju terus mbg,in,1,0,0,0,18,0,1_root,makan bergizi gratis[Latest],,positif,5,https://x.com/TasyaFahira18/status/2093881187848859907
2093881004716876014,2026-08-30 01:58:28,YuniSet69424831,Yuni Setyowati,16,PROGRAM MAKAN BERGIZI GRATIS: INVESTASI GIZI UNTUK GENERASI INDONESIA! https://t.co/tkaNbTStet,program makan bergizi gratis investasi gizi untuk generasi indonesia,in,0,0,0,0,20,0,1_root,makan bergizi gratis[Latest],,positif,2,https://x.com/YuniSet69424831/status/2093881004716876014
2093872723726647420,2026-08-30 01:25:34,Perjuangan52435,Perjuangan Bersama,102,"Dukung Bersama Program Makan Bergizi Gratis 
#ManfaatMakanBergiziGratis
#MakanBergiziGratis https://t.co/s3lViJxq7k",dukung bersama program makan bergizi gratis manfaatmakanbergizigratis makanbergizigratis,in,1,0,0,0,18,0,1_root,makan bergizi gratis[Latest],,positif,3,https://x.com/Perjuangan52435/status/2093872723726647420
2093872668928041024,2026-08-30 01:25:21,Perjuangan52435,Perjuangan Bersama,102,"Dukung Bersama Program Makan Bergizi Gratis 
#ManfaatMakanBergiziGratis
#MakanBergiziGratis https://t.co/8PXWW5rcD6",dukung bersama program makan bergizi gratis manfaatmakanbergizigratis makanbergizigratis,in,1,0,0,0,15,0,1_root,makan bergizi gratis[Latest],,positif,3,https://x.com/Perjuangan52435/status/2093872668928041024
2093869929590349933,2026-08-30 01:14:28,hartkriwilboy,Hart,152,Dah melenceng dari tujuan awalnya ges(meskipun sebelumnya udah melenceng dari ngasih makan bergizi gratis -&gt; makan bergizi beracun),dah melenceng dari tujuan awalnya ges meskipun sebelumnya udah melenceng dari ngasih makan bergizi gratis gt makan bergizi beracun,in,0,0,1,0,92,0,1_root,makan bergizi gratis[Latest],,positif,3,https://x.com/hartkriwilboy/status/2093869929590349933
2093859796978221069,2026-08-30 00:34:12,NhaDedopali,D,5406,"MBG itu bukannya Makan Bergizi Gratis ya, kalau anggaran 8000-10.000 dimana letak bergizi nya? https://t.co/spUf4DWqNk",mbg itu bukannya makan bergizi gratis ya kalau anggaran 8000 10 000 dimana letak bergizi nya,in,2,1,0,0,51,0,1_root,makan bergizi gratis[Latest],,positif,3,https://x.com/NhaDedopali/status/2093859796978221069
2093857083045421521,2026-08-30 00:23:25,vinaadrina2023,Nadia Azzahra,37,"Program Makan Bergizi Gratis (MBG) bukan hanya investasi gizi bagi anak-anak Indonesia, tetapi juga penggerak utama ekonomi daerah.
#GenerasiSehat
#MBG https://t.co/8DF7WQ6N8b",program makan bergizi gratis mbg bukan hanya investasi gizi bagi anak anak indonesia tetapi juga penggerak utama ekonomi daerah generasisehat mbg,in,0,0,1,0,45,0,1_root,makan bergizi gratis[Latest],,positif,2,https://x.com/vinaadrina2023/status/2093857083045421521
2093840642162188419,2026-08-29 23:18:05,anak_kasisi,Ungke,87,"@RA_leather Namanya aja MBG (makan bergizi gratis) berarti bentuknya makanan bergizi yg dibagikan secara gratis.
Kalo udh bentukny uang (apakah itu tunai maupun non tunai), udh bukan mbg lagi namanya. Usulan dibuat atm oleh sebagian anggota dewan hny krn mereka ga kebagian jatah mbg aja.",namanya aja mbg makan bergizi gratis berarti bentuknya makanan bergizi yg dibagikan secara gratis kalo udh bentukny uang apakah itu tunai maupun non tunai udh bukan mbg lagi namanya usulan dibuat atm oleh sebagian anggota dewan hny krn mereka ga kebagian jatah mbg aja,in,0,0,0,0,24,0,1_root,makan bergizi gratis[Latest],,positif,4,https://x.com/anak_kasisi/status/2093840642162188419
2093784890181566500,2026-08-29 19:36:33,sdmpolrests25,Sdm Tapsel,12,SPPG 2 Polres Tapsel memastikan pendistribusian Makan Bergizi Gratis berjalan lancar dan tepat sasaran sebagai wujud dukungan Polri terhadap pemenuhan gizi generasi penerus bangsa. #SPPGPolresTapsel #PolresTapsel #MakanBergiziGratis #MBG #PolriUntukMasyarakat https://t.co/UQ1y8Um2Ux,sppg 2 polres tapsel memastikan pendistribusian makan bergizi gratis berjalan lancar dan tepat sasaran sebagai wujud dukungan polri terhadap pemenuhan gizi generasi penerus bangsa sppgpolrestapsel polrestapsel makanbergizigratis mbg polriuntukmasyarakat,in,0,0,0,0,25,0,1_root,makan bergizi gratis[Latest],,positif,4,https://x.com/sdmpolrests25/status/2093784890181566500
2093751216740483415,2026-08-29 17:22:44,PangPengPongs,Gajah TI MR TK TF PG TB 2023,186,"Anak Indonesia :

ususnya diracuni dengan makan yang katanya bergizi gratis, namun ternyata toksik

paru-parunya diracuni dengan yang katanya asap pembakaran hutan, namun ternyata deforestasi

otaknya diracuni dengan yang katanya harapan, namun ternyata omong kosong ego penguasa",anak indonesia ususnya diracuni dengan makan yang katanya bergizi gratis namun ternyata toksik paru parunya diracuni dengan yang katanya asap pembakaran hutan namun ternyata deforestasi otaknya diracuni dengan yang katanya harapan namun ternyata omong kosong ego penguasa,in,0,0,0,0,32,0,1_root,makan bergizi gratis[Latest],,positif,2,https://x.com/PangPengPongs/status/2093751216740483415
2093749374136504361,2026-08-29 17:15:25,KucantikCom,kucantik,142,"Hanum Mega meluruskan anggapan soal sang ibu yang sempat dikira memiliki dapur program Makan Bergizi Gratis (MBG). 

Selengkapnya di  https://t.co/L7l2fM48La ✨️ https://t.co/3nUOVGAmdh",hanum mega meluruskan anggapan soal sang ibu yang sempat dikira memiliki dapur program makan bergizi gratis mbg selengkapnya di,in,0,0,0,0,39,0,1_root,makan bergizi gratis[Latest],,positif,2,https://x.com/KucantikCom/status/2093749374136504361
2093732256657576171,2026-08-29 16:07:24,milkteaxsuga,judy is seeing bangtan ♡,955,@Yuyunsuga93 MBG tapi bukan makan bergizi gratis melainkan my bangtan gw ☝🏼,mbg tapi bukan makan bergizi gratis melainkan my bangtan gw,in,0,0,0,0,35,0,1_root,makan bergizi gratis[Latest],,positif,2,https://x.com/milkteaxsuga/status/2093732256657576171
2093726110400057676,2026-08-29 15:42:58,hartonomurta,Hartono Murta,223,Program Makan Bergizi Gratis sangat bermanfaat https://t.co/ZGAOYQMWr0,program makan bergizi gratis sangat bermanfaat,in,0,0,0,0,12,0,1_root,makan bergizi gratis[Latest],,positif,3,https://x.com/hartonomurta/status/2093726110400057676
2093716188291650024,2026-08-29 15:03:33,JanetBrawner2,Janet Brawner,35,Langkah nyata tekan angka malnutrisi di Aceh! Program Makan Bergizi Gratis (MBG) hadir memastikan anak-anak tumbuh sehat dan siap meraih masa depan cerah https://t.co/Xh9kWYzRip,langkah nyata tekan angka malnutrisi di aceh program makan bergizi gratis mbg hadir memastikan anak anak tumbuh sehat dan siap meraih masa depan cerah,in,0,0,0,0,19,0,1_root,makan bergizi gratis[Latest],,positif,3,https://x.com/JanetBrawner2/status/2093716188291650024
2093715296205086854,2026-08-29 15:00:00,akuratco,Akuratco,18688,"Muktamar NU Putuskan Pemerintah Tak Boleh Gunakan Anggaran Pendidikan untuk MBG 2027

Muktamar ke-35 Nahdlatul Ulama (NU) merekomendasikan pemerintah tidak menggunakan anggaran pendidikan untuk membiayai program Makan Bergizi Gratis (MBG) mulai tahun anggaran 2027.

Rekomendasi tersebut disampaikan dalam sidang pleno Muktamar ke-35 NU di Pondok Pesantren Bahrul Ulum Tambakberas, Jombang, Jawa Timur, Sabtu (29/8/2026). Rekomendasi merupakan hasil pembahasan Bahtsul Masail Qanuniyah.

“PBNU merekomendasikan kepada pemerintah untuk menjalankan putusan MK tentang MBG pada tahun anggaran 2027,” demikian bunyi rekomendasi yang dibacakan dalam persidangan.

Muktamar NU juga menegaskan agar pelaksanaan putusan tersebut tidak ditunda hingga 2028.

“Tidak menunggu sampai di 2028,” lanjut pembaca rekomendasi.

Rekomendasi tersebut merujuk pada ketentuan Undang-Undang Dasar (UUD) 1945 yang mengamanatkan alokasi anggaran pendidikan sebesar 20 persen dari Anggaran Pendapatan dan Belanja Negara (APBN).

Dalam pembahasannya, Muktamar menilai alokasi anggaran pendidikan sebesar 20 persen belum dijalankan secara maksimal. Salah satu hal yang disoroti adalah penggunaan anggaran pendidikan untuk mendukung program MBG.

Muktamar juga merujuk pada putusan Mahkamah Konstitusi (MK) Nomor 40/PUU/2021/2026 yang disebut mengatur agar anggaran pendidikan tidak digunakan untuk membiayai MBG.

Karena itu, PBNU merekomendasikan agar kebijakan penganggaran pemerintah disusun dengan mempertimbangkan kemaslahatan, keadilan, efisiensi, serta skala prioritas.

“Dalam perumusan kebijakan anggaran harus sesuai dengan kemaslahatan, mempunyai nilai keadilan, tidak boros, dan ada skala prioritas,” demikian poin rekomendasi tersebut.",muktamar nu putuskan pemerintah tak boleh gunakan anggaran pendidikan untuk mbg 2027 muktamar ke 35 nahdlatul ulama nu merekomendasikan pemerintah tidak menggunakan anggaran pendidikan untuk membiayai program makan bergizi gratis mbg mulai tahun anggaran 2027 rekomendasi tersebut disampaikan dalam sidang pleno muktamar ke 35 nu di pondok pesantren bahrul ulum tambakberas jombang jawa timur sabtu 29 8 2026 rekomendasi merupakan hasil pembahasan bahtsul masail qanuniyah pbnu merekomendasikan kepada pemerintah untuk menjalankan putusan mk tentang mbg pada tahun anggaran 2027 demikian bunyi rekomendasi yang dibacakan dalam persidangan muktamar nu juga menegaskan agar pelaksanaan putusan tersebut tidak ditunda hingga 2028 tidak menunggu sampai di 2028 lanjut pembaca rekomendasi rekomendasi tersebut merujuk pada ketentuan undang undang dasar uud 1945 yang mengamanatkan alokasi anggaran pendidikan sebesar 20 persen dari anggaran pendapatan dan belanja negara apbn dalam pembahasannya muktamar menilai alokasi anggaran pendidikan sebesar 20 persen belum dijalankan secara maksimal salah satu hal yang disoroti adalah penggunaan anggaran pendidikan untuk mendukung program mbg muktamar juga merujuk pada putusan mahkamah konstitusi mk nomor 40 puu 2021 2026 yang disebut mengatur agar anggaran pendidikan tidak digunakan untuk membiayai mbg karena itu pbnu merekomendasikan agar kebijakan penganggaran pemerintah disusun dengan mempertimbangkan kemaslahatan keadilan efisiensi serta skala prioritas dalam perumusan kebijakan anggaran harus sesuai dengan kemaslahatan mempunyai nilai keadilan tidak boros dan ada skala prioritas demikian poin rekomendasi tersebut,in,2,0,2,0,545,0,1_root,makan bergizi gratis[Latest],,positif,2,https://x.com/akuratco/status/2093715296205086854
2093715128898433353,2026-08-29 14:59:20,ArifaNidya,Arifa Nidya,15,"Setiap sendok makanan bergizi adalah investasi bagi masa depan anak-anak Aceh. Melalui program Makan Bergizi Gratis (MBG), kita bersama mengatasi malnutrisi dan mencetak generasi yang sehat serta cerdas! https://t.co/jKKiXS74Ui",setiap sendok makanan bergizi adalah investasi bagi masa depan anak anak aceh melalui program makan bergizi gratis mbg kita bersama mengatasi malnutrisi dan mencetak generasi yang sehat serta cerdas,in,0,0,0,0,29,0,1_root,makan bergizi gratis[Latest],,positif,4,https://x.com/ArifaNidya/status/2093715128898433353
2093713431732076705,2026-08-29 14:52:36,BertaniKodok,kodok bertani,277,"Program Makan Bergizi Gratis (MBG) bukan hanya investasi gizi bagi anak-anak Indonesia, tetapi juga penggerak utama ekonomi daerah. Dengan menyerap hasil pertanian, peternakan, dan perikanan lokal, program ini menghadirkan kepastian pasar bagi para petani dan UMKM https://t.co/31vWX18Fil",program makan bergizi gratis mbg bukan hanya investasi gizi bagi anak anak indonesia tetapi juga penggerak utama ekonomi daerah dengan menyerap hasil pertanian peternakan dan perikanan lokal program ini menghadirkan kepastian pasar bagi para petani dan umkm,in,0,0,0,0,77,0,1_root,makan bergizi gratis[Latest],,positif,2,https://x.com/BertaniKodok/status/2093713431732076705
2093711477589033052,2026-08-29 14:44:50,newestID,Newest Indonesia,25,"Praperadilan Ketiga Korupsi Makan Bergizi Gratis: Kejagung Siap Hadapi Gugatan Eks Waka BGN

https://t.co/UnSjl0EkMI",praperadilan ketiga korupsi makan bergizi gratis kejagung siap hadapi gugatan eks waka bgn,in,0,0,0,0,31,0,1_root,makan bergizi gratis[Latest],,positif,1,https://x.com/newestID/status/2093711477589033052
2093711022137938108,2026-08-29 14:43:01,Hinatapemalu,Hinata,101,"Mari dukung program Makan Bergizi Gratis (MBG) untuk mencetak generasi yang sehat dan cerdas! Bersama-sama, kita wujudkan visi menuju Indonesia Emas 2045. https://t.co/zqtezXbjX7",mari dukung program makan bergizi gratis mbg untuk mencetak generasi yang sehat dan cerdas bersama sama kita wujudkan visi menuju indonesia emas 2045,in,0,0,0,0,21,0,1_root,makan bergizi gratis[Latest],,positif,4,https://x.com/Hinatapemalu/status/2093711022137938108
2093710429453484107,2026-08-29 14:40:40,Hinatapemalu,Hinata,101,"Mari dukung program Makan Bergizi Gratis (MBG) untuk mencetak generasi yang sehat dan cerdas! Bersama-sama, kita wujudkan visi menuju Indonesia Emas 2045. https://t.co/0soKpIJdAp",mari dukung program makan bergizi gratis mbg untuk mencetak generasi yang sehat dan cerdas bersama sama kita wujudkan visi menuju indonesia emas 2045,in,0,0,0,0,22,0,1_root,makan bergizi gratis[Latest],,positif,4,https://x.com/Hinatapemalu/status/2093710429453484107
2093710389246853370,2026-08-29 14:40:30,Hinatapemalu,Hinata,101,"Mari dukung program Makan Bergizi Gratis (MBG) untuk mencetak generasi yang sehat dan cerdas! Bersama-sama, kita wujudkan visi menuju Indonesia Emas 2045. https://t.co/bVXT6QcwXK",mari dukung program makan bergizi gratis mbg untuk mencetak generasi yang sehat dan cerdas bersama sama kita wujudkan visi menuju indonesia emas 2045,in,0,0,0,0,21,0,1_root,makan bergizi gratis[Latest],,positif,4,https://x.com/Hinatapemalu/status/2093710389246853370
2093705652761940339,2026-08-29 14:21:41,sadaplawang,Sadap Lawang,3,BGN membuktikan perluasan program Makan Bergizi Gratis dapat dilakukan tanpa menambah beban APBN 2026 dengan mengoptimalkan alokasi anggaran yang ada. Penambahan dapur gizi dibarengi pengetatan standar sanitasi melalui kewajiban SLHS. #jagaindonesia https://t.co/9HtnwQHzQU,bgn membuktikan perluasan program makan bergizi gratis dapat dilakukan tanpa menambah beban apbn 2026 dengan mengoptimalkan alokasi anggaran yang ada penambahan dapur gizi dibarengi pengetatan standar sanitasi melalui kewajiban slhs jagaindonesia,in,2,0,0,0,19,0,1_root,makan bergizi gratis[Latest],,positif,2,https://x.com/sadaplawang/status/2093705652761940339
2093702014471721049,2026-08-29 14:07:14,majunusantaraku,Majunusantaraku,108,Program Makan Bergizi Gratis (MBG) memperkuat gizi anak sekaligus menggerakkan ekonomi lokal. https://t.co/qj65Dqnac9,program makan bergizi gratis mbg memperkuat gizi anak sekaligus menggerakkan ekonomi lokal,in,0,0,0,0,19,0,1_root,makan bergizi gratis[Latest],,positif,2,https://x.com/majunusantaraku/status/2093702014471721049
2093676619382829329,2026-08-29 12:26:19,rahasiane_gara,rahasianegara,2,"Makan Bergizi Gratis adalah hak anak-anak yang menahan lapar di pelosok, bukan tambahan fasilitas bagi mereka yang sudah bergelimang harta. Keadilan harus ditegakkan: bantuan rakyat wajib kembali ke tangan yang benar-benar membutuhkan!
#jagaindonesia #fypage #kawalmbg #evalyasi https://t.co/SqUWdqcrOI",makan bergizi gratis adalah hak anak anak yang menahan lapar di pelosok bukan tambahan fasilitas bagi mereka yang sudah bergelimang harta keadilan harus ditegakkan bantuan rakyat wajib kembali ke tangan yang benar benar membutuhkan jagaindonesia fypage kawalmbg evalyasi,in,0,0,0,0,14,0,1_root,makan bergizi gratis[Latest],,positif,2,https://x.com/rahasiane_gara/status/2093676619382829329
2093672989724479948,2026-08-29 12:11:53,neomsapiens,Neom Sapiens ꦄꦃꦩꦢ꧀ ꦫꦶꦥ꦳ꦲꦶ,44,"""Swasembada pangan? Harga bahan pokok mahal, stok di rumah habis.

Makan bergizi gratis?
Di sekolah kenyang, tapi di rumah lapar.

Logika ekonomi? Rating approve?

Coba tanya perut kosong! 🤷""",swasembada pangan harga bahan pokok mahal stok di rumah habis makan bergizi gratis di sekolah kenyang tapi di rumah lapar logika ekonomi rating approve coba tanya perut kosong,in,0,0,0,0,12,0,1_root,makan bergizi gratis[Latest],,positif,3,https://x.com/neomsapiens/status/2093672989724479948
2093671582271168750,2026-08-29 12:06:18,NurSyahbana9,Global News,7187,"🕹️ Sidang pleno Muktamar ke-35 Nahdlatul Ulama:

- Merekomendasikan pemerintah untuk menghentikan penggunaan anggaran pendidikan guna membiayai program Makan Bergizi Gratis (MBG) paling lambat pada tahun 2027, tanpa harus menunggu batas waktu transisi hingga 2028 https://t.co/BmleBpesPy",sidang pleno muktamar ke 35 nahdlatul ulama merekomendasikan pemerintah untuk menghentikan penggunaan anggaran pendidikan guna membiayai program makan bergizi gratis mbg paling lambat pada tahun 2027 tanpa harus menunggu batas waktu transisi hingga 2028,in,0,0,0,0,231,0,1_root,makan bergizi gratis[Latest],,positif,1,https://x.com/NurSyahbana9/status/2093671582271168750
2093654391396127162,2026-08-29 10:57:59,suaradotcom,suaradotcom,30467,"Kepala Badan Gizi Nasional (BGN) Sudaryono mengungkapkan 414 dapur program Makan Bergizi Gratis (MBG) belum beroperasi meski telah menerima alokasi dana. Dana tersebut kemudian ditarik kembali dan dikembalikan ke kas negara.

“Ya, ada pengurangan sekitar 6 jutaan penerima manfaat. Termasuk juga ada beberapa dapur yang kemarin sudah saya umumkan, ada 414 dapur yang ternyata dapurnya belum beroperasi tapi sudah dikirimi duit,” kata Sudaryono kepada wartawan di kantor Kementerian Keuangan, Jakarta, Jumat (28/8/2026).

Sudaryono menyebut total dana yang dikembalikan ke kas negara mencapai Rp311 miliar. Pengembalian tersebut menjadi bagian dari penyisiran anggaran dan data penerima manfaat yang dilakukan BGN.
Selain dapur yang belum beroperasi, BGN menemukan sekitar 6 juta penerima manfaat yang datanya tercatat ganda. Data tersebut disisir untuk memastikan penerima program tercatat secara tepat.

“Misalnya dia didaftar di pesantren. Di pesantrennya ada namanya, tapi di SMP juga dia ternyata siswa SMP. Jadi ada dobel-dobel, itu semua kami sisir,” ujar Sudaryono.
80 Sekolah Swasta Dikeluarkan dari Daftar Penerima MBG
BGN juga mengeluarkan sekitar 80 sekolah swasta dari daftar penerima MBG karena dinilai tidak membutuhkan program tersebut. Beberapa di antaranya memiliki fasilitas makan sendiri sebagai bagian dari kegiatan sekolah atau sistem asrama.

Sudaryono mencontohkan Taruna Nusantara dan Kemala Bhayangkari sebagai sekolah yang memiliki fasilitas makan bagi siswanya. Penataan data penerima dilakukan agar alokasi anggaran program lebih tepat sasaran.
Pada Jumat (28/8/2026), Sudaryono untuk pertama kalinya berkoordinasi dengan Menteri Keuangan Purbaya Yudhi Sadewa sejak ditunjuk sebagai Kepala BGN pada Juli 2026. Pertemuan tersebut membahas sinkronisasi pelaksanaan anggaran MBG.

“Intinya, kami ingin sinkronisasi semua. Saya kira ini kolaborasi, pemerintah ini kan semua kementerian saling kolaborasi,” kata Sudaryono.

Ia menegaskan, pemerintah menetapkan anggaran MBG tahun 2027 sebesar Rp240 triliun. Anggaran tersebut disiapkan untuk mendukung program prioritas Presiden Prabowo Subianto.

#MBG #SPPG #prabowo #sudaryono #alokasidana BM",kepala badan gizi nasional bgn sudaryono mengungkapkan 414 dapur program makan bergizi gratis mbg belum beroperasi meski telah menerima alokasi dana dana tersebut kemudian ditarik kembali dan dikembalikan ke kas negara ya ada pengurangan sekitar 6 jutaan penerima manfaat termasuk juga ada beberapa dapur yang kemarin sudah saya umumkan ada 414 dapur yang ternyata dapurnya belum beroperasi tapi sudah dikirimi duit kata sudaryono kepada wartawan di kantor kementerian keuangan jakarta jumat 28 8 2026 sudaryono menyebut total dana yang dikembalikan ke kas negara mencapai rp311 miliar pengembalian tersebut menjadi bagian dari penyisiran anggaran dan data penerima manfaat yang dilakukan bgn selain dapur yang belum beroperasi bgn menemukan sekitar 6 juta penerima manfaat yang datanya tercatat ganda data tersebut disisir untuk memastikan penerima program tercatat secara tepat misalnya dia didaftar di pesantren di pesantrennya ada namanya tapi di smp juga dia ternyata siswa smp jadi ada dobel dobel itu semua kami sisir ujar sudaryono 80 sekolah swasta dikeluarkan dari daftar penerima mbg bgn juga mengeluarkan sekitar 80 sekolah swasta dari daftar penerima mbg karena dinilai tidak membutuhkan program tersebut beberapa di antaranya memiliki fasilitas makan sendiri sebagai bagian dari kegiatan sekolah atau sistem asrama sudaryono mencontohkan taruna nusantara dan kemala bhayangkari sebagai sekolah yang memiliki fasilitas makan bagi siswanya penataan data penerima dilakukan agar alokasi anggaran program lebih tepat sasaran pada jumat 28 8 2026 sudaryono untuk pertama kalinya berkoordinasi dengan menteri keuangan purbaya yudhi sadewa sejak ditunjuk sebagai kepala bgn pada juli 2026 pertemuan tersebut membahas sinkronisasi pelaksanaan anggaran mbg intinya kami ingin sinkronisasi semua saya kira ini kolaborasi pemerintah ini kan semua kementerian saling kolaborasi kata sudaryono ia menegaskan pemerintah menetapkan anggaran mbg tahun 2027 sebesar rp240 triliun anggaran tersebut disiapkan untuk mendukung program prioritas presiden prabowo subianto mbg sppg prabowo sudaryono alokasidana bm,in,0,0,0,0,268,0,1_root,makan bergizi gratis[Latest],,positif,4,https://x.com/suaradotcom/status/2093654391396127162
2093649357283500071,2026-08-29 10:37:59,pajakkabanjahe,KPP Pratama Kabanjahe,214,"KPP Pratama Kabanjahe melaksanakan Forum Konsultasi Publik mengenai Standar Pelayanan KPP serta Edukasi terkait Aspek Perpajakan atas Pelaksanaan Program Makan Bergizi Gratis (Rabu, 26/08). https://t.co/JCtaZDaQ8T",kpp pratama kabanjahe melaksanakan forum konsultasi publik mengenai standar pelayanan kpp serta edukasi terkait aspek perpajakan atas pelaksanaan program makan bergizi gratis rabu 26 08,in,0,0,1,0,32,0,1_root,makan bergizi gratis[Latest],,positif,2,https://x.com/pajakkabanjahe/status/2093649357283500071
2093648475032580519,2026-08-29 10:34:29,transmedsos,Trans Media Sosial,584,Dikabarkan @tempodotco BGN mengevaluasi penerima program makan bergizi gratis (MBG). Sekitar 80 sekolah swasta elite dikeluarkan dari daftar penerima MBG. Kepala BGNSudaryono mengatakan evaluasi dilakukan dengan menyisir sekolah penerima MBG di berbagai daerah. https://t.co/Eq8LNcKPaR,dikabarkan bgn mengevaluasi penerima program makan bergizi gratis mbg sekitar 80 sekolah swasta elite dikeluarkan dari daftar penerima mbg kepala bgnsudaryono mengatakan evaluasi dilakukan dengan menyisir sekolah penerima mbg di berbagai daerah,in,0,0,1,0,36,0,1_root,makan bergizi gratis[Latest],,positif,2,https://x.com/transmedsos/status/2093648475032580519
2093648413657383011,2026-08-29 10:34:14,transmedsos,Trans Media Sosial,584,"Dari erupsi Merapi, kecelakaan Tol Jagorawi, nama baru Ariel Tatum, kasus penggelapan uang Vilmei, evaluasi Makan Bergizi Gratis, hingga aturan sisa kuota internet ini dia 6 berita terhangat hari ini 👇",dari erupsi merapi kecelakaan tol jagorawi nama baru ariel tatum kasus penggelapan uang vilmei evaluasi makan bergizi gratis hingga aturan sisa kuota internet ini dia 6 berita terhangat hari ini,in,0,0,1,0,345,0,1_root,makan bergizi gratis[Latest],,positif,2,https://x.com/transmedsos/status/2093648413657383011
2093631187659190368,2026-08-29 09:25:47,saintladyo,۫Vario,1129,Program seperti Makan Bergizi Gratis jadi pondasi penting #KinerjaPrabowo dalam membangun SDM unggul https://t.co/wt7HWmHL6V,program seperti makan bergizi gratis jadi pondasi penting kinerjaprabowo dalam membangun sdm unggul,in,0,0,0,0,30,0,1_root,makan bergizi gratis[Latest],,positif,2,https://x.com/saintladyo/status/2093631187659190368
2093625329290277314,2026-08-29 09:02:30,fa7105266,Haris Fadillah,109,Program Makan Bergizi Gratis udah jangkau 62 juta penerima! Evaluasi terus berjalan biar kualitas dapur makin maksimal. #jagaindonesia #makanbergizigratis #mbg #anakbangsa https://t.co/51buxzol9M,program makan bergizi gratis udah jangkau 62 juta penerima evaluasi terus berjalan biar kualitas dapur makin maksimal jagaindonesia makanbergizigratis mbg anakbangsa,in,0,0,0,0,37,0,1_root,makan bergizi gratis[Latest],,positif,2,https://x.com/fa7105266/status/2093625329290277314
2093617209595842685,2026-08-29 08:30:14,lhgwsp,ASBUN,5018,"@achmadfahrizal_ wkwk ini mah bukan makan bergizi gratis, tapi makan bergizi buat orang yang masih punya saldo 😭",wkwk ini mah bukan makan bergizi gratis tapi makan bergizi buat orang yang masih punya saldo,in,0,0,0,0,14,0,1_root,makan bergizi gratis[Latest],,positif,3,https://x.com/lhgwsp/status/2093617209595842685
2093614880637202666,2026-08-29 08:20:59,gebianne,Gabbriela,584,"Fakta mengejutkan dari Nagekeo, NTT! Program Makan Bergizi Gratis bantu kurangi beban ekonomi keluarga, sehingga angka KDRT ikut menurun drastis. #jagaindonesia #MBG #NTT https://t.co/uqtVEM4Aqg",fakta mengejutkan dari nagekeo ntt program makan bergizi gratis bantu kurangi beban ekonomi keluarga sehingga angka kdrt ikut menurun drastis jagaindonesia mbg ntt,in,0,0,0,0,38,0,1_root,makan bergizi gratis[Latest],,positif,2,https://x.com/gebianne/status/2093614880637202666
2093614229043748962,2026-08-29 08:18:24,Marsheillaster,Sheila,312,Lebih dari 62 juta orang rasakan manfaat Makan Bergizi Gratis. Presiden Prabowo pastikan program terus dievaluasi demi perbaiki kekurangan. #jagaindonesia #MakanBergiziGratis #Prabowo https://t.co/ERlaHOYKmB,lebih dari 62 juta orang rasakan manfaat makan bergizi gratis presiden prabowo pastikan program terus dievaluasi demi perbaiki kekurangan jagaindonesia makanbergizigratis prabowo,in,0,0,0,0,35,0,1_root,makan bergizi gratis[Latest],,positif,2,https://x.com/Marsheillaster/status/2093614229043748962
2093610487967896016,2026-08-29 08:03:32,felycyaan,felyyy,52,"Dampak positif yang tak terduga dari program Makan Bergizi Gratis (MBG)! Diketahui angka kasus kekerasan dalam rumah tangga (KDRT) di Nagekeo diklaim mengalami penurunan seiring berjalan-jalannya program ini.
#jagaindonesia #makanbergizigratis #infokesehatan #kabarterkini https://t.co/v2cxKMexM3",dampak positif yang tak terduga dari program makan bergizi gratis mbg diketahui angka kasus kekerasan dalam rumah tangga kdrt di nagekeo diklaim mengalami penurunan seiring berjalan jalannya program ini jagaindonesia makanbergizigratis infokesehatan kabarterkini,in,0,0,0,0,46,0,1_root,makan bergizi gratis[Latest],,positif,3,https://x.com/felycyaan/status/2093610487967896016
2093609606841025002,2026-08-29 08:00:02,leonwirawan_,Leon Jason Wirawan,102,"Lebih dari 62 juta penerima telah merasakan manfaat Program Makan Bergizi Gratis. Mari terus dukung dan perbaiki demi generasi masa depan!
#jagaindonesia #MakanBergiziGratis #InfoTerkini #GenerasiSehat #BeritaViral https://t.co/vB4vjDnuhq",lebih dari 62 juta penerima telah merasakan manfaat program makan bergizi gratis mari terus dukung dan perbaiki demi generasi masa depan jagaindonesia makanbergizigratis infoterkini generasisehat beritaviral,in,0,0,0,0,31,0,1_root,makan bergizi gratis[Latest],,positif,3,https://x.com/leonwirawan_/status/2093609606841025002
2093609604995256359,2026-08-29 08:00:01,adeevahsn,Adeeva Hasna,88,"Program Makan Bergizi Gratis di Nagekeo ternyata bantu kurangi KDRT dan buka lapangan kerja baru bagi warga lokal. keren banget ya!
#jagaindonesia #MakanBergiziGratis #InfoTerkini #MBG #gizianakindonesia https://t.co/mVyQSQT5xG",program makan bergizi gratis di nagekeo ternyata bantu kurangi kdrt dan buka lapangan kerja baru bagi warga lokal keren banget ya jagaindonesia makanbergizigratis infoterkini mbg gizianakindonesia,in,0,0,0,0,36,0,1_root,makan bergizi gratis[Latest],,positif,3,https://x.com/adeevahsn/status/2093609604995256359
2093600369691820209,2026-08-29 07:23:20,Swa_sembada_,Kakanda,87,Pemerintah terus memperketat pengawasan mutu program Makan Bergizi Gratis (MBG) demi menjamin kualitas dan keamanan pangan anak-anak penerima manfaat. Langkah tegas diambil dengan menutup permanen 455 SPPG yang dinilai tidak memenuhi standar higienis dan nutrisi yang ditetapkan. https://t.co/YbYHJMRqYK,pemerintah terus memperketat pengawasan mutu program makan bergizi gratis mbg demi menjamin kualitas dan keamanan pangan anak anak penerima manfaat langkah tegas diambil dengan menutup permanen 455 sppg yang dinilai tidak memenuhi standar higienis dan nutrisi yang ditetapkan,in,1,0,1,0,31,0,1_root,makan bergizi gratis[Latest],,positif,4,https://x.com/Swa_sembada_/status/2093600369691820209
2093594949136875953,2026-08-29 07:01:47,buluslg,"♡BLG♡ Finance, AI, IHSG.",6137,"Berikut Anggaran yang akan digunakan BGN dalam pelaksanaan MBG tahun 2027.. sisa 4 bulan lagi..
Kepala Badan Gizi Nasional (BGN) Sudaryono menyebut pagu anggaran Makan Bergizi Gratis (MBG) 2026 hasil penyisiran yakni Rp229 triliun. Realisasinya pun berdasarkan data terbaru sudah mencapai Rp117 triliun. 

Untuk diketahui, pagu anggaran program MBG pada APBN 2026 awalnya ditetapkan sebesar Rp335 triliun. Kemudian, efisiensi dilakukan sejalan dengan pengurangan operasional hari penyaluran MBG sehingga pagu turun ke Rp268 triliun.

Sudaryono lalu menyebut pagu anggaran MBG 2026 terkini adalah Rp229 triliun. Dengan demikian, pagu anggaran program prioritas Presiden Prabowo Subianto ini telah diturunkan sebesar 31,6%. 

""Jadi dari Rp268 triliun itu kemudian kami sisir, kami efisiensi menjadi Rp229 triliun. Dari Rp229 triliun itu, terpakailah Rp117 triliun,"" ujarnya kepada wartawan usai bertemu dengan Menteri Keuangan Purbaya Yudhi Sadewa di kantor Kementerian Keuangan, Jakarta, Jumat (28/8/2026).
Bagaimana menurut anda? apakah ngak sebaikknya dana MBG untuk melakukan pemadaman Karhutla?",berikut anggaran yang akan digunakan bgn dalam pelaksanaan mbg tahun 2027 sisa 4 bulan lagi kepala badan gizi nasional bgn sudaryono menyebut pagu anggaran makan bergizi gratis mbg 2026 hasil penyisiran yakni rp229 triliun realisasinya pun berdasarkan data terbaru sudah mencapai rp117 triliun untuk diketahui pagu anggaran program mbg pada apbn 2026 awalnya ditetapkan sebesar rp335 triliun kemudian efisiensi dilakukan sejalan dengan pengurangan operasional hari penyaluran mbg sehingga pagu turun ke rp268 triliun sudaryono lalu menyebut pagu anggaran mbg 2026 terkini adalah rp229 triliun dengan demikian pagu anggaran program prioritas presiden prabowo subianto ini telah diturunkan sebesar 31 6 jadi dari rp268 triliun itu kemudian kami sisir kami efisiensi menjadi rp229 triliun dari rp229 triliun itu terpakailah rp117 triliun ujarnya kepada wartawan usai bertemu dengan menteri keuangan purbaya yudhi sadewa di kantor kementerian keuangan jakarta jumat 28 8 2026 bagaimana menurut anda apakah ngak sebaikknya dana mbg untuk melakukan pemadaman karhutla,in,0,0,0,0,73,0,1_root,makan bergizi gratis[Latest],,positif,2,https://x.com/buluslg/status/2093594949136875953
2093592902475952156,2026-08-29 06:53:39,HumasReceh,Humas Receh,92,"@bangherwin Kerja Nyata Presiden Prabowo jelas dirasakan lewat program Makan Bergizi Gratis untuk 20+ juta warga dan Sekolah Rakyat. Mari nilai #KinerjaPrabowo secara objektif demi menjaga persatuan bangsa.

Dirumah #BerdayaSaingGlobal RUU Perampasan Aset https://t.co/DYKiCsawee",kerja nyata presiden prabowo jelas dirasakan lewat program makan bergizi gratis untuk 20 juta warga dan sekolah rakyat mari nilai kinerjaprabowo secara objektif demi menjaga persatuan bangsa dirumah berdayasaingglobal ruu perampasan aset,in,123,133,29,0,66947,0,1_root,makan bergizi gratis[Latest],,positif,2,https://x.com/HumasReceh/status/2093592902475952156
2093591291129131509,2026-08-29 06:47:15,aan_muba,𝔸𝔸ℕ,15771,"Program makan bergizi gratis
Isinya: Siomay, telur, kacang 3 biji, susu expired 2021

Anggarannya triliunan.
Hasilnya: Mau bikin anak2 masuk RS.

Hebat. Efisien.
Efisien ngabisin anggaran + efisien ngabisin kesehatan anak.
 https://t.co/DgVcOfg12L",program makan bergizi gratis isinya siomay telur kacang 3 biji susu expired 2021 anggarannya triliunan hasilnya mau bikin anak2 masuk rs hebat efisien efisien ngabisin anggaran efisien ngabisin kesehatan anak,in,18,12,4,0,462,0,1_root,makan bergizi gratis[Latest],,positif,6,https://x.com/aan_muba/status/2093591291129131509
2093590047773831561,2026-08-29 06:42:19,BantalKecil_,Milk tea,626,"Elio is angel 🥰 
 
Akun: Gratis Makan Siang 🍚
 
Selamat datang @Lü Sitong, menjadi Juru Bicara Amal Gratis Makan Siang.
 
Dalam film, ayah menyerahkan sendok kepada anak, mewariskan semangat ""makan dengan baik"". Di dunia nyata, kami ingin meneruskan sendok ini kepada lebih banyak orang — agar setiap anak di desa terpencil bisa menikmati makan siang yang hangat di meja makan.
 
Sudah 15 tahun, 480.000 anak telah terbantu. Kami akan terus melakukannya. Terima kasih Lü Sitong, bersedia bergabung bersama kami 🙏.
 
Di tengah segala hal, makanlah dengan baik. Apakah kamu sudah makan dengan baik hari ini?
 
Klik untuk bergabung dalam donasi bulanan Gratis Makan Siang: [Tautan halaman web]

📌 Keterangan
 
- 免费午餐 / Gratis Makan Siang = lembaga amal Tiongkok yang menyediakan makan siang bergizi untuk anak sekolah di daerah pedesaan miskin
- 接过勺子 / Menerima sendok = simbol mewarisi misi dan semangat kegiatan amal
- 好好吃饭 / Makan dengan baik = pesan inti: makan cukup dan bergizi, juga ungkapan peduli kesehatan orang lain",elio is angel akun gratis makan siang selamat datang sitong menjadi juru bicara amal gratis makan siang dalam film ayah menyerahkan sendok kepada anak mewariskan semangat makan dengan baik di dunia nyata kami ingin meneruskan sendok ini kepada lebih banyak orang agar setiap anak di desa terpencil bisa menikmati makan siang yang hangat di meja makan sudah 15 tahun 480 000 anak telah terbantu kami akan terus melakukannya terima kasih lü sitong bersedia bergabung bersama kami di tengah segala hal makanlah dengan baik apakah kamu sudah makan dengan baik hari ini klik untuk bergabung dalam donasi bulanan gratis makan siang tautan halaman web keterangan 免费午餐 gratis makan siang lembaga amal tiongkok yang menyediakan makan siang bergizi untuk anak sekolah di daerah pedesaan miskin 接过勺子 menerima sendok simbol mewarisi misi dan semangat kegiatan amal 好好吃饭 makan dengan baik pesan inti makan cukup dan bergizi juga ungkapan peduli kesehatan orang lain,in,51,3,0,0,808,0,1_root,makan bergizi gratis[Latest],,positif,12,https://x.com/BantalKecil_/status/2093590047773831561
2093588331997335954,2026-08-29 06:35:29,TVRI_Jambi,TVRI Jambi,1032,"(Sabtu, 29 Agustus 2026)

Program Makan Bergizi Gratis (MBG) di SMP Negeri 3 Muara Bungo tetap berjalan meski pembelajaran tatap muka ditiadakan akibat kabut asap. Pengambilan MBG dilakukan oleh orang tua atau wali murid untuk dibawa pulang.

#TVRIJambi #Bungo #MBG #KabutAsap https://t.co/NTzN9vwOW4",sabtu 29 agustus 2026 program makan bergizi gratis mbg di smp negeri 3 muara bungo tetap berjalan meski pembelajaran tatap muka ditiadakan akibat kabut asap pengambilan mbg dilakukan oleh orang tua atau wali murid untuk dibawa pulang tvrijambi bungo mbg kabutasap,in,1,0,0,0,180,0,1_root,makan bergizi gratis[Latest],,positif,2,https://x.com/TVRI_Jambi/status/2093588331997335954
2093586629927809400,2026-08-29 06:28:44,gebianne,Gabbriela,584,Program Makan Bergizi Gratis (MBG) di Nagekeo NTT diklaim mampu menekan angka KDRT. #jagaindonesia #MBG #Nagekeo https://t.co/spUzB38Dfb,program makan bergizi gratis mbg di nagekeo ntt diklaim mampu menekan angka kdrt jagaindonesia mbg nagekeo,in,0,0,0,0,27,0,1_root,makan bergizi gratis[Latest],,positif,2,https://x.com/gebianne/status/2093586629927809400
2093585262710497655,2026-08-29 06:23:18,SeputarPrabowo,Seputar Prabowo,598,"Presiden Prabowo menerima laporan langsung dari Bupati Nagekeo mengenai implementasi Program Makan Bergizi Gratis (MBG) di Kabupaten Nagekeo, NTT. https://t.co/dqC0RES67J",presiden prabowo menerima laporan langsung dari bupati nagekeo mengenai implementasi program makan bergizi gratis mbg di kabupaten nagekeo ntt,in,0,0,0,0,343,0,1_root,makan bergizi gratis[Latest],,positif,2,https://x.com/SeputarPrabowo/status/2093585262710497655
2093584521656758304,2026-08-29 06:20:21,Syaapratama,Rasya Pratama,534,@albanidav ini buktinya orang indo lebih membutuhkan Pendidikan Gratis dibandingkan dengan Makan Bergizi Gratis pak @prabowo. MINUS LITERASI SEMUA,ini buktinya orang indo lebih membutuhkan pendidikan gratis dibandingkan dengan makan bergizi gratis pak minus literasi semua,in,0,0,1,0,372,0,1_root,makan bergizi gratis[Latest],,positif,3,https://x.com/Syaapratama/status/2093584521656758304
2093582199169954139,2026-08-29 06:11:07,qbjabcka11,qwzbiazr,10,"@165Hati A. Sejauh ini oke banget, apalagi program makan bergizi gratis. Jangan framing beliau joget jadi tanda nggak serius, itu nggak nyambung.",a sejauh ini oke banget apalagi program makan bergizi gratis jangan framing beliau joget jadi tanda nggak serius itu nggak nyambung,in,0,0,0,0,9,0,1_root,makan bergizi gratis[Latest],,positif,2,https://x.com/qbjabcka11/status/2093582199169954139
2093581198933340624,2026-08-29 06:07:09,qbjabcka11,qwzbiazr,10,"@165Hati Pilih B. Makan bergizi gratis emang langkah berani buat kualitas SDM. Soal video? Ah, hiburan doang. Fokus ke realitas aja guys.",pilih b makan bergizi gratis emang langkah berani buat kualitas sdm soal video ah hiburan doang fokus ke realitas aja guys,in,0,0,0,0,5,0,1_root,makan bergizi gratis[Latest],,positif,2,https://x.com/qbjabcka11/status/2093581198933340624
1880268345251098662,2025-01-17 14:58:01,uibaseNG,Base Anak UI,29226,kalian udah liat video d3dy c0rbuzi3r yang ngomelin keluhan anak-anak soal program makan bergizi gratis gak? ui!,kalian udah liat video d3dy c0rbuzi3r yang ngomelin keluhan anak anak soal program makan bergizi gratis gak ui,in,17,0,2,3,19052,0,1_root,makan bergizi gratis[Top],,positif,2,https://x.com/uibaseNG/status/1880268345251098662
1843567650741596241,2024-10-08 08:22:34,tempodotco,tempo.co,2533927,"Prabowo akan Anggarkan Rp 1,2 Triliun per Hari untuk Makan Bergizi Gratis https://t.co/s9TH9ekjqP",prabowo akan anggarkan rp 1 2 triliun per hari untuk makan bergizi gratis,in,2050,321,844,1659,1288680,0,1_root,makan bergizi gratis[Top],,positif,2,https://x.com/tempodotco/status/1843567650741596241
2087720801046765687,2026-08-13 02:00:01,tempodotco,tempo.co,2533927,"Program MBG dinilai menambah beban guru, dari mengawasi distribusi hingga mencicipi makanan yang berisiko mengganggu tugas mengajar.

Mengapa guru harus ikut bertanggung jawab dalam pelaksanaan MBG?
https://t.co/Hlx0LXmt4g",program mbg dinilai menambah beban guru dari mengawasi distribusi hingga mencicipi makanan yang berisiko mengganggu tugas mengajar mengapa guru harus ikut bertanggung jawab dalam pelaksanaan mbg,in,282,131,21,16,15836,0,1_root,makan bergizi gratis[Top],,netral,0,https://x.com/tempodotco/status/2087720801046765687
2001178042962497884,2025-12-17 06:30:00,tempodotco,tempo.co,2533927,"Wakil Kepala Badan Gizi Nasional Nanik Sudaryati Deyang meminta para pengemudi mobil layanan makan bergizi gratis (MBG) mengenakan kostum Power Rangers saat mendistribusikan makanan ke sekolah.

Gimana menurut kalian?🤔 https://t.co/rBLWxCKz48",wakil kepala badan gizi nasional nanik sudaryati deyang meminta para pengemudi mobil layanan makan bergizi gratis mbg mengenakan kostum power rangers saat mendistribusikan makanan ke sekolah gimana menurut kalian,in,1454,310,891,1702,1200242,0,1_root,makan bergizi gratis[Top],,positif,2,https://x.com/tempodotco/status/2001178042962497884
2073627191062229126,2026-07-05 04:37:03,berjejas,pangess,1212,"nah, sebenernya..kesimpulannya..pendidikan gratis JAUH lebih dibutuhkan ketimbang makan bergizi gratis 😔",nah sebenernya kesimpulannya pendidikan gratis jauh lebih dibutuhkan ketimbang makan bergizi gratis,in,17431,5432,32,17,215609,0,1_root,makan bergizi gratis[Top],,positif,3,https://x.com/berjejas/status/2073627191062229126
2073614381955575998,2026-07-05 03:46:09,namasayalaut,Meledak,27297,"""Sayang banget, Peraih silver medal malah join UNHAN""

Kuliah mereka gratis, dapat uang saku. Setelah lulus jadi dokter militer nggak perlu mikirin nyari kerja, terus ada beasiswa juga lanjut spesialis untuk dokter militer.

In this economy. Yg ngejar kedokteran apalagi kalangan kurang mampu dan mudblood dapat skema ini tuh impian 🙂",sayang banget peraih silver medal malah join unhan kuliah mereka gratis dapat uang saku setelah lulus jadi dokter militer nggak perlu mikirin nyari kerja terus ada beasiswa juga lanjut spesialis untuk dokter militer in this economy yg ngejar kedokteran apalagi kalangan kurang mampu dan mudblood dapat skema ini tuh impian,in,12654,1265,121,163,985501,0,1_root,makan bergizi gratis[Top],,netral,0,https://x.com/namasayalaut/status/2073614381955575998
1863485629834940725,2024-12-02 07:29:30,tempodotco,tempo.co,2533927,"Bos Bapanas Sebut Anggaran Makan Bergizi Gratis Rp10 Ribu per Anak Sudah Dikalkulasi Badan Gizi Nasional
https://t.co/1Xb0M6OAfj",bos bapanas sebut anggaran makan bergizi gratis rp10 ribu per anak sudah dikalkulasi badan gizi nasional,in,30,0,64,7,8178,0,1_root,makan bergizi gratis[Top],,positif,2,https://x.com/tempodotco/status/1863485629834940725
1914987076363452886,2025-04-23 10:17:52,tempodotco,tempo.co,2533927,"Prabowo Belum Buka Kesempatan Negara Lain Pelajari Makan Bergizi Gratis
https://t.co/zlhnOO0TT0",prabowo belum buka kesempatan negara lain pelajari makan bergizi gratis,in,3502,323,1208,1527,550181,0,1_root,makan bergizi gratis[Top],,positif,2,https://x.com/tempodotco/status/1914987076363452886
1813424765304230087,2024-07-17 04:05:30,tempodotco,tempo.co,2533927,"Menteri Koordinator Bidang Perekonomian, Airlangga Hartarto, buka suara tentang pemangkasan anggaran program makan bergizi gratis dari Rp 15.000 per anak menjadi Rp 7.500 per anak.

#TempoHeadliner https://t.co/Nn0C1GqlpI",menteri koordinator bidang perekonomian airlangga hartarto buka suara tentang pemangkasan anggaran program makan bergizi gratis dari rp 15 000 per anak menjadi rp 7 500 per anak tempoheadliner,in,2406,679,830,1628,2011569,0,1_root,makan bergizi gratis[Top],,positif,2,https://x.com/tempodotco/status/1813424765304230087
1919676005943542260,2025-05-06 08:50:00,tempodotco,tempo.co,2533927,"Prabowo Mengaku Bill Gates Tertarik dengan Makan Bergizi Gratis
https://t.co/m4wfVoq03k",prabowo mengaku bill gates tertarik dengan makan bergizi gratis,in,3229,322,890,2169,313305,0,1_root,makan bergizi gratis[Top],,positif,2,https://x.com/tempodotco/status/1919676005943542260
1880397450869166162,2025-01-17 23:31:03,uibaseNG,Base Anak UI,29226,"sejujurnya gua kesel banget dengernya, dia mengivalidasi kritik ke program makan bergizi gratis dengan bawa-bawa case anaknya yang fine aja untuk makan nasi box di lokasi shooting. gak apple-to-apple sih. ui! https://t.co/8xoVeNwVjr",sejujurnya gua kesel banget dengernya dia mengivalidasi kritik ke program makan bergizi gratis dengan bawa bawa case anaknya yang fine aja untuk makan nasi box di lokasi shooting gak apple to apple sih ui,in,110,0,2,4,7238,0,1_root,makan bergizi gratis[Top],,positif,2,https://x.com/uibaseNG/status/1880397450869166162
2063985428680872172,2026-06-08 14:04:07,tempodotco,tempo.co,2533927,"Sejumlah SPPG berencana menutup dapur makan bergizi gratis. Pencairan dana dari BGN bertahap.

#TempoPlus
https://t.co/31YfXWyxfb",sejumlah sppg berencana menutup dapur makan bergizi gratis pencairan dana dari bgn bertahap tempoplus,in,1663,280,118,85,110724,0,1_root,makan bergizi gratis[Top],,positif,2,https://x.com/tempodotco/status/2063985428680872172
1919638486786965697,2025-05-06 06:20:55,tempodotco,tempo.co,2533927,"Presiden Prabowo Subianto menduga kasus keracunan makan bergizi gratis karena siswa tidak menggunakan sendok ketika menyantap kudapan yang diberikan. 

Selain itu, anak itu diduga belum cuci tangan dengan bersih.

#TempoHeadliner https://t.co/42PyRpYz2i",presiden prabowo subianto menduga kasus keracunan makan bergizi gratis karena siswa tidak menggunakan sendok ketika menyantap kudapan yang diberikan selain itu anak itu diduga belum cuci tangan dengan bersih tempoheadliner,in,1551,369,434,599,344233,0,1_root,makan bergizi gratis[Top],,positif,2,https://x.com/tempodotco/status/1919638486786965697
1876257509205577986,2025-01-06 13:20:24,PaltiWest,Bang #Nalar ☕️,12840,"Yang ini lebih kasihan lagi.. Malah trauma jadinya..

Makan Bergizi Gratis kok malah jatuhin mental anak-anak!!! https://t.co/9WxV7B9Hps",yang ini lebih kasihan lagi malah trauma jadinya makan bergizi gratis kok malah jatuhin mental anak anak,in,29854,6310,1496,2175,3333009,0,1_root,makan bergizi gratis[Top],,positif,2,https://x.com/PaltiWest/status/1876257509205577986
1876172762559242292,2025-01-06 07:43:38,PaltiWest,Bang #Nalar ☕️,12840,"Anak-anak itu kalau ngomong jujur ga kayak buzzer dan jubir PCO2an..

Krisna kamu kalau besar pasti jadi anak hebat dan pemberani..🔥🔥🔥

""Rasanya Aneh, kulitnya itu sangat keras bikin ga nafsu makan"" https://t.co/UnaDixamiP",anak anak itu kalau ngomong jujur ga kayak buzzer dan jubir pco2an krisna kamu kalau besar pasti jadi anak hebat dan pemberani rasanya aneh kulitnya itu sangat keras bikin ga nafsu makan,in,12246,2760,184,298,3608557,0,1_root,makan bergizi gratis[Top],,positif,1,https://x.com/PaltiWest/status/1876172762559242292
1893301011525075427,2025-02-22 14:05:11,cobeh2022,Agus Susanto IV,29979,"Yang Dapat
Makan Bergizi Gratis
Cuma Dua Anak........
😢😢😢😢😢😢 https://t.co/lQkRgZb5jC",yang dapat makan bergizi gratis cuma dua anak,in,96373,19663,558,919,1573561,0,1_root,makan bergizi gratis[Top],,positif,2,https://x.com/cobeh2022/status/1893301011525075427
2042463087203344565,2026-04-10 04:42:01,tempodotco,tempo.co,2533927,"Badan Gizi Nasional membeli 21 ribu sepeda motor listrik untuk operasional kepala dapur makan bergizi gratis. Pengadaan itu baru diketahui setelah viral di media sosial.

#TempoPlus https://t.co/sNKRCFlni9",badan gizi nasional membeli 21 ribu sepeda motor listrik untuk operasional kepala dapur makan bergizi gratis pengadaan itu baru diketahui setelah viral di media sosial tempoplus,in,6565,3209,142,131,214698,0,1_root,makan bergizi gratis[Top],,positif,2,https://x.com/tempodotco/status/2042463087203344565
2089174121837961245,2026-08-17 02:15:00,tempodotco,tempo.co,2533927,"Presiden Prabowo Subianto menyampaikan sejumlah klaim keberhasilan dalam pidato kenegaraan belum lama ini. 

Ia mengklaim pemerintah telah merevitalisasi 71.744 sekolah—kanon perbaikan terbesar dalam sejarah Indonesia, menciptakan jutaan lapangan kerja, hingga meningkatkan pendapatan pengemudi ojek online. 

Program unggulan Prabowo, seperti makan bergizi gratis dan Koperasi Desa Merah Putih, juga diklaim telah memberikan manfaat bagi orang banyak.  

Tapi data di lapangan menunjukkan angka berbeda. Kok bisa?

Berkala pagi membahasnya di https://t.co/MR22quvEVO

#TempoPlus",presiden prabowo subianto menyampaikan sejumlah klaim keberhasilan dalam pidato kenegaraan belum lama ini ia mengklaim pemerintah telah merevitalisasi 71 744 sekolah kanon perbaikan terbesar dalam sejarah indonesia menciptakan jutaan lapangan kerja hingga meningkatkan pendapatan pengemudi ojek online program unggulan prabowo seperti makan bergizi gratis dan koperasi desa merah putih juga diklaim telah memberikan manfaat bagi orang banyak tapi data di lapangan menunjukkan angka berbeda kok bisa berkala pagi membahasnya di tempoplus,in,568,174,24,9,37127,0,1_root,makan bergizi gratis[Top],,positif,2,https://x.com/tempodotco/status/2089174121837961245
1852110957021216973,2024-10-31 22:10:37,tempodotco,tempo.co,2533933,"Badan Gizi Nasional Sebut Uji Coba Makan Bergizi Gratis Rp 900 Juta per Bulan, Dibiayai Hamba Allah https://t.co/GaIkkwur0e #TempoBisnis",badan gizi nasional sebut uji coba makan bergizi gratis rp 900 juta per bulan dibiayai hamba allah tempobisnis,in,773,223,383,1048,1474323,0,1_root,makan bergizi gratis[Top],,positif,2,https://x.com/tempodotco/status/1852110957021216973
2077724943035330855,2026-07-16 12:00:03,tempodotco,tempo.co,2533933,"Kejaksaan Agung menghentikan pendataan dugaan korupsi makan bergizi gratis (MBG). Mengapa janggal?

#TempoPlus https://t.co/TJQhtXDBw2",kejaksaan agung menghentikan pendataan dugaan korupsi makan bergizi gratis mbg mengapa janggal tempoplus,in,568,204,39,9,16795,0,1_root,makan bergizi gratis[Top],,positif,1,https://x.com/tempodotco/status/2077724943035330855
2030886700592054432,2026-03-09 06:01:36,flllowiee,arawr,12633,"Sebelum dollar nyentuh 17k ada yang nawarin pendidikan dan internet gratis dan kita malah milih makan bergizi gratis, itupun makanannya dominan ga bergizi serta banyak yang keracunan.",sebelum dollar nyentuh 17k ada yang nawarin pendidikan dan internet gratis dan kita malah milih makan bergizi gratis itupun makanannya dominan ga bergizi serta banyak yang keracunan,in,40497,14784,304,391,497628,0,1_root,makan bergizi gratis[Top],,positif,3,https://x.com/flllowiee/status/2030886700592054432
1879495814571348342,2025-01-15 11:48:16,tempodotco,tempo.co,2533933,"Luhut ke Pengkritik Makan Bergizi Gratis: Sok Tau, Jadi Pejabat Pasti Maling Juga
https://t.co/W0aHaXdAB7",luhut ke pengkritik makan bergizi gratis sok tau jadi pejabat pasti maling juga,in,11308,2665,4498,5763,2346387,0,1_root,makan bergizi gratis[Top],,positif,2,https://x.com/tempodotco/status/1879495814571348342
1876598223361671557,2025-01-07 11:54:16,tempodotco,tempo.co,2533933,"#TempoThread

👧: Sudah pukul 09.00 bu, sudah saatnya makan bergizi gratis.

👩: Sabar ya anak-anak makanannya belum sampai..

👧: Loh, kok gitu bu?

A Thread https://t.co/YKWGjzDJc9",tempothread sudah pukul 09 00 bu sudah saatnya makan bergizi gratis sabar ya anak anak makanannya belum sampai loh kok gitu bu a thread,in,29599,7207,600,794,2522439,0,1_root,makan bergizi gratis[Top],,positif,2,https://x.com/tempodotco/status/1876598223361671557
1880105264474636481,2025-01-17 04:10:00,tempodotco,tempo.co,2533933,"Ketua DPD Usul Pembiayaan Makan Bergizi Gratis Menggunakan Dana Sitaan Korupsi
https://t.co/d1DsMZ8APZ",ketua dpd usul pembiayaan makan bergizi gratis menggunakan dana sitaan korupsi,in,1819,180,216,149,67871,0,1_root,makan bergizi gratis[Top],,positif,1,https://x.com/tempodotco/status/1880105264474636481
2082982270957400523,2026-07-31 00:10:47,tempodotco,tempo.co,2533933,"Mahkamah Konstitusi mengabulkan sebagian gugatan terhadap Undang-Undang APBN 2026. Putusan itu seolah-olah membawa angin segar karena menyatakan Makan Bergizi Gratis bukan bagian dari komponen operasional pendidikan. 

#TempoPlus https://t.co/AQt7jDXhzM",mahkamah konstitusi mengabulkan sebagian gugatan terhadap undang undang apbn 2026 putusan itu seolah olah membawa angin segar karena menyatakan makan bergizi gratis bukan bagian dari komponen operasional pendidikan tempoplus,in,331,103,17,9,18381,0,1_root,makan bergizi gratis[Top],,positif,3,https://x.com/tempodotco/status/2082982270957400523
2010715973024944405,2026-01-12 14:10:19,tempodotco,tempo.co,2533933,"Dinas Kesehatan Kabupaten Grobogan, Jawa Tengah, melaporkan sebanyak 658 orang diduga mengalami keracunan setelah menyantap menu makan bergizi gratis. Para korban berasal dari sejumlah sekolah dan satuan pendidikan di Kecamatan Gubug.

#tempodotco #TUpdate #MBG https://t.co/U4RK11UyJl",dinas kesehatan kabupaten grobogan jawa tengah melaporkan sebanyak 658 orang diduga mengalami keracunan setelah menyantap menu makan bergizi gratis para korban berasal dari sejumlah sekolah dan satuan pendidikan di kecamatan gubug tempodotco tupdate mbg,in,3611,1708,287,150,79944,0,1_root,makan bergizi gratis[Top],,positif,1,https://x.com/tempodotco/status/2010715973024944405
1970775217908633972,2025-09-24 09:00:01,tempodotco,tempo.co,2533933,Perawatan Korban Keracunan Makan Bergizi Gratis di Cipongkor https://t.co/lryP6sf2hv,perawatan korban keracunan makan bergizi gratis di cipongkor,in,3268,1279,118,194,150134,0,1_root,makan bergizi gratis[Top],,positif,1,https://x.com/tempodotco/status/1970775217908633972
1968608435408118216,2025-09-18 09:30:00,tempodotco,tempo.co,2533933,"Rentetan Kasus Keracunan di Program Makan Bergizi Gratis
https://t.co/HU6prfQ5Bf",rentetan kasus keracunan di program makan bergizi gratis,in,2479,1299,62,140,868538,0,1_root,makan bergizi gratis[Top],,positif,1,https://x.com/tempodotco/status/1968608435408118216
2044362599517802708,2026-04-15 10:30:00,tempodotco,tempo.co,2533933,Kepala Badan Gizi Nasional Dadan Hindayana mengatakan anggaran yang dibutuhkan untuk program makan bergizi gratis (MBG) di Kabupaten Bogor mencapai Rp 1 triliun per bulan. https://t.co/6UQIL1c5s9,kepala badan gizi nasional dadan hindayana mengatakan anggaran yang dibutuhkan untuk program makan bergizi gratis mbg di kabupaten bogor mencapai rp 1 triliun per bulan,in,749,216,129,73,58025,0,1_root,makan bergizi gratis[Top],,positif,2,https://x.com/tempodotco/status/2044362599517802708
2042158827815235763,2026-04-09 08:33:00,oxfara,Shela ‘Oxfara’ Sundawa,98439,"Judul programnya makan bergizi gratis, anggaran buat beli motor 42 juta sebanyak 31.000!!! Giliran buat anggaran makanan anak2nya malah cuman 10.000 / anak. Dimana logikanya?",judul programnya makan bergizi gratis anggaran buat beli motor 42 juta sebanyak 31 000 giliran buat anggaran makanan anak2nya malah cuman 10 000 anak dimana logikanya,in,26066,12197,470,228,440542,0,1_root,makan bergizi gratis[Top],,positif,2,https://x.com/oxfara/status/2042158827815235763
1881977601486422477,2025-01-22 08:10:00,tempodotco,tempo.co,2533933,"Curhat Ibu Kantin: Mulai Dagang Nasi sejak 1983, Berhenti karena Makan Bergizi Gratis
https://t.co/mLt8ZnLc57",curhat ibu kantin mulai dagang nasi sejak 1983 berhenti karena makan bergizi gratis,in,13878,2033,301,407,884488,0,1_root,makan bergizi gratis[Top],,positif,2,https://x.com/tempodotco/status/1881977601486422477
1905198209020174372,2025-03-27 10:00:24,tempodotco,tempo.co,2533933,"Tata belum pernah mendapatkan gajinya sejak bekerja menjadi staf di Satuan Pelayanan Pemenuhan Gizi (SPPG), dapur umum program makan bergizi gratis.

Tata, namanya disamarkan, bekerja di salah satu SPPG yang ada di Jawa Tengah. 

#tempodotco https://t.co/3S50DNKARH",tata belum pernah mendapatkan gajinya sejak bekerja menjadi staf di satuan pelayanan pemenuhan gizi sppg dapur umum program makan bergizi gratis tata namanya disamarkan bekerja di salah satu sppg yang ada di jawa tengah tempodotco,in,2101,1078,30,99,58213,0,1_root,makan bergizi gratis[Top],,positif,1,https://x.com/tempodotco/status/1905198209020174372
1880155596277923881,2025-01-17 07:30:00,tempodotco,tempo.co,2533933,"Anggota DPR Usul Dana Makan Bergizi Gratis Diambil dari Cukai Rokok
https://t.co/NJgOoA2WvZ",anggota dpr usul dana makan bergizi gratis diambil dari cukai rokok,in,1509,172,373,235,131944,0,1_root,makan bergizi gratis[Top],,positif,2,https://x.com/tempodotco/status/1880155596277923881
1919678522353975321,2025-05-06 09:00:00,tempodotco,tempo.co,2533933,"Prabowo: Bill Gates Akan Dukung Program Makan Bergizi Gratis
https://t.co/TUYYTU1f1L",prabowo bill gates akan dukung program makan bergizi gratis,in,143,22,133,51,26459,0,1_root,makan bergizi gratis[Top],,positif,3,https://x.com/tempodotco/status/1919678522353975321
2090350077441417290,2026-08-20 08:07:49,Jakartalk,jakartalk,41657,"&gt; Makan Bergizi Gratis, makan adalah hal yg mulia, orang jahat makan, malaikat juga makan.
&gt; Orang yg menolak makan adalah orang yg menginginkan kematian.
&gt; Yang memberi makan siapa? Bapaknya kepada anaknya. Siapa bapaknya? Negara Republik Indonesia, Prabowo Subianto. https://t.co/pE5yY0Smem",gt makan bergizi gratis makan adalah hal yg mulia orang jahat makan malaikat juga makan gt orang yg menolak makan adalah orang yg menginginkan kematian gt yang memberi makan siapa bapaknya kepada anaknya siapa bapaknya negara republik indonesia prabowo subianto,in,486,124,469,330,69040,0,1_root,makan bergizi gratis[Top],,positif,1,https://x.com/Jakartalk/status/2090350077441417290
1912839980176814311,2025-04-17 12:06:04,tempodotco,tempo.co,2533933,"Sengkarut dapur makan bergizi gratis di Jakarta Selatan jadi bukti bahwa program besar butuh perencanaan matang, bukan sekadar gebrakan.

Bagaimana Badan Gizi Nasional akan membenahi kekacauan ini?🤷‍♀️

#TempoThread https://t.co/9JRkZIHk9Q",sengkarut dapur makan bergizi gratis di jakarta selatan jadi bukti bahwa program besar butuh perencanaan matang bukan sekadar gebrakan bagaimana badan gizi nasional akan membenahi kekacauan ini tempothread,in,9335,3343,105,184,847489,0,1_root,makan bergizi gratis[Top],,positif,2,https://x.com/tempodotco/status/1912839980176814311
2074840931166228903,2026-07-08 13:00:01,tempodotco,tempo.co,2533933,"Ratusan orang yang mengatasnamakan Presidium Relawan dan Simpatisan Pendukung Makan Bergizi Gratis (MBG) berdemonstrasi di kawasan Patung Kuda, Jalan Merdeka Selatan, Jakarta Pusat. https://t.co/u42Gkps27V",ratusan orang yang mengatasnamakan presidium relawan dan simpatisan pendukung makan bergizi gratis mbg berdemonstrasi di kawasan patung kuda jalan merdeka selatan jakarta pusat,in,255,57,114,22,38268,0,1_root,makan bergizi gratis[Top],,positif,2,https://x.com/tempodotco/status/2074840931166228903
2025450480688894242,2026-02-22 06:00:00,tempodotco,tempo.co,2533933,"Telur Mahal Gara-gara MBG?

Harga telur ayam di sejumlah daerah terus meroket. Salah satu dugaan penyebabnya adalah kekurangan pasokan karena telur terserap oleh proyek makan bergizi gratis. Pemerintah pun menggencarkan program baru bernama hilirisasi ayam

Simak selengkapnya di program Jelasin Dong! Setiap Sabtu, pukul 14.00 WIB di Youtube Tempodotco dan Spotify Jelasin Dong!

#JelasinDong #Tempodotco",telur mahal gara gara mbg harga telur ayam di sejumlah daerah terus meroket salah satu dugaan penyebabnya adalah kekurangan pasokan karena telur terserap oleh proyek makan bergizi gratis pemerintah pun menggencarkan program baru bernama hilirisasi ayam simak selengkapnya di program jelasin dong setiap sabtu pukul 14 00 wib di youtube tempodotco dan spotify jelasin dong jelasindong tempodotco,in,510,136,46,64,94307,0,1_root,makan bergizi gratis[Top],,positif,1,https://x.com/tempodotco/status/2025450480688894242
2072881799169261807,2026-07-03 03:15:07,tempodotco,tempo.co,2533933,"Penyidikan Kasus Korupsi MBG Pilihan Istana

Presiden Prabowo Subianto memerintahkan Kejaksaan Agung menangani kasus korupsi program Makan Bergizi Gratis. KPK sudah mulai sejak tahun lalu.

#TukangKupasPerkara #Tempodotco https://t.co/QrfGZRyeKx",penyidikan kasus korupsi mbg pilihan istana presiden prabowo subianto memerintahkan kejaksaan agung menangani kasus korupsi program makan bergizi gratis kpk sudah mulai sejak tahun lalu tukangkupasperkara tempodotco,in,287,82,43,4,19341,0,1_root,makan bergizi gratis[Top],,netral,0,https://x.com/tempodotco/status/2072881799169261807
2074455890627813882,2026-07-07 11:30:00,tempodotco,tempo.co,2533933,"Proyek makan bergizi gratis terbukti gagal. Mengerahkan tentara dan polisi menyebabkan kualitas demokrasi makin mundur.

#TempoPlus #Kolom 
https://t.co/oMqFGQSsQ7",proyek makan bergizi gratis terbukti gagal mengerahkan tentara dan polisi menyebabkan kualitas demokrasi makin mundur tempoplus kolom,in,310,152,28,2,9982,0,1_root,makan bergizi gratis[Top],,positif,1,https://x.com/tempodotco/status/2074455890627813882
1815680141089185969,2024-07-23 09:27:33,tempodotco,tempo.co,2533933,"Gibran Pamer Menu Makan Bergizi Gratis Harga Rp 14.900: Sudah Termasuk Ayam, Nasi, Sayur, Buah, Susu https://t.co/tQIyVWwmIi #TempoBisnis",gibran pamer menu makan bergizi gratis harga rp 14 900 sudah termasuk ayam nasi sayur buah susu tempobisnis,in,402,48,407,121,661751,0,1_root,makan bergizi gratis[Top],,positif,2,https://x.com/tempodotco/status/1815680141089185969
2067096376740384769,2026-06-17 04:05:55,tempodotco,tempo.co,2533933,"Perhimpunan Pendidikan dan Guru atau P2G menyatakan, pelaksanaan proyek makan bergizi gratis (MBG) telah memberikan dampak negatif bagi keberlangsungan karier maupun kesejahteraan guru di setiap golongan. https://t.co/l2sCHCC67u",perhimpunan pendidikan dan guru atau p2g menyatakan pelaksanaan proyek makan bergizi gratis mbg telah memberikan dampak negatif bagi keberlangsungan karier maupun kesejahteraan guru di setiap golongan,in,6561,3477,71,41,82062,0,1_root,makan bergizi gratis[Top],,positif,2,https://x.com/tempodotco/status/2067096376740384769
1876598267007631698,2025-01-07 11:54:27,tempodotco,tempo.co,2533933,"Tapi, bukan cuma itu masalahnya, sebelumnya waktu simulasi, murid-murid itu diminta ambil sendiri makanan dari mobil.

Tapi karena makanannya banyak banget, dan prosesnya lama, akhirnya sekolah ngambil keputusan buat guru yang ambilin makanan, terus dibagiin langsung ke kelas.",tapi bukan cuma itu masalahnya sebelumnya waktu simulasi murid murid itu diminta ambil sendiri makanan dari mobil tapi karena makanannya banyak banget dan prosesnya lama akhirnya sekolah ngambil keputusan buat guru yang ambilin makanan terus dibagiin langsung ke kelas,in,628,26,1,12,133385,0,1_root,makan bergizi gratis[Top],,netral,0,https://x.com/tempodotco/status/1876598267007631698
1876598283503804893,2025-01-07 11:54:30,tempodotco,tempo.co,2533933,"Dan yang lebih bikin kaget lagi, ternyata pelaksanaan makan bergizi gratis ini di sekolah nggak ada petunjuk teknis atau SOP yang jelas loh!

Semua berdasarkan simulasi aja. Bisa dibayangin dong gimana bingungnya pihak sekolah. https://t.co/6knDiHuWdp",dan yang lebih bikin kaget lagi ternyata pelaksanaan makan bergizi gratis ini di sekolah nggak ada petunjuk teknis atau sop yang jelas loh semua berdasarkan simulasi aja bisa dibayangin dong gimana bingungnya pihak sekolah,in,1570,144,10,97,141662,0,1_root,makan bergizi gratis[Top],,positif,2,https://x.com/tempodotco/status/1876598283503804893
2073699724788662559,2026-07-05 09:25:16,ekha_mye,🌸🍉 IOI-SakNakHii-4NoNa,2791,"Di QRT banyak yang bilang kemungkinan alasannya kuliah  di sana karena FK di UNHAN gratis dan dapat uang jajan..
Jadi sepakat ya Pendidikan Gratis itu jauh lebih penting daripada Makan Bergizi Gratis..",di qrt banyak yang bilang kemungkinan alasannya kuliah di sana karena fk di unhan gratis dan dapat uang jajan jadi sepakat ya pendidikan gratis itu jauh lebih penting daripada makan bergizi gratis,in,27930,5761,43,81,422087,0,1_root,makan bergizi gratis[Top],,positif,4,https://x.com/ekha_mye/status/2073699724788662559
2073399134661578836,2026-07-04 13:30:50,ruangguru,ruangguru,196527,"🔸Dihya (IG: ibnydihya) / UNHAN / Kedokteran Militer

🏅Silver Medal - International Chemistry Olympiad 2022 in China
🏅Silver Medal - Kompetisi Sains Ruangguru (KSR) Bidang Kimia 2021 https://t.co/Hs4T8vNqry",dihya ig ibnydihya unhan kedokteran militer silver medal international chemistry olympiad 2022 in china silver medal kompetisi sains ruangguru ksr bidang kimia 2021,in,1458,82,25,703,7048920,0,1_root,makan bergizi gratis[Top],,netral,0,https://x.com/ruangguru/status/2073399134661578836
2094292439578419403,2026-08-31 05:13:22,NAzkiyanafishry,nafisa nurul azkiya,0,Apresiasi atas komitmen transparansi dan pengawasan tata kelola Makan Bergizi Gratis! Kualitas dan keberlanjutan program ini sangat krusial demi cetak generasi penerus yang cerdas &amp; kuat. https://t.co/g2cejq7Bkj,apresiasi atas komitmen transparansi dan pengawasan tata kelola makan bergizi gratis kualitas dan keberlanjutan program ini sangat krusial demi cetak generasi penerus yang cerdas amp kuat,in,0,0,0,0,2,0,1_root,makan bergizi gratis[Top],,positif,3,https://x.com/NAzkiyanafishry/status/2094292439578419403
2069314511996412254,2026-06-23 07:00:00,tempodotco,tempo.co,2533933,"Aksi mendukung proyek makan bergizi gratis bermunculan di berbagai daerah. Narasi tandingan demonstrasi untuk menolak MBG.

#TempoPlus https://t.co/VowtMiqDjr",aksi mendukung proyek makan bergizi gratis bermunculan di berbagai daerah narasi tandingan demonstrasi untuk menolak mbg tempoplus,in,289,67,55,13,23285,0,1_root,makan bergizi gratis[Top],,positif,2,https://x.com/tempodotco/status/2069314511996412254
1914570946050187781,2025-04-22 06:44:19,tempodotco,tempo.co,2533933,"Peneliti Indonesia Corruption Watch (ICW) Dewi Anggraeni meminta pemerintah menghentikan program makan bergizi gratis karena tak transparan dan ditopang oleh konflik kepentingan.

#tempodotco #tempo #makan #bergizi #gratis #BGN #ICW https://t.co/sgjwoz0FIp",peneliti indonesia corruption watch icw dewi anggraeni meminta pemerintah menghentikan program makan bergizi gratis karena tak transparan dan ditopang oleh konflik kepentingan tempodotco tempo makan bergizi gratis bgn icw,in,3180,1635,28,69,48334,0,1_root,makan bergizi gratis[Top],,positif,5,https://x.com/tempodotco/status/1914570946050187781
2082428426112106863,2026-07-29 11:30:01,tempodotco,tempo.co,2533933,"BGN sedang membuat portal baru pemantauan proyek MBG. Dinilai memboroskan anggaran dan tak menyentuh akar persoalan.

#TempoPlus
https://t.co/47tAHFwkxM",bgn sedang membuat portal baru pemantauan proyek mbg dinilai memboroskan anggaran dan tak menyentuh akar persoalan tempoplus,in,70,20,24,5,11733,0,1_root,makan bergizi gratis[Top],,netral,0,https://x.com/tempodotco/status/2082428426112106863
1972904242605183343,2025-09-30 06:00:00,tempodotco,tempo.co,2533933,Keracunan Makan Bergizi Gratis https://t.co/GPOXGys0FB,keracunan makan bergizi gratis,in,11893,4598,138,162,193229,0,1_root,makan bergizi gratis[Top],,positif,1,https://x.com/tempodotco/status/1972904242605183343
1880223557533282333,2025-01-17 12:00:03,tempodotco,tempo.co,2533933,"BPOM Belum Dilibatkan secara Formal dalam Program Makan Bergizi Gratis
https://t.co/FOz85rDphM",bpom belum dilibatkan secara formal dalam program makan bergizi gratis,in,2011,354,87,121,50028,0,1_root,makan bergizi gratis[Top],,positif,2,https://x.com/tempodotco/status/1880223557533282333
2018180074642477114,2026-02-02 04:30:00,tempodotco,tempo.co,2533933,"Menteri Koordinator Pangan Zulkifli Hasan menyatakan program makan bergizi gratis (MBG) tetap berlangsung selama Ramadan dengan penyesuaian kudapan.

Ia mengatakan penyaluran MBG pada Ramadan akan disesuaikan berdasarkan jenis penerima manfaat. https://t.co/KRTJFhjniV",menteri koordinator pangan zulkifli hasan menyatakan program makan bergizi gratis mbg tetap berlangsung selama ramadan dengan penyesuaian kudapan ia mengatakan penyaluran mbg pada ramadan akan disesuaikan berdasarkan jenis penerima manfaat,in,261,77,168,62,26161,0,1_root,makan bergizi gratis[Top],,positif,2,https://x.com/tempodotco/status/2018180074642477114
1914174756959773161,2025-04-21 04:30:00,tempodotco,tempo.co,2533933,"Kisruh Proyek Makan Bergizi Gratis, ICW: Lebih Baik MBG Dihentikan
https://t.co/PnJ71ZxoQA",kisruh proyek makan bergizi gratis icw lebih baik mbg dihentikan,in,4061,1529,139,93,89717,0,1_root,makan bergizi gratis[Top],,positif,4,https://x.com/tempodotco/status/1914174756959773161
2078034470297649425,2026-07-17 08:30:00,tempodotco,tempo.co,2533933,"Saling Gertak Jaksa Versus Polisi

Jaksa mengincar sejumlah masalah hukum dapur makan bergizi gratis yang terafiliasi Polri. Diduga turut menyasar sejumlah jenderal di sekitar Kepala Polri Jenderal Listyo Sigit Prabowo.

Simak selengkapnya dalam program Tukang Kupas Perkara. Tayang setiap Kamis pukul 19.30 WIB di YouTube Tempodotco dan Spotify.

#TukangKupasPerkara #Tempodotco",saling gertak jaksa versus polisi jaksa mengincar sejumlah masalah hukum dapur makan bergizi gratis yang terafiliasi polri diduga turut menyasar sejumlah jenderal di sekitar kepala polri jenderal listyo sigit prabowo simak selengkapnya dalam program tukang kupas perkara tayang setiap kamis pukul 19 30 wib di youtube tempodotco dan spotify tukangkupasperkara tempodotco,in,247,90,34,7,13280,0,1_root,makan bergizi gratis[Top],,positif,1,https://x.com/tempodotco/status/2078034470297649425
1891334694878519429,2025-02-17 03:51:45,jefry_wnd,Jefry Wenda,18772,"Wamena, Papua 17 Feb 2025. Ribuan siswa/i melakukan demo di dpn kantor Bupati Wamena menolak program Makan Bergizi Gratis. 

“Alam telah menyediakan segalanya, kami mampu bertahan hidup tanpa ada campur tangan pemerintah, yg kami butuhkan pendidikan gratis”. Kata seorang pelajar. https://t.co/ykkzrerdRQ",wamena papua 17 feb 2025 ribuan siswa i melakukan demo di dpn kantor bupati wamena menolak program makan bergizi gratis alam telah menyediakan segalanya kami mampu bertahan hidup tanpa ada campur tangan pemerintah yg kami butuhkan pendidikan gratis kata seorang pelajar,in,52655,28547,415,959,1155976,0,1_root,makan bergizi gratis[Top],,positif,2,https://x.com/jefry_wnd/status/1891334694878519429
1915028262063071639,2025-04-23 13:01:31,tempodotco,tempo.co,2533933,"Program makan bergizi gratis bakal menghabiskan anggaran Rp 71 triliun tahun ini. Siapa para penikmatnya?🤷‍♀️

#TempoThread https://t.co/0hHLvXsOZT",program makan bergizi gratis bakal menghabiskan anggaran rp 71 triliun tahun ini siapa para penikmatnya tempothread,in,2532,1096,65,86,243421,0,1_root,makan bergizi gratis[Top],,positif,2,https://x.com/tempodotco/status/1915028262063071639
1971175352006324351,2025-09-25 11:30:01,tempodotco,tempo.co,2533933,"Badan Gizi Nasional (BGN) menduga ada dua penyebab kasus keracunan makanan yang belakangan terjadi dalam program makan bergizi gratis. Apa saja?

#mbg #keracunan #bgn #tempodotco https://t.co/U6GVO53zoK",badan gizi nasional bgn menduga ada dua penyebab kasus keracunan makanan yang belakangan terjadi dalam program makan bergizi gratis apa saja mbg keracunan bgn tempodotco,in,293,113,83,25,21499,0,1_root,makan bergizi gratis[Top],,netral,0,https://x.com/tempodotco/status/1971175352006324351
2040218160679526536,2026-04-04 00:01:29,karirfess,Kr,233224,"BREAKING: Seorang siswa SMK di Kudus bernama Muhammad Rafif Arsya Maulidi menulis surat terbuka kepada Presiden Prabowo, menolak jatah Program Makan Bergizi Gratis (MBG) untuk dirinya dan meminta anggaran tersebut (sekitar Rp6,75 juta untuk 1,5 tahun) dialihkan sebagai tambahan tunjangan bagi guru-guru yang kesejahteraannya masih memprihatinkan. 

Ia berargumen bahwa guru jauh lebih berperan membentuk generasi muda daripada program makan gratis, dan suratnya yang diunggah di Instagram menjadi viral.",breaking seorang siswa smk di kudus bernama muhammad rafif arsya maulidi menulis surat terbuka kepada presiden prabowo menolak jatah program makan bergizi gratis mbg untuk dirinya dan meminta anggaran tersebut sekitar rp6 75 juta untuk 1 5 tahun dialihkan sebagai tambahan tunjangan bagi guru guru yang kesejahteraannya masih memprihatinkan ia berargumen bahwa guru jauh lebih berperan membentuk generasi muda daripada program makan gratis dan suratnya yang diunggah di instagram menjadi viral,in,102159,31904,741,1508,2323980,0,1_root,makan bergizi gratis[Top],,positif,2,https://x.com/karirfess/status/2040218160679526536
1919741437429592138,2025-05-06 13:10:00,tempodotco,tempo.co,2533933,"Melonjak, BGN Butuh Rp 116,6 Triliun untuk Program Makan Bergizi Gratis Hingga Akhir Tahun
https://t.co/kH9V1SQbFU",melonjak bgn butuh rp 116 6 triliun untuk program makan bergizi gratis hingga akhir tahun,in,847,181,371,158,58245,0,1_root,makan bergizi gratis[Top],,positif,2,https://x.com/tempodotco/status/1919741437429592138
1914962514204586030,2025-04-23 08:40:16,tempodotco,tempo.co,2533933,"Dinas Kesehatan Kabupaten Cianjur, Jawa Barat, menetapkan status kejadian luar biasa (KLB) setelah kasus keracunan massal yang menimpa puluhan siswa yang mengonsumsi Makan Bergizi Gratis (MBG).

#tempodotco #tempo #kasus #keracunan #makan #bergizi #gratis #MBG #Cianjur https://t.co/y5WJa5noqq",dinas kesehatan kabupaten cianjur jawa barat menetapkan status kejadian luar biasa klb setelah kasus keracunan massal yang menimpa puluhan siswa yang mengonsumsi makan bergizi gratis mbg tempodotco tempo kasus keracunan makan bergizi gratis mbg cianjur,in,539,265,46,30,20299,0,1_root,makan bergizi gratis[Top],,positif,3,https://x.com/tempodotco/status/1914962514204586030
2067481132619485381,2026-06-18 05:34:48,tempodotco,tempo.co,2533933,"Mantan Wakil Kepala Badan Gizi Nasional (BGN), Sony Sonjaya, kembali diperiksa perihal dugaan korupsi penyimpangan proyek Makan Bergizi Gratis (MBG) oleh penyidik Kejaksaan Agung pada 18 Juni 2026. https://t.co/W7vWASgbkr",mantan wakil kepala badan gizi nasional bgn sony sonjaya kembali diperiksa perihal dugaan korupsi penyimpangan proyek makan bergizi gratis mbg oleh penyidik kejaksaan agung pada 18 juni 2026,in,171,38,40,4,13484,0,1_root,makan bergizi gratis[Top],,positif,1,https://x.com/tempodotco/status/2067481132619485381
1876498298858778996,2025-01-07 05:17:12,karimakayyi,Karima Annisa,16381,"Udah dipost di Tiktok ternyata. Seperti biasa isi komennya:

“Ini makan bergizi gratis, bukan makan sesuai selera.” ☺️ https://t.co/bcMf67P4eg",udah dipost di tiktok ternyata seperti biasa isi komennya ini makan bergizi gratis bukan makan sesuai selera,in,17551,2155,683,1324,1467769,0,1_root,makan bergizi gratis[Top],,positif,2,https://x.com/karimakayyi/status/1876498298858778996
1876463187685777813,2025-01-07 02:57:41,karimakayyi,Karima Annisa,16381,"WKWKWKWKWKWKWK temen gue yg jurnalis lagi liputan makan bergizi gratis di SD, ditanya sama dia, “enak gak sayurnya dek?”

“Enggak.” 

😭🙏🏻",wkwkwkwkwkwkwk temen gue yg jurnalis lagi liputan makan bergizi gratis di sd ditanya sama dia enak gak sayurnya dek enggak,in,43956,3685,290,373,2481362,0,1_root,makan bergizi gratis[Top],,positif,3,https://x.com/karimakayyi/status/1876463187685777813
2076600019986121092,2026-07-13 09:30:00,tempodotco,tempo.co,2533933,"Kegagalan proyek makan bergizi gratis dan Koperasi Desa Merah Putih bermula dari rumusan kebijakan yang cacat sejak awal.

#TempoPlus #Kolom

https://t.co/fVSuFo1L38",kegagalan proyek makan bergizi gratis dan koperasi desa merah putih bermula dari rumusan kebijakan yang cacat sejak awal tempoplus kolom,in,121,61,18,4,9465,0,1_root,makan bergizi gratis[Top],,positif,2,https://x.com/tempodotco/status/2076600019986121092
1969386068890862002,2025-09-20 13:00:02,tempodotco,tempo.co,2533933,"Ada Pemburu Rente di Proyek Makan Bergizi Gratis

Sejumlah yayasan diduga bermain dalam proyek makan bergizi gratis. Hasil investigasi Tempo mengungkap keberadaan yayasan-yayasan yang didirikan oleh para pendukung presiden terlibat dan mendapatkan keuntungan dari proyek ini.    

Simak selengkapnya di program Jelasin Dong! Setiap Sabtu, pukul 14.00 WIB di Youtube Tempodotco dan Spotify Jelasin Dong!

#JelasinDong #Tempodotco",ada pemburu rente di proyek makan bergizi gratis sejumlah yayasan diduga bermain dalam proyek makan bergizi gratis hasil investigasi tempo mengungkap keberadaan yayasan yayasan yang didirikan oleh para pendukung presiden terlibat dan mendapatkan keuntungan dari proyek ini simak selengkapnya di program jelasin dong setiap sabtu pukul 14 00 wib di youtube tempodotco dan spotify jelasin dong jelasindong tempodotco,in,1690,817,120,59,83373,0,1_root,makan bergizi gratis[Top],,positif,4,https://x.com/tempodotco/status/1969386068890862002
1925943469618413785,2025-05-23 15:54:40,wiftytale,SHA 🌷,2172,"malem malem nangisin trend ""so the winner takes it all"" SEDIH BGT ANJIRRR 💔💔💔💔 BILANGIN KE PEMERINTAH, HARUSNYA TUH YANG GRATIS TUH PENDIDIKAN, BUKAN MAKAN BERGIZI GRATIS :( https://t.co/WJGvHGGGTF",malem malem nangisin trend so the winner takes it all sedih bgt anjirrr bilangin ke pemerintah harusnya tuh yang gratis tuh pendidikan bukan makan bergizi gratis,in,30672,5873,164,1231,948881,0,1_root,makan bergizi gratis[Top],,positif,3,https://x.com/wiftytale/status/1925943469618413785
2063205975054770583,2026-06-06 10:26:51,tempodotco,tempo.co,2533933,"Saling sikut di pucuk Badan Gizi Nasional berujung pada pencopotan dan penahanan Dadan Hindayana dan dua wakilnya yang diduga meraup miliaran rupiah dari sejumlah dapur makan bergizi gratis yang mereka kuasai. Keliru sejak berupa konsep, proyek ini akan selalu rawan bocor meskipun Presiden Prabowo terus bersih-bersih

#MajalahTempo #Tempodotco",saling sikut di pucuk badan gizi nasional berujung pada pencopotan dan penahanan dadan hindayana dan dua wakilnya yang diduga meraup miliaran rupiah dari sejumlah dapur makan bergizi gratis yang mereka kuasai keliru sejak berupa konsep proyek ini akan selalu rawan bocor meskipun presiden prabowo terus bersih bersih majalahtempo tempodotco,in,459,206,48,4,14180,0,1_root,makan bergizi gratis[Top],,positif,2,https://x.com/tempodotco/status/2063205975054770583
1818890941253538185,2024-08-01 06:06:08,tempodotco,tempo.co,2533933,"Gibran Uji Coba Makan Bergizi Gratis di Surabaya, Anggaran Rp 15 Ribu..🍱

#TempoFoto https://t.co/ufl3iPsfyZ",gibran uji coba makan bergizi gratis di surabaya anggaran rp 15 ribu tempofoto,in,161,12,90,74,37767,0,1_root,makan bergizi gratis[Top],,positif,2,https://x.com/tempodotco/status/1818890941253538185
2005126561045905578,2025-12-28 04:00:00,tempodotco,tempo.co,2533933,"Skandal MBG: Kroni Prabowo Hingga Intrik di Badan Gizi

Tempo mengungkap proyek makan bergizi gratis sepanjang 2025. Mulai dari keluarga dan kroni Prabowo Subianto yang menggarap proyek sampai konflik di internal Badan Gizi Nasional.

Simak selengkapnya Program Bocor Alus Politik di Channel Youtube Tempodotco dan Spotify

#BocorAlusPolitik #PodcastBAP #PodcastTempo",skandal mbg kroni prabowo hingga intrik di badan gizi tempo mengungkap proyek makan bergizi gratis sepanjang 2025 mulai dari keluarga dan kroni prabowo subianto yang menggarap proyek sampai konflik di internal badan gizi nasional simak selengkapnya program bocor alus politik di channel youtube tempodotco dan spotify bocoraluspolitik podcastbap podcasttempo,in,5834,2995,314,65,146188,0,1_root,makan bergizi gratis[Top],,positif,1,https://x.com/tempodotco/status/2005126561045905578
1876127805462696292,2025-01-06 04:45:00,tempodotco,tempo.co,2533933,"Budi Arie Tinjau Dapur Makan Bergizi Gratis: Ada Ayam Teriyaki, Baunya Enak
https://t.co/N1MkDDljn9",budi arie tinjau dapur makan bergizi gratis ada ayam teriyaki baunya enak,in,222,25,176,49,48522,0,1_root,makan bergizi gratis[Top],,positif,3,https://x.com/tempodotco/status/1876127805462696292
1917076376198517073,2025-04-29 04:40:00,tempodotco,tempo.co,2533933,"Di Balik Proyek Makan Bergizi Gratis Prabowo, Dikuasai Keluarga dan Pendukung
https://t.co/X0Jei3AJyG",di balik proyek makan bergizi gratis prabowo dikuasai keluarga dan pendukung,in,1590,748,47,34,29489,0,1_root,makan bergizi gratis[Top],,positif,2,https://x.com/tempodotco/status/1917076376198517073
2048341321522229687,2026-04-26 10:00:02,tempodotco,tempo.co,2533933,"Nasib MBG di Tengah Darurat Fiskal

Makan bergizi gratis atau MBG dipertanyakan kelanjutannya setelah pemerintah menanggung beban anggaran yang sangat besar. Namun Presiden Prabowo Subianto akan tetap mempertahankan proyek ini dengan risiko akan ada penghematan yang lebih besar.

Simak selengkapnya di program Jelasin Dong! Setiap Sabtu, pukul 14.00 WIB di Youtube Tempodotco dan Spotify Jelasin Dong!

#JelasinDong #Tempodotco",nasib mbg di tengah darurat fiskal makan bergizi gratis atau mbg dipertanyakan kelanjutannya setelah pemerintah menanggung beban anggaran yang sangat besar namun presiden prabowo subianto akan tetap mempertahankan proyek ini dengan risiko akan ada penghematan yang lebih besar simak selengkapnya di program jelasin dong setiap sabtu pukul 14 00 wib di youtube tempodotco dan spotify jelasin dong jelasindong tempodotco,in,376,147,51,12,20104,0,1_root,makan bergizi gratis[Top],,positif,2,https://x.com/tempodotco/status/2048341321522229687
2021887009606783070,2026-02-12 10:00:02,tempodotco,tempo.co,2533933,Purbaya: Jangan Terus Persoalkan Makan Bergizi Gratis https://t.co/K8FzkM8oSd,purbaya jangan terus persoalkan makan bergizi gratis,in,890,103,353,358,550759,0,1_root,makan bergizi gratis[Top],,positif,2,https://x.com/tempodotco/status/2021887009606783070
1794266936492306591,2024-05-25 07:19:08,tempodotco,tempo.co,2533933,Jubir Prabowo Ungkap Alasan Ganti Makan Siang Gratis Jadi Makan Bergizi Gratis https://t.co/fEsC1KJRJx #TempoNasional,jubir prabowo ungkap alasan ganti makan siang gratis jadi makan bergizi gratis temponasional,in,31,11,130,15,13381,0,1_root,makan bergizi gratis[Top],,positif,3,https://x.com/tempodotco/status/1794266936492306591
2073308328541773834,2026-07-04 07:30:00,tempodotco,tempo.co,2533933,"Kepada jaksa, mantan Wakil Kepala Badan Gizi Nasional Sony Sonjaya mengungkap para pejabat dan politikus yang meminta jatah dapur makan bergizi gratis. 

Menyeret puluhan nama dan membongkar aneka modus korupsi proyek ini. https://t.co/iZ7KXSNNGg",kepada jaksa mantan wakil kepala badan gizi nasional sony sonjaya mengungkap para pejabat dan politikus yang meminta jatah dapur makan bergizi gratis menyeret puluhan nama dan membongkar aneka modus korupsi proyek ini,in,829,359,63,9,19721,0,1_root,makan bergizi gratis[Top],,positif,1,https://x.com/tempodotco/status/2073308328541773834
1820409695653519854,2024-08-05 10:41:07,tempodotco,tempo.co,2533933,"Gibran Sebut Makan Bergizi Gratis Tak Harus Nasi, Bisa Diganti Mie Asalkan...
https://t.co/NquA9zNQUQ",gibran sebut makan bergizi gratis tak harus nasi bisa diganti mie asalkan,in,110,30,194,58,30522,0,1_root,makan bergizi gratis[Top],,positif,2,https://x.com/tempodotco/status/1820409695653519854
2086412200655331354,2026-08-09 11:20:06,tempodotco,tempo.co,2533934,Pemangkasan dana transfer ke daerah bikin pemerintah daerah m̾e̾g̾a̾p̾-̾m̾e̾g̾a̾p̾ dan tak bisa menggaji pegawai berstatus PPPK. Begini awalnya ... https://t.co/2fO647zdbv,pemangkasan dana transfer ke daerah bikin pemerintah daerah m e g a p m e g a p dan tak bisa menggaji pegawai berstatus pppk begini awalnya,in,3625,1099,55,24,94419,0,1_root,makan bergizi gratis[Top],,netral,0,https://x.com/tempodotco/status/2086412200655331354
2086414732186230846,2026-08-09 11:30:10,tempodotco,tempo.co,2533934,"Tak dibayarnya gaji pegawai cuma salah satu dampak pemangkasan dana transfer ke daerah. Pemerintah provinsi dan kabupaten/kota pun mesti menghentikan pembangunan sarana yang vital seperti j̶a̶l̶a̶n̶,̶ ̶r̶u̶m̶a̶h̶ ̶s̶a̶k̶i̶t̶,̶ ̶h̶i̶n̶g̶g̶a̶ ̶s̶e̶k̶o̶l̶a̶h̶.̶ Sejumlah pelayanan publik dasar pun terpaksa distop.

https://t.co/NCBs2P7So5",tak dibayarnya gaji pegawai cuma salah satu dampak pemangkasan dana transfer ke daerah pemerintah provinsi dan kabupaten kota pun mesti menghentikan pembangunan sarana yang vital seperti j a l a n r u m a h s a k i t h i n g g a s e k o l a h sejumlah pelayanan publik dasar pun terpaksa distop,in,21,5,4,1,5018,0,1_root,makan bergizi gratis[Top],,negatif,-1,https://x.com/tempodotco/status/2086414732186230846
2086415255891263792,2026-08-09 11:32:15,tempodotco,tempo.co,2533934,"Berbagai masalah itu terjadi setelah pemerintah pusat mengurangi anggaran daerah untuk membiayai program-program favorit Presiden Prabowo Subianto, seperti makan bergizi gratis dan koperasi merah putih.

https://t.co/tYLDiD8ZM5",berbagai masalah itu terjadi setelah pemerintah pusat mengurangi anggaran daerah untuk membiayai program program favorit presiden prabowo subianto seperti makan bergizi gratis dan koperasi merah putih,in,39,9,2,1,5294,0,1_root,makan bergizi gratis[Top],,positif,1,https://x.com/tempodotco/status/2086415255891263792
2049035893470552090,2026-04-28 08:00:00,tempodotco,tempo.co,2533934,"Wamenkeu: Wacana Penyaluran Makan Bergizi Gratis Sabtu Dihapus, Bisa Hemat Rp 1 Triliun https://t.co/TqD4UxuP3C",wamenkeu wacana penyaluran makan bergizi gratis sabtu dihapus bisa hemat rp 1 triliun,in,1105,128,176,117,278337,0,1_root,makan bergizi gratis[Top],,positif,2,https://x.com/tempodotco/status/2049035893470552090
2073713854669029719,2026-07-05 10:21:25,tempodotco,tempo.co,2533934,"BGN makin layak disebut ""bancakan gizi nasional"". Mantan Wakil Kepala Badan Gizi Nasional Sony Sonjaya mengungkap ada puluhan pejabat, orang-orang dekatnya, dan elite BGN yang mendapat keuntungan dari anggaran makan bergizi gratis. https://t.co/eRVGBIDKei",bgn makin layak disebut bancakan gizi nasional mantan wakil kepala badan gizi nasional sony sonjaya mengungkap ada puluhan pejabat orang orang dekatnya dan elite bgn yang mendapat keuntungan dari anggaran makan bergizi gratis,in,2976,1302,77,28,39061,0,1_root,makan bergizi gratis[Top],,positif,3,https://x.com/tempodotco/status/2073713854669029719
1862464509044302181,2024-11-29 11:51:56,tempodotco,tempo.co,2533934,"Prabowo: Anggaran Makan Bergizi Gratis Rp 10.000 per Anak dan Ibu Hamil
https://t.co/Gizhx70o3g",prabowo anggaran makan bergizi gratis rp 10 000 per anak dan ibu hamil,in,524,127,426,879,4227760,0,1_root,makan bergizi gratis[Top],,positif,2,https://x.com/tempodotco/status/1862464509044302181
1862466185633452055,2024-11-29 11:58:36,tempodotco,tempo.co,2533934,"Prabowo sebut anggaran makan bergizi gratis Rp 10.000 per anak dan ibu hamil, kira-kira apa menunya?

#TempoNanya",prabowo sebut anggaran makan bergizi gratis rp 10 000 per anak dan ibu hamil kira kira apa menunya temponanya,in,134,12,115,31,19703,0,1_root,makan bergizi gratis[Top],,positif,2,https://x.com/tempodotco/status/1862466185633452055
2071888976454054401,2026-06-30 09:30:00,tempodotco,tempo.co,2533934,"Potong Lagi Anggaran MBG

#TempoPlus 
https://t.co/WWa5vhcAKp",potong lagi anggaran mbg tempoplus,in,82,18,19,4,10202,0,1_root,makan bergizi gratis[Top],,netral,0,https://x.com/tempodotco/status/2071888976454054401
2093966233288991220,2026-08-30 07:37:08,noobodyy404,Manusia Biasa,1,Makan Bergizi Gratis adalah langkah nyata untuk memperkuat kualitas sumber daya manusia Indonesia melalui pemenuhan kebutuhan gizi penerima manfaat. https://t.co/Z9LEHUiYek,makan bergizi gratis adalah langkah nyata untuk memperkuat kualitas sumber daya manusia indonesia melalui pemenuhan kebutuhan gizi penerima manfaat,in,0,0,0,0,3,0,1_root,makan bergizi gratis[Top],,positif,2,https://x.com/noobodyy404/status/2093966233288991220
1969023678483693785,2025-09-19 13:00:02,tempodotco,tempo.co,2533934,"Menteri Keuangan Purbaya Yudhi Sadewa bakal menarik kembali anggaran belanja kementerian/lembaga yang tak terserap. 

Semua kementerian/lembaga bakal disisir, termasuk anggaran program makan bergizi gratis (MBG). https://t.co/lvJAgWbeYJ",menteri keuangan purbaya yudhi sadewa bakal menarik kembali anggaran belanja kementerian lembaga yang tak terserap semua kementerian lembaga bakal disisir termasuk anggaran program makan bergizi gratis mbg,in,2135,254,44,52,86876,0,1_root,makan bergizi gratis[Top],,positif,2,https://x.com/tempodotco/status/1969023678483693785
1914232065618559152,2025-04-21 08:17:43,tempodotco,tempo.co,2533934,"Dugaan Penggelembungan MBG

Program Makan Bergizi Gratis menggunakan sistem reimbursement. Rentan digelembungkan.

Simak selengkapnya Program Bocor Alus Politik di Channel Youtube Tempodotco dan Spotify

#BocorAlusPolitik #PodcastBAP #PodcastTempo https://t.co/EUkUi8QDRY",dugaan penggelembungan mbg program makan bergizi gratis menggunakan sistem reimbursement rentan digelembungkan simak selengkapnya program bocor alus politik di channel youtube tempodotco dan spotify bocoraluspolitik podcastbap podcasttempo,in,765,424,51,12,15959,0,1_root,makan bergizi gratis[Top],,positif,1,https://x.com/tempodotco/status/1914232065618559152
1882269527884562467,2025-01-23 03:30:00,tempodotco,tempo.co,2533934,"100 Hari Kerja Gibran: Blusukan, Bagi Bansos, Cek Makan Bergizi Gratis, hingga Bikin Lapor Mas Wapres
https://t.co/tjrX6cpubG",100 hari kerja gibran blusukan bagi bansos cek makan bergizi gratis hingga bikin lapor mas wapres,in,157,43,193,20,17694,0,1_root,makan bergizi gratis[Top],,positif,2,https://x.com/tempodotco/status/1882269527884562467
2092999022428803446,2026-08-27 15:33:47,athannea_alma,game burik,0,"Program Makan Bergizi Gratis mendukung pemenuhan gizi anak sejak dini, sehingga meningkatkan kualitas kesehatan dan daya saing generasi muda Indonesia. https://t.co/9dX2GpGR1R",program makan bergizi gratis mendukung pemenuhan gizi anak sejak dini sehingga meningkatkan kualitas kesehatan dan daya saing generasi muda indonesia,in,1,0,5,0,19,0,1_root,makan bergizi gratis[Top],,positif,3,https://x.com/athannea_alma/status/2092999022428803446
1805116723743580405,2024-06-24 05:52:19,tempodotco,tempo.co,2533934,"Menteri Keuangan Sri Mulyani Indrawati mengumumkan pemerintah saat ini dan presiden terpilih menyepakati anggaran makan bergizi gratis sebesar Rp 71 triliun pada 2025.

#TempoHeadliner https://t.co/9FefbrHgIo",menteri keuangan sri mulyani indrawati mengumumkan pemerintah saat ini dan presiden terpilih menyepakati anggaran makan bergizi gratis sebesar rp 71 triliun pada 2025 tempoheadliner,in,167,66,99,450,744058,0,1_root,makan bergizi gratis[Top],,positif,2,https://x.com/tempodotco/status/1805116723743580405
2008359177421545664,2026-01-06 02:05:16,tempodotco,tempo.co,2533934,"Siapa saja pejabat penerima manfaat proyek makan bergizi gratis?

#TempoPlus https://t.co/VOQ1nXdEZw",siapa saja pejabat penerima manfaat proyek makan bergizi gratis tempoplus,in,3150,1469,115,62,248206,0,1_root,makan bergizi gratis[Top],,positif,2,https://x.com/tempodotco/status/2008359177421545664
2094282044767637600,2026-08-31 04:32:04,kimmfanwer,kimmy,0,"Program ini libatkan petani, peternak, nelayan, dan UMKM lokal. Dari kebun ke dapur makan bergizi gratis, dari tambak ke pasar. Uang berputar di Papua, kesejahteraan masyarakat langsung naik. https://t.co/foMTVhsGO4",program ini libatkan petani peternak nelayan dan umkm lokal dari kebun ke dapur makan bergizi gratis dari tambak ke pasar uang berputar di papua kesejahteraan masyarakat langsung naik,in,1,0,0,0,0,0,1_root,makan bergizi gratis[Top],,positif,2,https://x.com/kimmfanwer/status/2094282044767637600
1880201604303094136,2025-01-17 10:32:49,PaltiWest,Bang #Nalar ☕️,12840,"Ini juga siapa dia bilang Makan Bergizi Gratis ga penting itu ga relate terus bandingkan dengan Jelly Drink penahan lapar..

Eh TOLOL loe bisa bedain Makan BERGIZI sama penahan lapar ga?! https://t.co/wjELsIzsPs",ini juga siapa dia bilang makan bergizi gratis ga penting itu ga relate terus bandingkan dengan jelly drink penahan lapar eh tolol loe bisa bedain makan bergizi sama penahan lapar ga,in,13257,2781,747,625,1499518,0,1_root,makan bergizi gratis[Top],,positif,3,https://x.com/PaltiWest/status/1880201604303094136
1880152111251616132,2025-01-17 07:16:09,PaltiWest,Bang #Nalar ☕️,12840,"Palak kau yang PEA BOTAK!!!

Anak loe pernah makan Makanan Beracun Gratis?!

BGSD kali kau PEA2IN anak kecil.. https://t.co/U2gGAfhOCZ",palak kau yang pea botak anak loe pernah makan makanan beracun gratis bgsd kali kau pea2in anak kecil,in,5212,1333,897,275,2008772,0,1_root,makan bergizi gratis[Top],,positif,1,https://x.com/PaltiWest/status/1880152111251616132
1874386131145683269,2025-01-01 09:24:12,tempodotco,tempo.co,2533934,TNI Bakal Luncurkan 100 Lokasi Dapur Makan Bergizi Gratis Besok #TempoNasional,tni bakal luncurkan 100 lokasi dapur makan bergizi gratis besok temponasional,in,37,12,25,18,15008,0,1_root,makan bergizi gratis[Top],,positif,2,https://x.com/tempodotco/status/1874386131145683269
1876482643648200838,2025-01-07 04:15:00,tempodotco,tempo.co,2533934,"Istana Akui Ada Daerah Pakai Uang Pribadi Prabowo untuk Makan Bergizi Gratis
https://t.co/L8TltRSHDd",istana akui ada daerah pakai uang pribadi prabowo untuk makan bergizi gratis,in,83,11,87,11,17138,0,1_root,makan bergizi gratis[Top],,positif,2,https://x.com/tempodotco/status/1876482643648200838
1891341522773201080,2025-02-17 04:18:53,vyeimo83,Victor Yeimo,709,"Hari ini (17/2) Ribuan pelajar turun jalan di berbabagai wilayah di tanah Papua tolak Makan Bergizi Gratis (MBG). Anak-anak sekolah dipaksa duduk, dipaksa makan dari tangan yang masih berlumuran darah keluarga mereka.

#mbg https://t.co/dQQHBgbFOB",hari ini 17 2 ribuan pelajar turun jalan di berbabagai wilayah di tanah papua tolak makan bergizi gratis mbg anak anak sekolah dipaksa duduk dipaksa makan dari tangan yang masih berlumuran darah keluarga mereka mbg,in,34358,15659,250,469,1161218,0,1_root,makan bergizi gratis[Top],,positif,1,https://x.com/vyeimo83/status/1891341522773201080
2063886244405481550,2026-06-08 07:30:00,tempodotco,tempo.co,2533929,"Jaksa mengungkap dugaan korupsi program makan bergizi gratis oleh pimpinan Badan Gizi Nasional. Apa saja?

#ohgitutempo https://t.co/Cx8yzD2Skp",jaksa mengungkap dugaan korupsi program makan bergizi gratis oleh pimpinan badan gizi nasional apa saja ohgitutempo,in,240,92,22,4,9867,0,1_root,makan bergizi gratis[Top],,positif,1,https://x.com/tempodotco/status/2063886244405481550
1879418237198250217,2025-01-15 06:40:00,tempodotco,tempo.co,2533929,"Sepekan Makan Bergizi Gratis, DPR Terima Keluhan Murid-murid Bosan Menunya dan Rasa Tak Enak
https://t.co/fbQoel9jUN",sepekan makan bergizi gratis dpr terima keluhan murid murid bosan menunya dan rasa tak enak,in,1297,395,92,58,40963,0,1_root,makan bergizi gratis[Top],,positif,3,https://x.com/tempodotco/status/1879418237198250217
1915028301938123098,2025-04-23 13:01:41,tempodotco,tempo.co,2533929,Terdengar familiar? https://t.co/Uw6nm6Yl4D,terdengar familiar,es,28,0,1,0,5314,0,1_root,makan bergizi gratis[Top],,netral,0,https://x.com/tempodotco/status/1915028301938123098
1915028306585690537,2025-04-23 13:01:42,tempodotco,tempo.co,2533929,"GSN adalah yayasan yang didirikan oleh Presiden Prabowo Subianto.

Prabowo bahkan duduk sebagai ketua pembina. Keluarga dan orang-orang dekatnya juga mengisi jajaran pengurus.
https://t.co/KRHFnAYH5v",gsn adalah yayasan yang didirikan oleh presiden prabowo subianto prabowo bahkan duduk sebagai ketua pembina keluarga dan orang orang dekatnya juga mengisi jajaran pengurus,in,277,142,8,22,24539,0,1_root,makan bergizi gratis[Top],,netral,0,https://x.com/tempodotco/status/1915028306585690537
1879377974408954336,2025-01-15 04:00:00,tempodotco,tempo.co,2533929,"Alasan Ketua DPD Usul Dana Zakat untuk Biayai Makan Bergizi Gratis
https://t.co/RLNZkStXTZ",alasan ketua dpd usul dana zakat untuk biayai makan bergizi gratis,in,47,9,83,24,13281,0,1_root,makan bergizi gratis[Top],,positif,2,https://x.com/tempodotco/status/1879377974408954336
1862121513366978711,2024-11-28 13:08:59,tempodotco,tempo.co,2533929,"Prabowo Curhat Program Makan Bergizi Gratis Diejek: Saya Dibilang Sudah Gila
https://t.co/m7vHqzesvt",prabowo curhat program makan bergizi gratis diejek saya dibilang sudah gila,in,109,16,167,23,24385,0,1_root,makan bergizi gratis[Top],,positif,2,https://x.com/tempodotco/status/1862121513366978711
2083904398632132831,2026-08-02 13:15:00,tempodotco,tempo.co,2533929,"Kritik Kabinet Bayangan Soal MBG

Program prioritas Prabowo Subianto berupa makan bergizi gratis mendapat sorotan dari kabinet bayangan. Masyarakat sipil punya rancangan menu yang sehat.

Simak selengkapnya Program Bocor Alus Politik di Channel Youtube Tempodotco dan Spotify

#BocorAlusPolitik #PodcastBAP #PodcastTempo",kritik kabinet bayangan soal mbg program prioritas prabowo subianto berupa makan bergizi gratis mendapat sorotan dari kabinet bayangan masyarakat sipil punya rancangan menu yang sehat simak selengkapnya program bocor alus politik di channel youtube tempodotco dan spotify bocoraluspolitik podcastbap podcasttempo,in,88,23,12,1,17705,0,1_root,makan bergizi gratis[Top],,positif,2,https://x.com/tempodotco/status/2083904398632132831
1882674695784554714,2025-01-24 06:20:00,tempodotco,tempo.co,2533929,"Kepala Badan Gizi Nasional Curhat Kurang Tidur karena Urus Makan Bergizi Gratis
https://t.co/dTooadYE7E",kepala badan gizi nasional curhat kurang tidur karena urus makan bergizi gratis,in,71,9,113,29,16519,0,1_root,makan bergizi gratis[Top],,positif,1,https://x.com/tempodotco/status/1882674695784554714
1889587856714125570,2025-02-12 08:10:26,hrdbacot,HRD BACOT,992251,"Ternyata Makan bergizi gratis gak ada gratis-gratisnya ya? biayanya pakai kehilangan pekerjaan ayah nya ya?

Kenapa sih hal kecil kaya gini aja harus bohong",ternyata makan bergizi gratis gak ada gratis gratisnya ya biayanya pakai kehilangan pekerjaan ayah nya ya kenapa sih hal kecil kaya gini aja harus bohong,in,39362,13759,183,285,1023571,0,1_root,makan bergizi gratis[Top],,positif,2,https://x.com/hrdbacot/status/1889587856714125570
1889564364476154223,2025-02-12 06:37:05,ffikriawan,AWAN 🌩,22986,"Mul and Ndut, blood is on your hands",mul and ndut blood is on your hands,en,33451,8583,141,223,1530214,0,1_root,makan bergizi gratis[Top],,netral,0,https://x.com/ffikriawan/status/1889564364476154223
1919618563968586130,2025-05-06 05:01:45,tempodotco,tempo.co,2533929,"Presiden Prabowo Subianto mengklaim angka keracunan program makan bergizi gratis lebih kecil dibandingkan penerima manfaatnya. 

Angka kasus keracunan makanan bergizi sekitar 200 dari 3 juta penerima manfaat.

#Tempodotco #Prabowo #MBG https://t.co/xu9aGIeiZv",presiden prabowo subianto mengklaim angka keracunan program makan bergizi gratis lebih kecil dibandingkan penerima manfaatnya angka kasus keracunan makanan bergizi sekitar 200 dari 3 juta penerima manfaat tempodotco prabowo mbg,in,121,33,119,59,18589,0,1_root,makan bergizi gratis[Top],,positif,1,https://x.com/tempodotco/status/1919618563968586130
1879896388353315025,2025-01-16 14:20:00,tempodotco,tempo.co,2533929,"Anggaran Infrastruktur Dikurangi untuk Makan Bergizi Gratis
https://t.co/POaX5lixvp",anggaran infrastruktur dikurangi untuk makan bergizi gratis,in,170,36,95,33,14315,0,1_root,makan bergizi gratis[Top],,positif,2,https://x.com/tempodotco/status/1879896388353315025
2092997990399283320,2026-08-27 15:29:41,jonnutas,Jon Utas,3,"Program Makan Bergizi Gratis mendukung pemenuhan gizi anak sejak dini, sehingga meningkatkan kualitas kesehatan dan daya saing generasi muda Indonesia. https://t.co/zpEE0KkATg",program makan bergizi gratis mendukung pemenuhan gizi anak sejak dini sehingga meningkatkan kualitas kesehatan dan daya saing generasi muda indonesia,in,1,0,5,0,9,0,1_root,makan bergizi gratis[Top],,positif,3,https://x.com/jonnutas/status/2092997990399283320
2008799638737088517,2026-01-07 07:15:30,tempodotco,tempo.co,2533929,"Prabowo Mengklaim Makan Bergizi Gratis Berhasil 

#TempoPlus 
https://t.co/VcapFw1RmC",prabowo mengklaim makan bergizi gratis berhasil tempoplus,in,6,0,11,1,3005,0,1_root,makan bergizi gratis[Top],,positif,3,https://x.com/tempodotco/status/2008799638737088517
1805110814602625151,2024-06-24 05:28:50,tempodotco,tempo.co,2533929,"Sri Mulyani Sebut Pemerintah Sepakati Anggaran Makan Bergizi Gratis Rp 71 Triliun

#TempoBisnis
https://t.co/2XXPcn9G2j",sri mulyani sebut pemerintah sepakati anggaran makan bergizi gratis rp 71 triliun tempobisnis,in,300,95,210,61,44851,0,1_root,makan bergizi gratis[Top],,positif,2,https://x.com/tempodotco/status/1805110814602625151
1971469792658804830,2025-09-26 07:00:01,tempodotco,tempo.co,2533929,"Jumlah korban keracunan program andalan Presiden Prabowo Subianto, makan bergizi gratis (MBG), kian melambung. Angkanya kini melebihi 5.000 orang.

Mereka merasakan gejala mual-muntah, wajahnya membengkak, bahkan ada pula yang mengalami sesak napas hingga sakit kepala.

Bisakah masyarakat yang dirugikan menggugat MBG?

#Tempo #keracunan #keracunan #mbg",jumlah korban keracunan program andalan presiden prabowo subianto makan bergizi gratis mbg kian melambung angkanya kini melebihi 5 000 orang mereka merasakan gejala mual muntah wajahnya membengkak bahkan ada pula yang mengalami sesak napas hingga sakit kepala bisakah masyarakat yang dirugikan menggugat mbg tempo keracunan keracunan mbg,in,999,476,46,21,24002,0,1_root,makan bergizi gratis[Top],,negatif,-1,https://x.com/tempodotco/status/1971469792658804830
1815362306454552596,2024-07-22 12:24:36,tempodotco,tempo.co,2533929,"Uji Coba Makan Bergizi Gratis Rp7.500 per Porsi, Wali Kota Solo: Sederhana dengan Mutu Tak Kalah https://t.co/Qk30pLvXDr #TempoBisnis",uji coba makan bergizi gratis rp7 500 per porsi wali kota solo sederhana dengan mutu tak kalah tempobisnis,in,33,7,72,8,11008,0,1_root,makan bergizi gratis[Top],,positif,2,https://x.com/tempodotco/status/1815362306454552596
1913208811369750728,2025-04-18 12:31:40,tempodotco,tempo.co,2533929,"Apa menu yang ideal untuk program makan bergizi gratis?

#TempoNanya",apa menu yang ideal untuk program makan bergizi gratis temponanya,in,90,5,71,9,18831,0,1_root,makan bergizi gratis[Top],,positif,2,https://x.com/tempodotco/status/1913208811369750728
2015593200413790212,2026-01-26 01:10:41,FiersaBesari,Fiersa Besari,26918767,"Yang klinis dibantah, yang klenik disembah. Yang pakar diragukan, yang sensasional dipertontonkan. Orang pintar dibilang bodoh, orang bodoh merasa pintar. Ternyata, sebaik-baiknya makan bergizi gratis, negeri ini lebih membutuhkan pendidikan gratis",yang klinis dibantah yang klenik disembah yang pakar diragukan yang sensasional dipertontonkan orang pintar dibilang bodoh orang bodoh merasa pintar ternyata sebaik baiknya makan bergizi gratis negeri ini lebih membutuhkan pendidikan gratis,in,45425,21693,474,286,1047531,0,1_root,makan bergizi gratis[Top],,positif,3,https://x.com/FiersaBesari/status/2015593200413790212
1849013441761267777,2024-10-23 09:02:12,tempodotco,tempo.co,2533929,Wapres Gibran Uji Coba Makan Bergizi Gratis di SMPN 270 Jakarta https://t.co/H51DEBR81M #TempoFoto,wapres gibran uji coba makan bergizi gratis di smpn 270 jakarta tempofoto,in,24,2,81,11,14095,0,1_root,makan bergizi gratis[Top],,positif,2,https://x.com/tempodotco/status/1849013441761267777
2092759343754330180,2026-08-26 23:41:23,kandaabahlul,Kanda,4656,"Aksi 27 Agustus 2026

10 tuntutan rakyat : 

1. Adili Prabowo-Gibran, dengan menuntut pertanggungjawaban politik dan hukum atas kebijakan yang dinilai memperluas militerisme, memperlemah demokrasi, serta memperbesar ketimpangan ekonomi. 

2. Hentikan KDMP dan MBG, dengan menuntut penghentian dan evaluasi menyeluruh terhadap program Koperasi Desa Merah Putih (KDMP) serta Makan Bergizi Gratis (MBG), khususnya dari aspek transparansi anggaran dan potensi patronase politik. 

3. Hentikan kebijakan pajak yang menindas rakyat, dengan menolak pajak yang dinilai membebani masyarakat miskin dan pekerja serta mendorong penerapan sistem pajak progresif bagi pemilik modal besar. 

4. Wujudkan pendidikan dan kesehatan gratis, ilmiah, serta berkualitas, dengan menolak komersialisasi kampus dan pemangkasan anggaran layanan dasar publik. 

5. Turunkan harga kebutuhan pokok dan naikkan upah buruh, dengan mengendalikan harga barang kebutuhan pokok serta memberikan jaminan upah layak bagi buruh. 

6. Tetapkan bencana di Sumatra dan NTT sebagai bencana nasional, serta mempercepat mobilisasi bantuan nasional dan pemulihan bagi wilayah terdampak bencana. 

7. Jamin dan penuhi hak-hak pekerja rumah tangga, dengan mendorong regulasi yang memberikan perlindungan hukum efektif, upah layak, dan jam kerja manusiawi bagi PRT. 

8. Laksanakan demiliterisasi dan hentikan pembangunan batalyon, dengan menolak perluasan peran militer di ruang sipil serta menegaskan prinsip supremasi sipil. 

9. Hentikan kriminalisasi aktivis dan bebaskan seluruh tahanan politik, dengan menolak kriminalisasi terhadap pejuang HAM, agraria, buruh, dan pihak yang menyampaikan ekspresi demokratis. 

10. Sita seluruh aset koruptor, dengan menuntut koruptor dipenjara dan aset hasil kejahatan korupsi dirampas untuk dialokasikan bagi pendidikan, kesehatan, dan pemulihan bencana.",aksi 27 agustus 2026 10 tuntutan rakyat 1 adili prabowo gibran dengan menuntut pertanggungjawaban politik dan hukum atas kebijakan yang dinilai memperluas militerisme memperlemah demokrasi serta memperbesar ketimpangan ekonomi 2 hentikan kdmp dan mbg dengan menuntut penghentian dan evaluasi menyeluruh terhadap program koperasi desa merah putih kdmp serta makan bergizi gratis mbg khususnya dari aspek transparansi anggaran dan potensi patronase politik 3 hentikan kebijakan pajak yang menindas rakyat dengan menolak pajak yang dinilai membebani masyarakat miskin dan pekerja serta mendorong penerapan sistem pajak progresif bagi pemilik modal besar 4 wujudkan pendidikan dan kesehatan gratis ilmiah serta berkualitas dengan menolak komersialisasi kampus dan pemangkasan anggaran layanan dasar publik 5 turunkan harga kebutuhan pokok dan naikkan upah buruh dengan mengendalikan harga barang kebutuhan pokok serta memberikan jaminan upah layak bagi buruh 6 tetapkan bencana di sumatra dan ntt sebagai bencana nasional serta mempercepat mobilisasi bantuan nasional dan pemulihan bagi wilayah terdampak bencana 7 jamin dan penuhi hak hak pekerja rumah tangga dengan mendorong regulasi yang memberikan perlindungan hukum efektif upah layak dan jam kerja manusiawi bagi prt 8 laksanakan demiliterisasi dan hentikan pembangunan batalyon dengan menolak perluasan peran militer di ruang sipil serta menegaskan prinsip supremasi sipil 9 hentikan kriminalisasi aktivis dan bebaskan seluruh tahanan politik dengan menolak kriminalisasi terhadap pejuang ham agraria buruh dan pihak yang menyampaikan ekspresi demokratis 10 sita seluruh aset koruptor dengan menuntut koruptor dipenjara dan aset hasil kejahatan korupsi dirampas untuk dialokasikan bagi pendidikan kesehatan dan pemulihan bencana,in,34,19,5,3,3857,0,1_root,makan bergizi gratis[Top],,negatif,-3,https://x.com/kandaabahlul/status/2092759343754330180
1969727124790821357,2025-09-21 11:35:16,tempodotco,tempo.co,2533934,"Proyek Makan Bergizi Gratis Dikuasai Segelintir Orang

Segelintir orang diduga menguasai proyek makan bergizi gratis. Kondisi ini berisiko besar mengingat pemerintah mengucurkan anggaran besar pada proyek prioritas Presiden Prabowo Subianto ini. 

Simak selengkapnya di program Jelasin Dong! Setiap Sabtu, pukul 14.00 WIB di Youtube Tempodotco dan Spotify Jelasin Dong!

#JelasinDong #Tempodotco",proyek makan bergizi gratis dikuasai segelintir orang segelintir orang diduga menguasai proyek makan bergizi gratis kondisi ini berisiko besar mengingat pemerintah mengucurkan anggaran besar pada proyek prioritas presiden prabowo subianto ini simak selengkapnya di program jelasin dong setiap sabtu pukul 14 00 wib di youtube tempodotco dan spotify jelasin dong jelasindong tempodotco,in,978,442,74,15,31028,0,1_root,makan bergizi gratis[Top],,positif,4,https://x.com/tempodotco/status/1969727124790821357
1958050112841617819,2025-08-20 06:15:00,tempodotco,tempo.co,2533934,"Hampir separuh dari total anggaran pendidikan 2026 akan disedot untuk kepentingan proyek makan bergizi gratis. 

#EditorialTempo
https://t.co/OXTWTMjczS",hampir separuh dari total anggaran pendidikan 2026 akan disedot untuk kepentingan proyek makan bergizi gratis editorialtempo,in,116,53,16,13,9879,0,1_root,makan bergizi gratis[Top],,positif,2,https://x.com/tempodotco/status/1958050112841617819
2094321070316683600,2026-08-31 07:07:08,MichaelSamsul1,Michael Samsul,0,"Dukung program makan bergizi gratis untuk masa depan Indonesia yang lebih baik!
Cerita Manfaat dari Masyarakat https://t.co/pkgUcEBk4g",dukung program makan bergizi gratis untuk masa depan indonesia yang lebih baik cerita manfaat dari masyarakat,in,0,0,0,0,1,0,1_root,makan bergizi gratis[Top],,positif,5,https://x.com/MichaelSamsul1/status/2094321070316683600
1849053595938820302,2024-10-23 11:41:45,tempodotco,tempo.co,2533934,"#TempoFoto Saat Wapres Gibran Uji Coba Makan Bergizi Gratis di SMPN 270 Jakarta..🍱

📸Tempo https://t.co/kyQgvOk73M",tempofoto saat wapres gibran uji coba makan bergizi gratis di smpn 270 jakarta tempo,in,33,5,59,12,14962,0,1_root,makan bergizi gratis[Top],,positif,2,https://x.com/tempodotco/status/1849053595938820302
1867110231421096084,2024-12-12 07:32:23,tempodotco,tempo.co,2533934,"Kritik Makan Bergizi Gratis Cuma Rp10 Ribu, Megawati: Dapete Opo Tho Yo?
https://t.co/vqbM6yKl7n",kritik makan bergizi gratis cuma rp10 ribu megawati dapete opo tho yo,in,798,137,143,37,77054,0,1_root,makan bergizi gratis[Top],,positif,2,https://x.com/tempodotco/status/1867110231421096084
1864539239494635960,2024-12-05 05:16:10,tempodotco,tempo.co,2533934,"Prabowo Mengaku Diancam IHSG akan Turun Jika Jalankan Makan Bergizi Gratis
https://t.co/08uXtmvqjE",prabowo mengaku diancam ihsg akan turun jika jalankan makan bergizi gratis,in,287,40,201,58,36601,0,1_root,makan bergizi gratis[Top],,positif,2,https://x.com/tempodotco/status/1864539239494635960
1920040592190644359,2025-05-07 08:58:44,tempodotco,tempo.co,2533934,"#TempoFoto Bill Gates bersama Presiden Prabowo Subianto Meninjau Makan Bergizi Gratis di SDN Jati 03

📸Tempo/Muhammad Ilham Balindra https://t.co/oDav7AfTOj",tempofoto bill gates bersama presiden prabowo subianto meninjau makan bergizi gratis di sdn jati 03 tempo muhammad ilham balindra,in,42,4,10,14,15273,0,1_root,makan bergizi gratis[Top],,positif,2,https://x.com/tempodotco/status/1920040592190644359
1915767765866262776,2025-04-25 14:00:03,tempodotco,tempo.co,2533934,"Keluarga Prabowo dan para kroni menjadi pelaksana proyek makan bergizi gratis. Program populis, sarat KKN. #EditorialTempo #TempoMBG

https://t.co/W1nkKSKlCN",keluarga prabowo dan para kroni menjadi pelaksana proyek makan bergizi gratis program populis sarat kkn editorialtempo tempombg,in,1618,761,65,31,34642,0,1_root,makan bergizi gratis[Top],,positif,2,https://x.com/tempodotco/status/1915767765866262776
1863468780275601720,2024-12-02 06:22:33,tempodotco,tempo.co,2533934,"Anggaran Makan Bergizi Gratis Menciut Jadi Rp 10.000, Ini Versi Warteg Menu Nasi Rp 10.000

📸Tempo/Subekti

#TempoFoto https://t.co/4fQsCMAiVB",anggaran makan bergizi gratis menciut jadi rp 10 000 ini versi warteg menu nasi rp 10 000 tempo subekti tempofoto,in,330,74,62,13,21168,0,1_root,makan bergizi gratis[Top],,positif,2,https://x.com/tempodotco/status/1863468780275601720
2018572660670906446,2026-02-03 06:30:00,tempodotco,tempo.co,2533934,"Tak ada oposisi membuat Prabowo Subianto semena-mena membuat keputusan. Memusatkan apa saja di tangannya sendiri. Ia setuju saja membayar iuran setara 1,7 miliar porsi makan bergizi gratis demi bisa mendekat ke Amerika.

Dapatkan kemudahan membeli majalah TEMPO cetak di Tokopedia dan Shopee dengan link : https://t.co/OU5cxQ8sn3
atau hubungi CS kami di:
0811 8287 002",tak ada oposisi membuat prabowo subianto semena mena membuat keputusan memusatkan apa saja di tangannya sendiri ia setuju saja membayar iuran setara 1 7 miliar porsi makan bergizi gratis demi bisa mendekat ke amerika dapatkan kemudahan membeli majalah tempo cetak di tokopedia dan shopee dengan link atau hubungi cs kami di 0811 8287 002,in,301,131,27,10,14319,0,1_root,makan bergizi gratis[Top],,positif,3,https://x.com/tempodotco/status/2018572660670906446
2077559835621777754,2026-07-16 01:03:58,tempodotco,tempo.co,2533934,"Jaksa Agung Sanitiar Burhanuddin dan Kepala Polri Jenderal Listyo Sigit Prabowo saling berkunjung berdalih silaturahmi. Mereka tersenyum di depan kamera dan berjabat tangan.

#TempoPlus https://t.co/tUono3pe2C",jaksa agung sanitiar burhanuddin dan kepala polri jenderal listyo sigit prabowo saling berkunjung berdalih silaturahmi mereka tersenyum di depan kamera dan berjabat tangan tempoplus,in,286,131,39,11,12865,0,1_root,makan bergizi gratis[Top],,netral,0,https://x.com/tempodotco/status/2077559835621777754
2077559839149248845,2026-07-16 01:03:59,tempodotco,tempo.co,2533934,"Jaksa tampak grogi berhadapan dengan polisi. Tadi malam, mereka mengumumkan mantan Jaksa Agung Muda Tindak Pidana Khusus Febrie Adriansyah turun status menjadi saksi. 

Polisi sudah menetapkannya menjadi tersangka dugaan korupsi pemerasan para tersangka korupsi. Pengumuman itu kemudian diralat: Febrie tetap jadi tersangka kendati penanganannya pindah ke Kejaksaan.",jaksa tampak grogi berhadapan dengan polisi tadi malam mereka mengumumkan mantan jaksa agung muda tindak pidana khusus febrie adriansyah turun status menjadi saksi polisi sudah menetapkannya menjadi tersangka dugaan korupsi pemerasan para tersangka korupsi pengumuman itu kemudian diralat febrie tetap jadi tersangka kendati penanganannya pindah ke kejaksaan,in,7,2,2,0,2654,0,1_root,makan bergizi gratis[Top],,negatif,-2,https://x.com/tempodotco/status/2077559839149248845
2077559841242091587,2026-07-16 01:04:00,tempodotco,tempo.co,2533934,"Di lapangan, para jaksa juga menghentikan pengusutan dugaan korupsi proyek makan bergizi gratis yang melibatkan para jenderal polisi. 

Babak baru drama konflik polisi-jaksa belum berhenti meski pimpinan keduanya sudah berjabat tangan.

https://t.co/NXbnZhbXbi",di lapangan para jaksa juga menghentikan pengusutan dugaan korupsi proyek makan bergizi gratis yang melibatkan para jenderal polisi babak baru drama konflik polisi jaksa belum berhenti meski pimpinan keduanya sudah berjabat tangan,in,9,3,2,2,2430,0,1_root,makan bergizi gratis[Top],,positif,1,https://x.com/tempodotco/status/2077559841242091587
1884846744745501113,2025-01-30 06:10:57,tempodotco,tempo.co,2533934,"Badan Gizi Nasional mengungkapkan bahwa serangga bisa menjadi alternatif sumber protein dalam program Makan Bergizi Gratis.

#tempovideo https://t.co/hpiWLLLvrd",badan gizi nasional mengungkapkan bahwa serangga bisa menjadi alternatif sumber protein dalam program makan bergizi gratis tempovideo,in,16,3,34,8,6898,0,1_root,makan bergizi gratis[Top],,positif,2,https://x.com/tempodotco/status/1884846744745501113
1876465212112678995,2025-01-07 03:05:44,tempodotco,tempo.co,2533934,"Karut-Marut Makan Bergizi Gratis di Hari Pertama

Badan Gizi Nasional memulai program makan bergizi gratis, Senin, 6 Desember 2025. Sasaran awal program itu sebanyak 600 ribu anak di 26 provinsi. Namun banyak persoalan yang muncul pada hari pertama pelaksanaan janji kampanye Prabowo Subianto tersebut. Pihak sekolah kebingungan akibat ketiadaan petunjuk teknis kegiatan.

Apa saja persoalan makan bergizi gratis yang terjadi di lapangan?

#TempoHarian terbit empat kali sehari dalam bentuk digital. Baca di https://t.co/MR22quwcLm.

#TempoHarian #TempoPlus",karut marut makan bergizi gratis di hari pertama badan gizi nasional memulai program makan bergizi gratis senin 6 desember 2025 sasaran awal program itu sebanyak 600 ribu anak di 26 provinsi namun banyak persoalan yang muncul pada hari pertama pelaksanaan janji kampanye prabowo subianto tersebut pihak sekolah kebingungan akibat ketiadaan petunjuk teknis kegiatan apa saja persoalan makan bergizi gratis yang terjadi di lapangan tempoharian terbit empat kali sehari dalam bentuk digital baca di tempoharian tempoplus,in,1062,410,66,18,29726,0,1_root,makan bergizi gratis[Top],,positif,6,https://x.com/tempodotco/status/1876465212112678995
1924264010029154441,2025-05-19 00:41:05,saiful_mujani,saiful mujani,110248,makan bergizi gratis? anak teman ga mau makan dari mbg karena biasa makannhangat dan diantar ibunya dari rumah. eh ibunya dipanggil sekolah kenapa anaknya ga mau makan mbg itu. saya kira mudarat proyek politik ini.,makan bergizi gratis anak teman ga mau makan dari mbg karena biasa makannhangat dan diantar ibunya dari rumah eh ibunya dipanggil sekolah kenapa anaknya ga mau makan mbg itu saya kira mudarat proyek politik ini,in,15637,2006,205,203,522587,0,1_root,makan bergizi gratis[Top],,positif,2,https://x.com/saiful_mujani/status/1924264010029154441
1815614717593038908,2024-07-23 05:07:35,tempodotco,tempo.co,2533934,"Gibran ke Bogor Lihat Uji Coba Makan Bergizi Gratis, Makanan Diantar Lewat Gojek https://t.co/2uFsEotkUJ #TempoNasional",gibran ke bogor lihat uji coba makan bergizi gratis makanan diantar lewat gojek temponasional,in,52,12,55,11,15415,0,1_root,makan bergizi gratis[Top],,positif,2,https://x.com/tempodotco/status/1815614717593038908
2080265158535074292,2026-07-23 12:13:57,glasnostid,Glasnost Media,534421,Kepala Badan Gizi Nasional Sudaryono menegaskan bahwa program Makan Bergizi Gratis tidak dapat dihentikan dengan alasan apapun. https://t.co/aHnsHbYqZY,kepala badan gizi nasional sudaryono menegaskan bahwa program makan bergizi gratis tidak dapat dihentikan dengan alasan apapun,in,32,3,5,4,13482,0,1_root,makan bergizi gratis[Top],,positif,2,https://x.com/glasnostid/status/2080265158535074292
2052259633784332680,2026-05-07 05:30:00,tempodotco,tempo.co,2533934,JUST IN: KPK dan KSP Awasi Makan Bergizi Gratis lewat Stranas Pencegahan Korupsi,just in kpk dan ksp awasi makan bergizi gratis lewat stranas pencegahan korupsi,in,193,28,16,6,11779,0,1_root,makan bergizi gratis[Top],,positif,1,https://x.com/tempodotco/status/2052259633784332680
1880153079309562028,2025-01-17 07:20:00,tempodotco,tempo.co,2533934,"Bukan Zakat, Ketum PBNU Sebut Infak Lebih Layak untuk Biayai Makan Bergizi Gratis
https://t.co/29z6aWHcYA",bukan zakat ketum pbnu sebut infak lebih layak untuk biayai makan bergizi gratis,in,32,4,55,9,7681,0,1_root,makan bergizi gratis[Top],,positif,3,https://x.com/tempodotco/status/1880153079309562028
1879783141952651292,2025-01-16 06:50:00,tempodotco,tempo.co,2533934,"Guru Besar Ilmu Gizi Sebut Daun Kelor Tak Bisa Gantikan Susu dalam Menu Makan Bergizi Gratis
https://t.co/uR3QX2MPHl",guru besar ilmu gizi sebut daun kelor tak bisa gantikan susu dalam menu makan bergizi gratis,in,954,292,59,24,22673,0,1_root,makan bergizi gratis[Top],,positif,2,https://x.com/tempodotco/status/1879783141952651292
1877631547966468508,2025-01-10 08:20:20,irzanhakim,Irzan,2414,"Nggak kemakan
Nggak bergizi
Nggak “gratis”

Terus namanya makan bergizi gratis",nggak kemakan nggak bergizi nggak gratis terus namanya makan bergizi gratis,in,14515,3840,11,35,200508,0,1_root,makan bergizi gratis[Top],,positif,4,https://x.com/irzanhakim/status/1877631547966468508
1877616677103480926,2025-01-10 07:21:14,CNNIndonesia,CNN Indonesia,5042875,BPOM Temukan Kasus Sayur Basi untuk Program MBG https://t.co/EZdlaSLAnK,bpom temukan kasus sayur basi untuk program mbg,in,16949,3910,674,2274,5344490,0,1_root,makan bergizi gratis[Top],,negatif,-1,https://x.com/CNNIndonesia/status/1877616677103480926
1972938214143910149,2025-09-30 08:15:00,tempodotco,tempo.co,2533934,"Kasus keracunan makan bergizi gratis meluas. Data korban keracunan BGN lebih kecil dari data lembaga independen. 

#TempoPlus
https://t.co/WIY0RGmPTn",kasus keracunan makan bergizi gratis meluas data korban keracunan bgn lebih kecil dari data lembaga independen tempoplus,in,84,41,14,6,8323,0,1_root,makan bergizi gratis[Top],,netral,0,https://x.com/tempodotco/status/1972938214143910149
1957702824323592617,2025-08-19 07:15:00,tempodotco,tempo.co,2533934,"Presiden Prabowo Subianto memaparkan keberhasilan program makan bergizi gratis. Klaim bermasalah tanpa kejelasan data. 

#EditorialTempo
https://t.co/ZY6twh5xV8",presiden prabowo subianto memaparkan keberhasilan program makan bergizi gratis klaim bermasalah tanpa kejelasan data editorialtempo,in,47,18,17,4,6711,0,1_root,makan bergizi gratis[Top],,positif,2,https://x.com/tempodotco/status/1957702824323592617
1912676748862566812,2025-04-17 01:17:27,tempodotco,tempo.co,2533934,"Kocar-kacir Makan Bergizi Gratis

Mitra dapur yayasan penyedia makan bergizi gratis di Satuan Pelayanan Pemenuhan Gizi di Kalibata sempat tak beroperasi sejak libur Lebaran 2025. Dapur itu tak lagi mengebul lantaran terjadi kekisruhan pembayaran dari pihak yayasan.

#TempoPlus https://t.co/dbcrYFlz35",kocar kacir makan bergizi gratis mitra dapur yayasan penyedia makan bergizi gratis di satuan pelayanan pemenuhan gizi di kalibata sempat tak beroperasi sejak libur lebaran 2025 dapur itu tak lagi mengebul lantaran terjadi kekisruhan pembayaran dari pihak yayasan tempoplus,in,1062,564,40,31,157108,0,1_root,makan bergizi gratis[Top],,positif,4,https://x.com/tempodotco/status/1912676748862566812
1983835762073465097,2025-10-30 09:57:58,tempodotco,tempo.co,2533934,Kepala Badan Gizi Nasional Dadan Hindayana membantah lembaganya memberikan Rp 5 juta untuk SPPG yang membuat video promosi positif makan bergizi gratis. https://t.co/oSJjnGM1dv,kepala badan gizi nasional dadan hindayana membantah lembaganya memberikan rp 5 juta untuk sppg yang membuat video promosi positif makan bergizi gratis,in,80,26,34,10,11735,0,1_root,makan bergizi gratis[Top],,positif,3,https://x.com/tempodotco/status/1983835762073465097
2092141269237768308,2026-08-25 06:45:23,bangherwin,herwin,14558,"Utang RI sudah Rp 10.293 T. 

Pemerintahan Prabowo–Fufufafa masih aja tetap memaksakan MBG sebagai program andalan.

Makan Bergizi Gratis sebuah proyek besar dari industrialisasi tinja, tapi dikemas sebagai investasi generasi emas.

Pertanyaanya adalah:
Kapan negara berhenti menghitung keberhasilan dari jumlah porsi yang dimasak, bukan dari porsi yang benar-benar dimakan.",utang ri sudah rp 10 293 t pemerintahan prabowo fufufafa masih aja tetap memaksakan mbg sebagai program andalan makan bergizi gratis sebuah proyek besar dari industrialisasi tinja tapi dikemas sebagai investasi generasi emas pertanyaanya adalah kapan negara berhenti menghitung keberhasilan dari jumlah porsi yang dimasak bukan dari porsi yang benar benar dimakan,in,483,338,53,16,12753,0,1_root,makan bergizi gratis[Top],,positif,2,https://x.com/bangherwin/status/2092141269237768308
1798144099419406550,2024-06-05 00:05:35,tempodotco,tempo.co,2533934,Sri Mulyani Dukung Program Makan Bergizi Gratis Prabowo: Untuk Perbaikan Sumber Daya Manusia https://t.co/3Rx5ibLX6o #TempoBisnis,sri mulyani dukung program makan bergizi gratis prabowo untuk perbaikan sumber daya manusia tempobisnis,in,44,14,99,32,24743,0,1_root,makan bergizi gratis[Top],,positif,3,https://x.com/tempodotco/status/1798144099419406550
1919950609698193740,2025-05-07 03:01:10,tempodotco,tempo.co,2533934,"BGN akan Alokasikan Rp 6 Triliun untuk Bangun 1.542 SPPG Makan Bergizi Gratis
https://t.co/LvG9kyBz7c",bgn akan alokasikan rp 6 triliun untuk bangun 1 542 sppg makan bergizi gratis,in,18,5,12,6,5588,0,1_root,makan bergizi gratis[Top],,positif,2,https://x.com/tempodotco/status/1919950609698193740
2074063303090029054,2026-07-06 09:30:00,tempodotco,tempo.co,2533934,"Bukti Telanjang Kegagalan Proyek Makan Bergizi Gratis

#TempoPlus
https://t.co/SK5SJg3ucs",bukti telanjang kegagalan proyek makan bergizi gratis tempoplus,in,325,139,30,2,16195,0,1_root,makan bergizi gratis[Top],,positif,2,https://x.com/tempodotco/status/2074063303090029054
2094080338456973357,2026-08-30 15:10:33,fajarpri08,Tvrakyat absurd news,0,"Video yang memperlihatkan benda diduga peluru senapan angin ditemukan di dalam potongan daging menu Makan Bergizi Gratis (MBG) viral di media sosial. Benda tersebut disebut ditemukan oleh seorang siswa kelas 5 SD Negeri 3 Sindangsari, Lampung Utara, saat menerima makanan MBG. https://t.co/g77PVKkrIS",video yang memperlihatkan benda diduga peluru senapan angin ditemukan di dalam potongan daging menu makan bergizi gratis mbg viral di media sosial benda tersebut disebut ditemukan oleh seorang siswa kelas 5 sd negeri 3 sindangsari lampung utara saat menerima makanan mbg,in,0,0,0,0,12,0,1_root,makan bergizi gratis[Top],,positif,2,https://x.com/fajarpri08/status/2094080338456973357
1972163130995155122,2025-09-28 04:55:06,tempodotco,tempo.co,2533934,"Lepas Tangan Dapur MBG 

Muncul gerakan dari para orang tua murid agar sekolah menolak makan bergizi gratis. Selain itu, ada dapur yang menawarkan sebagai penyedia makan siang gratis, tapi enggan bertanggung jawab jika muncul insiden keracunan.

Simak selengkapnya Program Bocor Alus Politik di Channel Youtube Tempodotco dan Spotify

#BocorAlusPolitik #PodcastBAP #PodcastTempo",lepas tangan dapur mbg muncul gerakan dari para orang tua murid agar sekolah menolak makan bergizi gratis selain itu ada dapur yang menawarkan sebagai penyedia makan siang gratis tapi enggan bertanggung jawab jika muncul insiden keracunan simak selengkapnya program bocor alus politik di channel youtube tempodotco dan spotify bocoraluspolitik podcastbap podcasttempo,in,1514,537,31,7,43667,0,1_root,makan bergizi gratis[Top],,netral,0,https://x.com/tempodotco/status/1972163130995155122
1905198272173748455,2025-03-27 10:00:39,tempodotco,tempo.co,2533934,Kepala BGN Dadan Hindayana tidak membantah terkait menunggaknya gaji staf SPPG.,kepala bgn dadan hindayana tidak membantah terkait menunggaknya gaji staf sppg,in,14,4,1,0,5629,0,1_root,makan bergizi gratis[Top],,netral,0,https://x.com/tempodotco/status/1905198272173748455
1905198285440331881,2025-03-27 10:00:42,tempodotco,tempo.co,2533934,"Ia berdalih, status mereka belum menjadi Pegawai Pemerintah dengan Perjanjian Kerja (PPPK) sehingga anggaran gaji dari APBN tidak bisa turun.
https://t.co/wJhbVletxT",ia berdalih status mereka belum menjadi pegawai pemerintah dengan perjanjian kerja pppk sehingga anggaran gaji dari apbn tidak bisa turun,in,15,5,4,22,6916,0,1_root,makan bergizi gratis[Top],,netral,0,https://x.com/tempodotco/status/1905198285440331881
2094144129974546719,2026-08-30 19:24:02,Derafumto,Derafumto,0,"Mari dukung program Makan Bergizi Gratis (MBG) untuk mencetak generasi yang sehat dan cerdas! Bersama-sama, kita wujudkan visi menuju Indonesia Emas 2045. https://t.co/XMOimBYobs",mari dukung program makan bergizi gratis mbg untuk mencetak generasi yang sehat dan cerdas bersama sama kita wujudkan visi menuju indonesia emas 2045,in,0,0,0,0,2,0,1_root,makan bergizi gratis[Top],,positif,4,https://x.com/Derafumto/status/2094144129974546719
1892129550806495238,2025-02-19 08:30:13,tempodotco,tempo.co,2533934,"Jaringan Pemantau Pendidikan Indonesia (JPPI) mengecam tindakan represif aparat kepolisian terhadap pelajar yang menggelar demonstrasi menolak program Makan Bergizi Gratis di Jayapura dan Wamena, Papua.

#TempoHeadliner https://t.co/z8M28zQM1u",jaringan pemantau pendidikan indonesia jppi mengecam tindakan represif aparat kepolisian terhadap pelajar yang menggelar demonstrasi menolak program makan bergizi gratis di jayapura dan wamena papua tempoheadliner,in,1885,968,12,8,19893,0,1_root,makan bergizi gratis[Top],,positif,1,https://x.com/tempodotco/status/1892129550806495238
1970763887017361827,2025-09-24 08:15:00,tempodotco,tempo.co,2533934,"DPR menyetujui anggaran Rp 335 triliun untuk makan bergizi gratis tahun depan. Tambahan belanja di tengah serapan yang rendah. 

#TempoPlus
https://t.co/xJTBNeKDkw",dpr menyetujui anggaran rp 335 triliun untuk makan bergizi gratis tahun depan tambahan belanja di tengah serapan yang rendah tempoplus,in,26,13,12,26,18700,0,1_root,makan bergizi gratis[Top],,positif,2,https://x.com/tempodotco/status/1970763887017361827
1878736253291749748,2025-01-13 09:30:02,tempodotco,tempo.co,2533934,"Masalah Baru Makan Bergizi Gratis: Sampah Kemasan dan Limbah Makanan
#TempoPlus https://t.co/qSphzztjOz",masalah baru makan bergizi gratis sampah kemasan dan limbah makanan tempoplus,in,218,77,10,9,6614,0,1_root,makan bergizi gratis[Top],,positif,1,https://x.com/tempodotco/status/1878736253291749748
2073217731826987322,2026-07-04 01:30:00,tempodotco,tempo.co,2533934,"Penggembosan Demo Mahasiswa Penolak MBG

Pemerintah menghalau unjuk rasa yang memprotes makan bergizi gratis dan koperasi desa merah putih. Menggalang mahasiswa, mengumpulkan rektor, hingga membuat aksi yang mendukung program Prabowo.

Simak bocoran selengkapnya di YouTube Tempodotco dan Spotify Bocor Alus Politik. Tayang premiere hari Sabtu, 4 Juli 2026 pukul 11.00 WIB.

#BocorAlusPolitik #PodcastBAP #PodcastTempo",penggembosan demo mahasiswa penolak mbg pemerintah menghalau unjuk rasa yang memprotes makan bergizi gratis dan koperasi desa merah putih menggalang mahasiswa mengumpulkan rektor hingga membuat aksi yang mendukung program prabowo simak bocoran selengkapnya di youtube tempodotco dan spotify bocor alus politik tayang premiere hari sabtu 4 juli 2026 pukul 11 00 wib bocoraluspolitik podcastbap podcasttempo,in,1062,369,33,7,109375,0,1_root,makan bergizi gratis[Top],,positif,2,https://x.com/tempodotco/status/2073217731826987322
2065574917819789642,2026-06-12 23:20:11,tempodotco,tempo.co,2533934,#TempoPlus https://t.co/rf7cKIpckf,tempoplus,qme,41494,19508,163,56,447465,0,1_root,makan bergizi gratis[Top],,netral,0,https://x.com/tempodotco/status/2065574917819789642
2065593758046191848,2026-06-13 00:35:03,tempodotco,tempo.co,2533934,"Mahasiswa kembali turun ke jalan. Mereka menyuarakan lima tuntutan: setop kebijakan yang memboroskan anggaran, hentikan makan bergizi gratis dan koperasi merah putih, turunkan harga kebutuhan pokok, hentikan perluasan militer di segala segi, dan Prabowo mengakui kesalahan pemerintah mengelola negara.",mahasiswa kembali turun ke jalan mereka menyuarakan lima tuntutan setop kebijakan yang memboroskan anggaran hentikan makan bergizi gratis dan koperasi merah putih turunkan harga kebutuhan pokok hentikan perluasan militer di segala segi dan prabowo mengakui kesalahan pemerintah mengelola negara,in,216,31,5,7,29400,0,1_root,makan bergizi gratis[Top],,positif,2,https://x.com/tempodotco/status/2065593758046191848
1844739370622005503,2024-10-11 13:58:34,tempodotco,tempo.co,2533934,Hashim Sebut Makan Bergizi Gratis Tidak Wajib: Kalau Tidak Mau Makan Boleh Saja https://t.co/lpdSgxCbkb #TempoBisnis,hashim sebut makan bergizi gratis tidak wajib kalau tidak mau makan boleh saja tempobisnis,in,42,9,30,7,9051,0,1_root,makan bergizi gratis[Top],,positif,2,https://x.com/tempodotco/status/1844739370622005503
1880210960675180916,2025-01-17 11:10:00,tempodotco,tempo.co,2533934,"Buntut Kasus Keracunan Makan Bergizi Gratis, Prabowo Panggil Kepala Badan Gizi Nasional
https://t.co/T8YbnLK9hw",buntut kasus keracunan makan bergizi gratis prabowo panggil kepala badan gizi nasional,in,46,19,15,5,5736,0,1_root,makan bergizi gratis[Top],,positif,1,https://x.com/tempodotco/status/1880210960675180916
1848726518916387212,2024-10-22 14:02:04,tempodotco,tempo.co,2533934,Budiman Sudjatmiko Targetkan Masyarakat Miskin jadi Pemasok Makan Bergizi Gratis https://t.co/x7WMwMP47Q #TempoVideo,budiman sudjatmiko targetkan masyarakat miskin jadi pemasok makan bergizi gratis tempovideo,in,79,17,147,31,22450,0,1_root,makan bergizi gratis[Top],,positif,2,https://x.com/tempodotco/status/1848726518916387212
1844593542867583381,2024-10-11 04:19:06,tempodotco,tempo.co,2533934,"Uji Coba Makan Bergizi Gratis di SMA 70 Dinilai Salah Sasaran, Disdik DKI: Demografi Siswanya Heterogen https://t.co/jVng5M1sDe #TempoNasional",uji coba makan bergizi gratis di sma 70 dinilai salah sasaran disdik dki demografi siswanya heterogen temponasional,in,62,12,41,7,8416,0,1_root,makan bergizi gratis[Top],,positif,1,https://x.com/tempodotco/status/1844593542867583381
1914917148482523415,2025-04-23 05:40:00,tempodotco,tempo.co,2533934,"Prabowo Respons Dugaan Penggelapan Dana Makan Bergizi Gratis
https://t.co/kwAOIeVwLC",prabowo respons dugaan penggelapan dana makan bergizi gratis,in,50,6,12,8,8713,0,1_root,makan bergizi gratis[Top],,positif,2,https://x.com/tempodotco/status/1914917148482523415
1967039789447929886,2025-09-14 01:36:46,barengwarga,Bareng Warga - #BebaskanKawanKami,247851,"Bangun All, alokasi anggaran dikelola serampangan lagi. @prabowo memilih mengalokasikan anggaran pendidikan untuk program Makan Bergizi Gratis (MBG) ketimbang menjalankan putusan Mahkamah Konstitusi (MK) tentang sekolah tanpa pungutan biaya.

Sebanyak 44,2 persen anggaran pendidikan dialihkan untuk MBG, bukannya melaksanakan putusan sekolah gratis malah langganan nabrak konstitusi lagi.",bangun all alokasi anggaran dikelola serampangan lagi memilih mengalokasikan anggaran pendidikan untuk program makan bergizi gratis mbg ketimbang menjalankan putusan mahkamah konstitusi mk tentang sekolah tanpa pungutan biaya sebanyak 44 2 persen anggaran pendidikan dialihkan untuk mbg bukannya melaksanakan putusan sekolah gratis malah langganan nabrak konstitusi lagi,in,11659,8674,261,1182,917207,0,1_root,makan bergizi gratis[Top],,positif,3,https://x.com/barengwarga/status/1967039789447929886
1917784225249636367,2025-05-01 03:32:44,CNNIndonesia,CNN Indonesia,5042875,"Ratusan Siswa SMP Bandung Keracunan Usai Santap Makan Bergizi Gratis
https://t.co/xRPwU7sGS8",ratusan siswa smp bandung keracunan usai santap makan bergizi gratis,in,8066,2763,546,855,380028,0,1_root,makan bergizi gratis[Top],,positif,1,https://x.com/CNNIndonesia/status/1917784225249636367
1936056441204564279,2025-06-20 13:40:00,tempodotco,tempo.co,2533934,"Makan Bergizi Gratis Bisa Berlanjut Saat Libur Sekolah
https://t.co/SkiL8NZUBQ",makan bergizi gratis bisa berlanjut saat libur sekolah,in,26,3,40,11,12364,0,1_root,makan bergizi gratis[Top],,positif,2,https://x.com/tempodotco/status/1936056441204564279
2090329232723358012,2026-08-20 06:45:00,tempodotco,tempo.co,2533934,Mengapa Polisi Tidak Izinkan Mahasiswa Demo di Bundaran HI?🤔,mengapa polisi tidak izinkan mahasiswa demo di bundaran hi,in,1182,99,21,1,55936,0,1_root,makan bergizi gratis[Top],,netral,0,https://x.com/tempodotco/status/2090329232723358012
2090329233927057768,2026-08-20 06:45:00,tempodotco,tempo.co,2533934,"Polisi memperkirakan gangguan lalu lintas di Bundaran HI dapat berdampak hingga Patung Kuda, Semanggi, Sudirman, Slipi, dan Gatot Subroto.",polisi memperkirakan gangguan lalu lintas di bundaran hi dapat berdampak hingga patung kuda semanggi sudirman slipi dan gatot subroto,in,4,0,2,0,1441,0,1_root,makan bergizi gratis[Top],,netral,0,https://x.com/tempodotco/status/2090329233927057768
2090329234195534136,2026-08-20 06:45:00,tempodotco,tempo.co,2533934,"Dalam aksi tersebut, mahasiswa membawa delapan tuntutan, di antaranya menurunkan harga kebutuhan pokok dan BBM, menghentikan program Makan Bergizi Gratis dan Koperasi Desa/Kelurahan Merah Putih, serta mengevaluasi proyek strategis nasional.",dalam aksi tersebut mahasiswa membawa delapan tuntutan di antaranya menurunkan harga kebutuhan pokok dan bbm menghentikan program makan bergizi gratis dan koperasi desa kelurahan merah putih serta mengevaluasi proyek strategis nasional,in,9,0,1,0,2360,0,1_root,makan bergizi gratis[Top],,positif,2,https://x.com/tempodotco/status/2090329234195534136
2093907801181737303,2026-08-30 03:44:57,PratamaAnd64790,Andi Pratama,0,"Program Makan Bergizi Gratis (MBG) menghadirkan cerita manfaat nyata bagi masyarakat. Sebagai langkah nyata untuk kesejahteraan, MBG bantu menghemat pengeluaran keluarga, menjaga kesehatan anak, dan membuat belajar lebih fokus🍱🇮🇩✨ #MakanBergiziGratis https://t.co/MIp2o3WU3B",program makan bergizi gratis mbg menghadirkan cerita manfaat nyata bagi masyarakat sebagai langkah nyata untuk kesejahteraan mbg bantu menghemat pengeluaran keluarga menjaga kesehatan anak dan membuat belajar lebih fokus makanbergizigratis,in,29,11,3,0,27742,0,1_root,makan bergizi gratis[Top],,positif,2,https://x.com/PratamaAnd64790/status/2093907801181737303
1891481960788156777,2025-02-17 13:36:56,Dandhy_Laksono,Dandhy Laksono,342107,"Ribuan pelajar di Papua turun ke jalan (17 Feb) menolak makan gratis. Menurut polisi, di Wamena saja, ada 3.500 orang berunjuk rasa. 

Mereka menuntut pendidikan dan kesehatan yang merata.

Kericuhan terjadi di Wamena dan Yalimo yang melibatkan tembakan.

https://t.co/qxPzfkJpFa https://t.co/zeKjWffO6a",ribuan pelajar di papua turun ke jalan 17 feb menolak makan gratis menurut polisi di wamena saja ada 3 500 orang berunjuk rasa mereka menuntut pendidikan dan kesehatan yang merata kericuhan terjadi di wamena dan yalimo yang melibatkan tembakan,in,7818,3414,100,67,200559,0,1_root,makan bergizi gratis[Top],,positif,1,https://x.com/Dandhy_Laksono/status/1891481960788156777
1833680502819299726,2024-09-11 01:34:34,tempodotco,tempo.co,2533934,"Promosikan Program Makan Bergizi Gratis pada 2025, Budi Arie Anggarkan Dana Rp 10 Miliar https://t.co/GpE82pY1n6 #TempoBisnis",promosikan program makan bergizi gratis pada 2025 budi arie anggarkan dana rp 10 miliar tempobisnis,in,21,6,71,10,9103,0,1_root,makan bergizi gratis[Top],,positif,2,https://x.com/tempodotco/status/1833680502819299726
1867792861179290083,2024-12-14 04:44:54,tempodotco,tempo.co,2533934,"Cak Imin Bilang Anggaran Makan Bergizi Gratis Rp 10 Ribu per Porsi Masih Simulasi
https://t.co/NhHGSAy4Ew",cak imin bilang anggaran makan bergizi gratis rp 10 ribu per porsi masih simulasi,in,35,5,64,7,10596,0,1_root,makan bergizi gratis[Top],,positif,2,https://x.com/tempodotco/status/1867792861179290083
2043131989075828931,2026-04-12 01:00:00,tempodotco,tempo.co,2533934,"Kepala Badan Gizi Nasional Dadan Hindayana mengatakan BGN mulai menerapkan sistem bekerja dari rumah atau work from home (WFH) setiap Jumat untuk menghemat penggunaan bahan bakar minyak (BBM). 

Namun, Dadan menyebut WFH dikecualikan untuk pengurus satuan layanan pemenuhan gizi (SPPG) atau dapur makan bergizi gratis.",kepala badan gizi nasional dadan hindayana mengatakan bgn mulai menerapkan sistem bekerja dari rumah atau work from home wfh setiap jumat untuk menghemat penggunaan bahan bakar minyak bbm namun dadan menyebut wfh dikecualikan untuk pengurus satuan layanan pemenuhan gizi sppg atau dapur makan bergizi gratis,in,151,30,39,9,15999,0,1_root,makan bergizi gratis[Top],,positif,2,https://x.com/tempodotco/status/2043131989075828931
2093966891308163286,2026-08-30 07:39:45,noobodyy404,Manusia Biasa,1,"Makan Bergizi Gratis, generasi sehat, ekonomi bergerak, masa depan Indonesia semakin kuat. Mari bersama mendukung program yang berorientasi pada peningkatan kualitas manusia dan kesejahteraan masyarakat. 🇮🇩🥗 https://t.co/4G4GKWOKAB",makan bergizi gratis generasi sehat ekonomi bergerak masa depan indonesia semakin kuat mari bersama mendukung program yang berorientasi pada peningkatan kualitas manusia dan kesejahteraan masyarakat,in,0,0,0,0,5,0,1_root,makan bergizi gratis[Top],,positif,4,https://x.com/noobodyy404/status/2093966891308163286
2093707530941935983,2026-08-29 14:29:09,pusattinformasi,pusatinformasiid,0,"Badan Gizi Nasional resmi menghentikan alokasi Makan Bergizi Gratis untuk sekitar 80 sekolah swasta elite di Indonesia. 

#beritaterkini #foryou #fyp #mbg #bgn https://t.co/Zd99O76gko",badan gizi nasional resmi menghentikan alokasi makan bergizi gratis untuk sekitar 80 sekolah swasta elite di indonesia beritaterkini foryou fyp mbg bgn,in,0,0,0,0,1,0,1_root,makan bergizi gratis[Top],,positif,2,https://x.com/pusattinformasi/status/2093707530941935983
1893963319419289916,2025-02-24 09:56:58,YLBHI,YayasanLBHIndonesia,131109,"Gelombang aksi menuntut Pendidikan gratis dan menolak makan bergizi gratis terus berlangsung di Papua.

Hari ini, aksi kedua di Paniai, Provinsi Papua Tengah dilakukan oleh ratusan siswa Sekolah Menengah Atas (SMA) di depan kantor Bupati Paniai.

Informasi kami dapatkan dari @LbhPapua",gelombang aksi menuntut pendidikan gratis dan menolak makan bergizi gratis terus berlangsung di papua hari ini aksi kedua di paniai provinsi papua tengah dilakukan oleh ratusan siswa sekolah menengah atas sma di depan kantor bupati paniai informasi kami dapatkan dari,in,8174,4344,69,56,193594,0,1_root,makan bergizi gratis[Top],,positif,2,https://x.com/YLBHI/status/1893963319419289916
1957286939012497446,2025-08-18 03:42:25,tempodotco,tempo.co,2533929,"Sederet keberhasilan program makan bergizi gratis (MBG) yang diungkapkan Presiden Prabowo Subianto saat berpidato dalam sidang tahunan Majelis Permusyawaratan Rakyat pada Jumat, 15 Agustus 2025, dianggap sebagai sulap statistik. Klaim keberhasilan tersebut dinilai berlebihan.

#TempoHarian #TempoPlus",sederet keberhasilan program makan bergizi gratis mbg yang diungkapkan presiden prabowo subianto saat berpidato dalam sidang tahunan majelis permusyawaratan rakyat pada jumat 15 agustus 2025 dianggap sebagai sulap statistik klaim keberhasilan tersebut dinilai berlebihan tempoharian tempoplus,in,364,156,20,5,16837,0,1_root,makan bergizi gratis[Top],,positif,2,https://x.com/tempodotco/status/1957286939012497446
2031601277327782341,2026-03-11 05:21:04,tempodotco,tempo.co,2533929,Catatan: Gambar Lele Hanya Ilustrasi,catatan gambar lele hanya ilustrasi,in,16,0,4,0,28629,0,1_root,makan bergizi gratis[Top],,netral,0,https://x.com/tempodotco/status/2031601277327782341
2031603422512992629,2026-03-11 05:29:35,tempodotco,tempo.co,2533929,"Badan Gizi Nasional mengatakan lele mentah yang diberikan dapur makan bergizi gratis ke SMA Negeri 2 Pamekasan, Jawa Timur, adalah lele marinasi. https://t.co/Ba6qUSP6Dx",badan gizi nasional mengatakan lele mentah yang diberikan dapur makan bergizi gratis ke sma negeri 2 pamekasan jawa timur adalah lele marinasi,in,81,13,7,9,26164,0,1_root,makan bergizi gratis[Top],,positif,2,https://x.com/tempodotco/status/2031603422512992629
2001867201121559021,2025-12-19 04:08:28,avocadoIatte,Nanfis,828,"Makan Bergizi Gratis ❌
Makan Siang Gratis ✅

Untuk teman-teman yang hadir di The First Snow JKT48 14th Anniversary Concert &amp; Gracia Graduation Ceremony, ada traktiran dari @A_FionyJKT48 nih!✨

Detail tempat untuk pengambilan makanan akan diinformasikan di hari acara, see you! https://t.co/7ftmzBty9l",makan bergizi gratis makan siang gratis untuk teman teman yang hadir di the first snow jkt48 14th anniversary concert amp gracia graduation ceremony ada traktiran dari nih detail tempat untuk pengambilan makanan akan diinformasikan di hari acara see you,in,1017,174,55,15,60637,0,1_root,makan bergizi gratis[Top],,positif,3,https://x.com/avocadoIatte/status/2001867201121559021
1846805361598386459,2024-10-17 06:48:04,tempodotco,tempo.co,2533929,"Dukung Makan Bergizi Gratis, Pemerintah Gandeng 46 Perusahaan untuk Impor 1,3 Juta Ekor Sapi https://t.co/EHZedq2uft #TempoBisnis",dukung makan bergizi gratis pemerintah gandeng 46 perusahaan untuk impor 1 3 juta ekor sapi tempobisnis,in,183,77,207,50,27311,0,1_root,makan bergizi gratis[Top],,positif,3,https://x.com/tempodotco/status/1846805361598386459
1917836389783330966,2025-05-01 07:00:01,tempodotco,tempo.co,2533929,"Keracunan makanan dalam proyek MBG terjadi di berbagai daerah. Mengapa? #TempoPlus

https://t.co/ZJmXp6AEX8",keracunan makanan dalam proyek mbg terjadi di berbagai daerah mengapa tempoplus,in,599,255,22,9,11633,0,1_root,makan bergizi gratis[Top],,negatif,-1,https://x.com/tempodotco/status/1917836389783330966
1798363964755349864,2024-06-05 14:39:15,tempodotco,tempo.co,2533929,"Sri Mulyani Yakin Program Makan Bergizi Gratis Prabowo Dongkrak Pertumbuhan Ekonomi, Ini Alasannya https://t.co/ya8K7e912I #TempoBisnis",sri mulyani yakin program makan bergizi gratis prabowo dongkrak pertumbuhan ekonomi ini alasannya tempobisnis,in,20,6,52,9,7959,0,1_root,makan bergizi gratis[Top],,positif,2,https://x.com/tempodotco/status/1798363964755349864
1913894193464045879,2025-04-20 09:55:08,tempodotco,tempo.co,2533929,"Tak Transparan Makan Bergizi Gratis

Komisi Pemberantasan Korupsi mempersoalkan transparansi program Makan Bergizi Gratis. Penunjukan mitra bersifat eksklusif.

Simak selengkapnya Program Bocor Alus Politik di Channel Youtube Tempodotco dan Spotify

#BocorAlusPolitik #PodcastBAP #PodcastTempo",tak transparan makan bergizi gratis komisi pemberantasan korupsi mempersoalkan transparansi program makan bergizi gratis penunjukan mitra bersifat eksklusif simak selengkapnya program bocor alus politik di channel youtube tempodotco dan spotify bocoraluspolitik podcastbap podcasttempo,in,551,245,29,4,11295,0,1_root,makan bergizi gratis[Top],,positif,3,https://x.com/tempodotco/status/1913894193464045879
1855901997892776154,2024-11-11 09:14:51,tempodotco,tempo.co,2533929,Prabowo: China akan Dukung Pendanaan Program Makan Bergizi Gratis https://t.co/Bt9jQpvs11,prabowo china akan dukung pendanaan program makan bergizi gratis,in,39,8,79,14,23331,0,1_root,makan bergizi gratis[Top],,positif,3,https://x.com/tempodotco/status/1855901997892776154
2088054401240023094,2026-08-14 00:05:38,tempodotco,tempo.co,2533929,"Utang pemerintah pada Juni 2026 mencapai rekor baru senilai Rp 10.293,69 triliun.

Dengan angka itu, rasio utang terhadap produk domestik bruto (PDB) mencapai 41,26 persen. 

#TempoPlus https://t.co/vfajcAOLAm",utang pemerintah pada juni 2026 mencapai rekor baru senilai rp 10 293 69 triliun dengan angka itu rasio utang terhadap produk domestik bruto pdb mencapai 41 26 persen tempoplus,in,111,51,20,5,12645,0,1_root,makan bergizi gratis[Top],,netral,0,https://x.com/tempodotco/status/2088054401240023094
2088054404457103548,2026-08-14 00:05:38,tempodotco,tempo.co,2533929,"Meski masih di bawah batas maksimal rasio utang terhadap PDB, sebanyak 41 persen penerimaan APBN habis untuk membayar bunga, belum termasuk cicilan pokok utang.",meski masih di bawah batas maksimal rasio utang terhadap pdb sebanyak 41 persen penerimaan apbn habis untuk membayar bunga belum termasuk cicilan pokok utang,in,2,1,1,0,855,0,1_root,makan bergizi gratis[Top],,netral,0,https://x.com/tempodotco/status/2088054404457103548
2088054408303235556,2026-08-14 00:05:39,tempodotco,tempo.co,2533929,"Sejumlah ekonom mengingatkan pemerintah untuk menghemat belanja agar utang tidak makin mencekik, termasuk pada program makan bergizi gratis dan Koperasi Kelurahan/Desa Merah Putih.",sejumlah ekonom mengingatkan pemerintah untuk menghemat belanja agar utang tidak makin mencekik termasuk pada program makan bergizi gratis dan koperasi kelurahan desa merah putih,in,4,1,1,0,2020,0,1_root,makan bergizi gratis[Top],,positif,2,https://x.com/tempodotco/status/2088054408303235556
2093940738623172720,2026-08-30 05:55:50,divavida000,Diva,0,"Program Makan Bergizi Gratis (MBG) mulai jalan di ribuan sekolah. Anak-anak dapat makan siang berimbang setiap hari — gizi tercukupi, prestasi meningkat.",program makan bergizi gratis mbg mulai jalan di ribuan sekolah anak anak dapat makan siang berimbang setiap hari gizi tercukupi prestasi meningkat,in,0,0,1,0,10,0,1_root,makan bergizi gratis[Top],,positif,4,https://x.com/divavida000/status/2093940738623172720
1914979171224396153,2025-04-23 09:46:27,tempodotco,tempo.co,2533929,"Presiden Prabowo Subianto merespons polemik Mitra Dapur di Kalibata, Jakarta Selatan, yang melaporkan yayasan makan bergizi gratis ke kepolisian karena dugaan penggelapan dana hingga Rp 975 juta.

#tempodotco #tempo #Prabowo #makan #bergizi #gratis #MBG https://t.co/lULDg60fDK",presiden prabowo subianto merespons polemik mitra dapur di kalibata jakarta selatan yang melaporkan yayasan makan bergizi gratis ke kepolisian karena dugaan penggelapan dana hingga rp 975 juta tempodotco tempo prabowo makan bergizi gratis mbg,in,18,9,4,5,4493,0,1_root,makan bergizi gratis[Top],,positif,4,https://x.com/tempodotco/status/1914979171224396153
1915028332824940597,2025-04-23 13:01:48,tempodotco,tempo.co,2533929,"Lalu ada Kosmas Semen Janggat, mantan caleg Gerindra dari NTT, yang dapurnya sekarang aktif di Manggarai Barat.",lalu ada kosmas semen janggat mantan caleg gerindra dari ntt yang dapurnya sekarang aktif di manggarai barat,in,48,12,1,0,4738,0,1_root,makan bergizi gratis[Top],,netral,0,https://x.com/tempodotco/status/1915028332824940597
1915028336830771495,2025-04-23 13:01:49,tempodotco,tempo.co,2533929,"Awalnya proyek ini bakal dijalankan oleh tentara, tapi mereka menilai tentara belum siap.

Akhirnya yayasan Kosmas yang menggarap makan bergizi gratis.",awalnya proyek ini bakal dijalankan oleh tentara tapi mereka menilai tentara belum siap akhirnya yayasan kosmas yang menggarap makan bergizi gratis,in,40,9,1,5,6761,0,1_root,makan bergizi gratis[Top],,positif,2,https://x.com/tempodotco/status/1915028336830771495
1943613737996337300,2025-07-11 10:10:00,tempodotco,tempo.co,2533929,"Badan Gizi Minta Tambahan Rp 118 Triliun untuk Makan Bergizi Gratis 2026
https://t.co/qsyk153ols",badan gizi minta tambahan rp 118 triliun untuk makan bergizi gratis 2026,in,56,11,61,11,12586,0,1_root,makan bergizi gratis[Top],,positif,2,https://x.com/tempodotco/status/1943613737996337300
1971473563053113631,2025-09-26 07:15:00,tempodotco,tempo.co,2533929,"Proyek makan bergizi gratis salah desain sejak awal. Pelaksanaannya kacau-balau. 

#EditorialTempo
https://t.co/BwGhhKP5Zo",proyek makan bergizi gratis salah desain sejak awal pelaksanaannya kacau balau editorialtempo,in,1823,678,47,55,1071392,0,1_root,makan bergizi gratis[Top],,positif,1,https://x.com/tempodotco/status/1971473563053113631
2094359327796802002,2026-08-31 09:39:09,OnTheAngkot,💨🚍,135,"@hnzyujin Ohh ya ada dong, dari luar kelihatan kecil, aslinya angkot pink kita ini besar dalamnya, makanya muat king size bed ;) kenapa kok ga suka embege? Deymm boleh kok kalau mau dm kita!",ohh ya ada dong dari luar kelihatan kecil aslinya angkot pink kita ini besar dalamnya makanya muat king size bed kenapa kok ga suka embege deymm boleh kok kalau mau dm kita,in,0,0,0,0,2,0,1_root,embege[Latest],,positif,1,https://x.com/OnTheAngkot/status/2094359327796802002
2094357920377131336,2026-08-31 09:33:34,sunsetjinnie,진 ᵉᶜʰᵒ˖ ִֶ˚˖𐦍˖˚ֶָ֢‧,1944,"Embege tok anjir seng dipikirno, kesehatan pernafasan para pelajar ga diperhitungno, indonesian’s government may you rot in deepest hell 💩",embege tok anjir seng dipikirno kesehatan pernafasan para pelajar ga diperhitungno indonesian s government may you rot in deepest hell,in,0,0,1,0,16,0,1_root,embege[Latest],,netral,0,https://x.com/sunsetjinnie/status/2094357920377131336
2094352248755433793,2026-08-31 09:11:01,mmatxcha,‎ 🍵ྀི matcha - check pinned!,6638,"@sharingwithlily Nah mending beli helikopeter kyk gini wok daripada anggarannya buat kopdes, embege, dan program yang diluar nalar itu",nah mending beli helikopeter kyk gini wok daripada anggarannya buat kopdes embege dan program yang diluar nalar itu,in,1,0,1,0,5,0,1_root,embege[Latest],,netral,0,https://x.com/mmatxcha/status/2094352248755433793
2094351161239449911,2026-08-31 09:06:42,jee_creepers,Lupin,2226,"@dosenkesmas kadisdik gooobloggg.., lapo ngurusi dapur embege cux.

njauk dipisihu tenan, nek aku jd ortunya tak pisuhi ditempat iku",kadisdik gooobloggg lapo ngurusi dapur embege cux njauk dipisihu tenan nek aku jd ortunya tak pisuhi ditempat iku,in,0,0,0,0,1,0,1_root,embege[Latest],,netral,0,https://x.com/jee_creepers/status/2094351161239449911
2094349778650038438,2026-08-31 09:01:13,thvjjkgirl,nunaakim`♡ | WTT VIP A DAY2 KE DAY3 (2 TIX),2741,"sumpah ya embege nih bnr"" ngerusak semua muanya anjinh",sumpah ya embege nih bnr ngerusak semua muanya anjinh,in,0,0,0,0,14,0,1_root,embege[Latest],,netral,0,https://x.com/thvjjkgirl/status/2094349778650038438
2094002093241827404,2026-08-30 09:59:38,WeKa_Ronin,Wawat Kurniawan (WeKa) 🇲🇨,7482,Demi 7 Triliun semua manusia jadi tidak beradab https://t.co/xhHrg1O5Jm,demi 7 triliun semua manusia jadi tidak beradab,in,8014,3703,180,232,227452,0,1_root,embege[Latest],,netral,0,https://x.com/WeKa_Ronin/status/2094002093241827404
2094348046200893888,2026-08-31 08:54:19,pemfeksion,╰‿╯ memmoryn ︻╦デ╤╾━,1295,"@islysie embege elit ini ma,,, sama sama kk hwhwh :3",embege elit ini ma sama sama kk hwhwh 3,tl,0,0,0,0,4,0,1_root,embege[Latest],,netral,0,https://x.com/pemfeksion/status/2094348046200893888
2094347069276520900,2026-08-31 08:50:27,ryvlkim,َ,92,@ohyulith wah gila sih ini embege gue.,wah gila sih ini embege gue,in,0,0,0,0,7,0,1_root,embege[Latest],,netral,0,https://x.com/ryvlkim/status/2094347069276520900
2094346364746695007,2026-08-31 08:47:39,rantzsky,dinoww.,8,di situasi genting punnn masih kepikiran embege bjir ... how to dicintai ugal²an kek government yang sebegitu CINTA nya sama program embege yhh ... damn!,di situasi genting punnn masih kepikiran embege bjir how to dicintai ugal²an kek government yang sebegitu cinta nya sama program embege yhh damn,in,0,0,0,0,3,0,1_root,embege[Latest],,netral,0,https://x.com/rantzsky/status/2094346364746695007
2094344607790399623,2026-08-31 08:40:40,rantzsky,dinoww.,8,"ada apasih sebenarnya sama embege???? kek??? this government nih kenapa obses bangettt sama program ini??? apa² embege, apa² embege, bahkan blio pas lagi ke tempat bencana pun tetap mention embege ... GUE UDH MUAKKK",ada apasih sebenarnya sama embege kek this government nih kenapa obses bangettt sama program ini apa² embege apa² embege bahkan blio pas lagi ke tempat bencana pun tetap mention embege gue udh muakkk,in,0,0,1,0,2,0,1_root,embege[Latest],,negatif,-1,https://x.com/rantzsky/status/2094344607790399623
2094344014703255955,2026-08-31 08:38:18,nadsini_,ภค๔ ,460,"@dodisegrovee Libur sekolah karena asap bukannya khawatir anak2 jadi bodoh malah jadi panik dapur embege mati.
Nah, poinnya ketebak kan 😏",libur sekolah karena asap bukannya khawatir anak2 jadi bodoh malah jadi panik dapur embege mati nah poinnya ketebak kan,in,0,0,0,0,8,0,1_root,embege[Latest],,netral,0,https://x.com/nadsini_/status/2094344014703255955
2094343518118678851,2026-08-31 08:36:20,sedicisin8,zafii,276,"perasaan tuhan nyiptain manusia dengan akal, ini akalnya kemana???? wdym lebih penting your embege drpd kesehatan anak???????? anying",perasaan tuhan nyiptain manusia dengan akal ini akalnya kemana wdym lebih penting your embege drpd kesehatan anak anying,in,0,0,0,0,22,0,1_root,embege[Latest],,netral,0,https://x.com/sedicisin8/status/2094343518118678851
2094342834195406936,2026-08-31 08:33:37,lyyeonz,sheyla 𝒈𝒂𝒑²⁶,472,@amorgoestoitb nyam nyam jdi kgn embege,nyam nyam jdi kgn embege,in,1,0,0,0,15,0,1_root,embege[Latest],,netral,0,https://x.com/lyyeonz/status/2094342834195406936
2094342334855188708,2026-08-31 08:31:38,ecidhani,ecii,10352,@sikucingkuma hehe bergizi bgt ga kayak embege yg lain,hehe bergizi bgt ga kayak embege yg lain,in,0,0,0,0,4,0,1_root,embege[Latest],,positif,1,https://x.com/ecidhani/status/2094342334855188708
2094340818098438295,2026-08-31 08:25:36,Leg0wo,LEGO🌪️,136,Dia lebih pilih siswa sakit pernapasan dari pada embege tutup. Cek punya dapur juga kali dia,dia lebih pilih siswa sakit pernapasan dari pada embege tutup cek punya dapur juga kali dia,in,0,0,0,0,8,0,1_root,embege[Latest],,netral,0,https://x.com/Leg0wo/status/2094340818098438295
2094294713809732044,2026-08-31 05:22:24,Jakartalk,jakartalk,41657,"Ga mau liburin sekolah karena mengkhawatirkan MBG:

“Kalau sekolah diliburkan akan berpengaruh juga ke dapur dapur MBG”

WOW SEKALI PERNYATAAN KADISDIK KALTENG INI ✨ https://t.co/DbRDXU9LIe",ga mau liburin sekolah karena mengkhawatirkan mbg kalau sekolah diliburkan akan berpengaruh juga ke dapur dapur mbg wow sekali pernyataan kadisdik kalteng ini,in,33,11,4,0,2154,0,1_root,embege[Latest],,netral,0,https://x.com/Jakartalk/status/2094294713809732044
2094340348688711761,2026-08-31 08:23:44,joen_only,D'joen,19,"@pikiran_rakyat Iya, pusing ga dapet cuan embege",iya pusing ga dapet cuan embege,in,0,0,0,0,13,0,1_root,embege[Latest],,netral,0,https://x.com/joen_only/status/2094340348688711761
2094339133913338226,2026-08-31 08:18:55,khaliyuuu,khal,292,"prof mursid: ada gak kasus futrak keracunan? 
us bilek: gada
prof mursid: kl embege???

bhap",prof mursid ada gak kasus futrak keracunan us bilek gada prof mursid kl embege bhap,in,0,0,0,0,8,0,1_root,embege[Latest],,negatif,-1,https://x.com/khaliyuuu/status/2094339133913338226
2094338940635639968,2026-08-31 08:18:09,krisprbwa,𝗞𝗥𝗜𝗦,236,"@LambeSahamjja Solusinya : 
19jt lapangan krja❌
Embege ✅",solusinya 19jt lapangan krja embege,in,1,0,0,0,34,0,1_root,embege[Latest],,netral,0,https://x.com/krisprbwa/status/2094338940635639968
2094338848621015545,2026-08-31 08:17:47,pegawhy,al faqir,47,@guntur_skacore Forza Embege @MafiaWasit,forza embege,en,0,0,0,0,11,0,1_root,embege[Latest],,netral,0,https://x.com/pegawhy/status/2094338848621015545
2094336498418237793,2026-08-31 08:08:26,scrafiry,‘,19,Semua demi embege wkwkw,semua demi embege wkwkw,in,0,0,0,0,2,0,1_root,embege[Latest],,netral,0,https://x.com/scrafiry/status/2094336498418237793
2094335722916548620,2026-08-31 08:05:21,menuembegejelek,MBG Jelek,61659,"Era dadan, embege tetap dipaksa untuk didistribusikan selama bulan puasa.

Era sudaryono, embege tetap dipaksa untuk didistribusikan selama bencana.

See? Gairah dan birahi BGN untuk korupsi gak memandang siapa yang menahkodai. Sekali proyek iblis, tetaplah proyek iblis.",era dadan embege tetap dipaksa untuk didistribusikan selama bulan puasa era sudaryono embege tetap dipaksa untuk didistribusikan selama bencana see gairah dan birahi bgn untuk korupsi gak memandang siapa yang menahkodai sekali proyek iblis tetaplah proyek iblis,in,456,189,7,1,3561,0,1_root,embege[Latest],,negatif,-2,https://x.com/menuembegejelek/status/2094335722916548620
2094335661033836895,2026-08-31 08:05:07,xxiamsssss8,Beyourself,162,pendidikan dan kesehatan bukan prioritas. 😔 DAPUR EMBEGE ADALAH PRIORITAS. HARGA MATI.☠️,pendidikan dan kesehatan bukan prioritas dapur embege adalah prioritas harga mati,in,9,0,0,0,248,0,1_root,embege[Latest],,netral,0,https://x.com/xxiamsssss8/status/2094335661033836895
2094335477096853836,2026-08-31 08:04:23,joyussparkle,cyn🦋,82,wanjaayyy diprivate semua itu sosmed kliniknya istri kadisdik pembela embege harga mati🤣🤣,wanjaayyy diprivate semua itu sosmed kliniknya istri kadisdik pembela embege harga mati,in,0,0,0,0,5,0,1_root,embege[Latest],,netral,0,https://x.com/joyussparkle/status/2094335477096853836
2094334252360106310,2026-08-31 07:59:31,itskaesha,kae,4653,@laptopsiuwil embege sampe ke kisah cinta dilan dan milea,embege sampe ke kisah cinta dilan dan milea,in,0,0,1,0,25,0,1_root,embege[Latest],,netral,0,https://x.com/itskaesha/status/2094334252360106310
2094333962097221905,2026-08-31 07:58:22,medicalsherry,lovianettesherry,974,Duwidd buat embege loeee ama kopdes loeee darimana datangnya??,duwidd buat embege loeee ama kopdes loeee darimana datangnya,in,1,1,0,0,48,0,1_root,embege[Latest],,netral,0,https://x.com/medicalsherry/status/2094333962097221905
2094299015399772187,2026-08-31 05:39:30,kompascom,Kompas.com,8035937,"Presiden Prabowo Subianto menegaskan bahwa saat ini Indonesia tidak ingin memiliki banyak utang, termasuk dari IMF. Menurutnya, Indonesia masih mampu menjalankan pemerintahan dan pembangunan tanpa bergantung pada pinjaman.

Pernyataan ini disampaikan Presiden dalam penutupan Muktamar ke-35 Nahdlatul Ulama (NU), Senin (31/8/2026).

Meski begitu, Prabowo mengatakan pemerintah tetap membuka peluang investasi dari luar negeri. Namun, untuk pinjaman, pemerintah akan sangat selektif dan mempertimbangkan beban bunga yang harus ditanggung negara.

🎥:Youtube/NU Online

Kreatif: Muchammad Chadziq Hanggeni Utomo
Produser: Elizabeth Ayudya

#Prabowo #Ekonomi #Cut",presiden prabowo subianto menegaskan bahwa saat ini indonesia tidak ingin memiliki banyak utang termasuk dari imf menurutnya indonesia masih mampu menjalankan pemerintahan dan pembangunan tanpa bergantung pada pinjaman pernyataan ini disampaikan presiden dalam penutupan muktamar ke 35 nahdlatul ulama nu senin 31 8 2026 meski begitu prabowo mengatakan pemerintah tetap membuka peluang investasi dari luar negeri namun untuk pinjaman pemerintah akan sangat selektif dan mempertimbangkan beban bunga yang harus ditanggung negara youtube nu online kreatif muchammad chadziq hanggeni utomo produser elizabeth ayudya prabowo ekonomi cut,in,25,8,41,12,9986,0,1_root,embege[Latest],,netral,0,https://x.com/kompascom/status/2094299015399772187
2094333829091836148,2026-08-31 07:57:50,xxiamsssss8,Beyourself,162,"kek Negara ini udah gabisa ditolong kah?😭 didalam konteks pendidikan, yg dipikirin malah dapur EMBEGE.😢",kek negara ini udah gabisa ditolong kah didalam konteks pendidikan yg dipikirin malah dapur embege,in,0,0,0,0,21,0,1_root,embege[Latest],,netral,0,https://x.com/xxiamsssss8/status/2094333829091836148
2094332692204839367,2026-08-31 07:53:19,KhairulHam2919,Bobcat,15,"@LambeSahamjja Inilah pentingnya lapangan kerja, bkan embege jadi alasan",inilah pentingnya lapangan kerja bkan embege jadi alasan,in,3,0,0,0,1629,0,1_root,embege[Latest],,netral,0,https://x.com/KhairulHam2919/status/2094332692204839367
2094331448698573196,2026-08-31 07:48:22,hendrowijonarko,Hendro Wijonarko,647,"@LambeSahamjja Manusia yang ada di negeri dan di dunia ini bekerja TIDAK HANYA di embege.
 
Bukan hanya anak-anak akan kena batu ginjal dan mati (karena tersu menerus memakan racun embege), tapi Industri sektor lain bisa mati karena rezim terus-menerus menghidupi program-program patronase.",manusia yang ada di negeri dan di dunia ini bekerja tidak hanya di embege bukan hanya anak anak akan kena batu ginjal dan mati karena tersu menerus memakan racun embege tapi industri sektor lain bisa mati karena rezim terus menerus menghidupi program program patronase,in,2,0,0,0,824,0,1_root,embege[Latest],,netral,0,https://x.com/hendrowijonarko/status/2094331448698573196
2094329869459165463,2026-08-31 07:42:06,L1L178,inez maniz,40232,"@LexMarteg Ga usah ngebahas kantin sekolah cuma buat cover , kuta dah tau yv di maksud embege ko . Pake dalih kantin sekolah pula",ga usah ngebahas kantin sekolah cuma buat cover kuta dah tau yv di maksud embege ko pake dalih kantin sekolah pula,in,1,0,0,0,10,0,1_root,embege[Latest],,netral,0,https://x.com/L1L178/status/2094329869459165463
2094327612793594159,2026-08-31 07:33:08,fenifaaa,fénn,123,EMBEGE TERUS YG BENER AJHH,embege terus yg bener ajhh,in,0,0,0,0,13,0,1_root,embege[Latest],,netral,0,https://x.com/fenifaaa/status/2094327612793594159
2094327529536667828,2026-08-31 07:32:48,midnightcadenza,Sumarsih von Adler de Miller,121,Satu kalimantan penuh asap dan lu mentingin embege kontol,satu kalimantan penuh asap dan lu mentingin embege kontol,in,0,0,0,0,24,0,1_root,embege[Latest],,netral,0,https://x.com/midnightcadenza/status/2094327529536667828
2094326757495332870,2026-08-31 07:29:44,satriyotutuko,tutuko satriyo - ꦠꦸꦠꦸꦏꦺꦴ ꦱꦠ꧀ꦫꦶꦪꦺꦴ,1638,"@samhugget Leres gus, Islam tapi tidak ber-ormas. Lagian sekarang ormas Islam banyak yg sudah kena virus, virus apalagi kalo bukan virus dapur embege. 2 ormas besar punya embege bahkan sekelas ranting ormas punya dapur embege.",leres gus islam tapi tidak ber ormas lagian sekarang ormas islam banyak yg sudah kena virus virus apalagi kalo bukan virus dapur embege 2 ormas besar punya embege bahkan sekelas ranting ormas punya dapur embege,in,1,0,1,0,7,0,1_root,embege[Latest],,netral,0,https://x.com/satriyotutuko/status/2094326757495332870
2094322661849760005,2026-08-31 07:13:27,ArusPolitik_,A P,90021,"Kalau MBG Di Liburkan Dapur EmBeGe Milik Dia Yang Banyak, Gak Menghasilkan!!!

Asap Makin Pekat, Kadisdik Kalteng Kekeuh Sekolah Tak Diliburkan: Nanti Dapur MBG Mati! https://t.co/ydae6N6Kdm",kalau mbg di liburkan dapur embege milik dia yang banyak gak menghasilkan asap makin pekat kadisdik kalteng kekeuh sekolah tak diliburkan nanti dapur mbg mati,in,7,1,1,0,419,0,1_root,embege[Latest],,netral,0,https://x.com/ArusPolitik_/status/2094322661849760005
2094321414044283223,2026-08-31 07:08:30,BangferyID,F E R Y,5687,"@lanangwn Msha Allah, mas lanang kerja di embege",msha allah mas lanang kerja di embege,in,0,0,0,0,6,0,1_root,embege[Latest],,netral,0,https://x.com/BangferyID/status/2094321414044283223
2094321100251644377,2026-08-31 07:07:15,tukang_ojool,Kang Ojol,4454,@masih_aLdy Wih embege ini enakk,wih embege ini enakk,in,1,0,1,0,15,0,1_root,embege[Latest],,netral,0,https://x.com/tukang_ojool/status/2094321100251644377
2094318919687475675,2026-08-31 06:58:35,soilcoastapphia,s‎‎✩,195,aduh next the fcking makanan beracun alias embege itu dong atau doain aja pencetusnya yang meledak,aduh next the fcking makanan beracun alias embege itu dong atau doain aja pencetusnya yang meledak,in,0,0,0,0,63,0,1_root,embege[Latest],,netral,0,https://x.com/soilcoastapphia/status/2094318919687475675
2094080358891634870,2026-08-30 15:10:38,waikcherry,🐶,3401,magic https://t.co/WDpbXKRikD,magic,en,15723,1490,215,122,253678,0,1_root,embege[Latest],,netral,0,https://x.com/waikcherry/status/2094080358891634870
2094318896283341232,2026-08-31 06:58:30,mmatxcha,‎ 🍵ྀི matcha - check pinned!,6638,@lanangwn alhamdulillah ya kak bisa buka dapur embege🤣😭,alhamdulillah ya kak bisa buka dapur embege,in,0,0,0,0,5,0,1_root,embege[Latest],,positif,1,https://x.com/mmatxcha/status/2094318896283341232
2094317120297603268,2026-08-31 06:51:26,mmatxcha,‎ 🍵ྀི matcha - check pinned!,6638,"@kysanagisa Sedih banget, 
padahal anak2 berprestasi ini harus dikasih apresiasi yang lebih, yang dipikirin malah embege jelekk itu mulu",sedih banget padahal anak2 berprestasi ini harus dikasih apresiasi yang lebih yang dipikirin malah embege jelekk itu mulu,in,0,0,0,0,40,0,1_root,embege[Latest],,positif,1,https://x.com/mmatxcha/status/2094317120297603268
2094313195662151810,2026-08-31 06:35:50,brxndalzn,mat,136,@Sapipidermen embege 3 ompreng tuh iya,embege 3 ompreng tuh iya,in,0,0,1,0,13,0,1_root,embege[Latest],,netral,0,https://x.com/brxndalzn/status/2094313195662151810
2094312888177746344,2026-08-31 06:34:37,masih_aLdy,I am Iron Man,3349,"Masih ada waktu sekitar setengah jam!

eMBeGe-ku sehat banget siang ini. Semoga masih aman dikonsumsi, ya. Selamat makan siang, Guys. 

Yuk, udah pada makan siangkah? https://t.co/u3ZTjB1B3e",masih ada waktu sekitar setengah jam embege ku sehat banget siang ini semoga masih aman dikonsumsi ya selamat makan siang guys yuk udah pada makan siangkah,in,19,3,15,0,367,0,1_root,embege[Latest],,positif,2,https://x.com/masih_aLdy/status/2094312888177746344
2094311582985867363,2026-08-31 06:29:26,kyujuhiwO,cece sya,37,ayo kita menikah yanK masalah makan gampang ada embege,ayo kita menikah yank masalah makan gampang ada embege,in,0,0,0,0,32,0,1_root,embege[Latest],,negatif,-1,https://x.com/kyujuhiwO/status/2094311582985867363
2094106041399353373,2026-08-30 16:52:41,rutoshxxbin,KETUA 🦋 🌰 ⊹,579,"🦋 : tolong hidup lebih lama ya, fans aku 🙏🏻🙏🏻🙏🏻

HARUTO 🥺🥺🥺 https://t.co/SxIMt3dRnd",tolong hidup lebih lama ya fans aku haruto,in,3996,1098,0,303,51927,0,1_root,embege[Latest],,netral,0,https://x.com/rutoshxxbin/status/2094106041399353373
2094310432064589904,2026-08-31 06:24:52,hafidzrivaldi,Muhamad Hafidz Rivaldi,361,Berarti lebih berharga embege daripada nyawa anak-anak sekolah. Gblk,berarti lebih berharga embege daripada nyawa anak anak sekolah gblk,in,0,0,0,0,11,0,1_root,embege[Latest],,netral,0,https://x.com/hafidzrivaldi/status/2094310432064589904
2094310426624589910,2026-08-31 06:24:50,cikichee,blubub 🫧,108,Jelaskan embege buat siapa ck ck ck,jelaskan embege buat siapa ck ck ck,in,0,0,0,0,10,0,1_root,embege[Latest],,netral,0,https://x.com/cikichee/status/2094310426624589910
2094309076520087959,2026-08-31 06:19:28,penganutsekte,Uci🪻,4517,@lanangwn wah km bos embege ya,wah km bos embege ya,in,0,0,0,0,11,0,1_root,embege[Latest],,netral,0,https://x.com/penganutsekte/status/2094309076520087959
2094306666972143785,2026-08-31 06:09:54,yaptasticamy,Maツ,565,@KalanaraDika how he feels after saying this knowing he can just stay in room full of ac all he wants to avoid the pollution outside n the government would praise him for keeping the embege program keep running https://t.co/rL2fAHCqBi,how he feels after saying this knowing he can just stay in room full of ac all he wants to avoid the pollution outside n the government would praise him for keeping the embege program keep running,en,0,0,0,0,17,0,1_root,embege[Latest],,netral,0,https://x.com/yaptasticamy/status/2094306666972143785
2094306121439932437,2026-08-31 06:07:44,dnunooe,💜꒰ঌ ᎴᏋᏋ⁶ ໒꒱ 🌰,1018,"@ciaaaza_ @prabowo Maunya embege wagyu a5 pake mash potato, terus buahnya mangga saku biji, susunya milo",maunya embege wagyu a5 pake mash potato terus buahnya mangga saku biji susunya milo,in,0,0,0,0,22,0,1_root,embege[Latest],,netral,0,https://x.com/dnunooe/status/2094306121439932437
2094305557108683076,2026-08-31 06:05:29,adifffh,Adibs ✨,104,"Punya hutan luas sering kebakaran tapi pejabatnya ga mau belajar dari yg sudah sudah, beli ato bikin alat apa kek buat antisipasi klo ada kebakaran lagi jangan embege mulu yg diurusin.",punya hutan luas sering kebakaran tapi pejabatnya ga mau belajar dari yg sudah sudah beli ato bikin alat apa kek buat antisipasi klo ada kebakaran lagi jangan embege mulu yg diurusin,in,0,0,0,0,42,0,1_root,embege[Latest],,netral,0,https://x.com/adifffh/status/2094305557108683076
2093965500397265248,2026-08-30 07:34:13,SalingJagaWarga,Jaga Warga - #SalingJagaWarga,16771,"Warga Kalimantan,
Di tengah proses fase pendistribusian logistik untuk NTT, kami ingin memastikan satu hal kalau Kalimantan tidak kami lupakan.

Kami terus berkoordinasi dengan kawan2 di lapangan dan menyiapkan langkah agar kehadiran kami di sana nantinya bisa benar2 membawa dampak.

Saat ini kami masih mengupayakan mengumpulkan amunisi untuk bergerak.

Semoga dompet warga terus terkumpul. Karena dari sana, mudah-mudahan tim Saling Jaga Warga bisa segera berangkat secara mandiri dan ikut bergerak bersama warga Kalimantan.

Tunggu kami... 🥺",warga kalimantan di tengah proses fase pendistribusian logistik untuk ntt kami ingin memastikan satu hal kalau kalimantan tidak kami lupakan kami terus berkoordinasi dengan kawan2 di lapangan dan menyiapkan langkah agar kehadiran kami di sana nantinya bisa benar2 membawa dampak saat ini kami masih mengupayakan mengumpulkan amunisi untuk bergerak semoga dompet warga terus terkumpul karena dari sana mudah mudahan tim saling jaga warga bisa segera berangkat secara mandiri dan ikut bergerak bersama warga kalimantan tunggu kami,in,3938,2240,18,41,60523,0,1_root,embege[Latest],,netral,0,https://x.com/SalingJagaWarga/status/2093965500397265248
2094304322519740615,2026-08-31 06:00:35,dnunooe,💜꒰ঌ ᎴᏋᏋ⁶ ໒꒱ 🌰,1018,@ciaaaza_ Gmw embege nya egk enak,gmw embege nya egk enak,in,0,0,0,1,157,0,1_root,embege[Latest],,positif,1,https://x.com/dnunooe/status/2094304322519740615
2094304249664659606,2026-08-31 06:00:18,jeaneee__,jeane,347,"jaman gw sekolah dulu kalau udah turun asap besoknya udah libur sekolah, kok sekarang bisa-bisanya mikirin embege duluan baru kesehatan murid. dongo bet jirrr",jaman gw sekolah dulu kalau udah turun asap besoknya udah libur sekolah kok sekarang bisa bisanya mikirin embege duluan baru kesehatan murid dongo bet jirrr,in,552,158,1,6,3940,0,1_root,embege[Latest],,netral,0,https://x.com/jeaneee__/status/2094304249664659606
2094302994737385688,2026-08-31 05:55:18,luikeonianzaa_,ȥαȥαα🍟,825,"@nanabunnyist nyam nyam, met mamm akuh dh mam embege tdi",nyam nyam met mamm akuh dh mam embege tdi,in,1,0,0,0,9,0,1_root,embege[Latest],,netral,0,https://x.com/luikeonianzaa_/status/2094302994737385688
2094300142203728121,2026-08-31 05:43:58,crafasoul,Crafa Soul,4,"Wkwkkw lagu embege viral
Animasinya juga viral

Terus kapan cancel culture nya",wkwkkw lagu embege viral animasinya juga viral terus kapan cancel culture nya,in,0,0,0,0,9,0,1_root,embege[Latest],,netral,0,https://x.com/crafasoul/status/2094300142203728121
2094298574964297982,2026-08-31 05:37:45,20enhagene,enharin,199,"@ikeumeovv Takut banget di pukul ompreng embege😭😭
HAHAHA, KAYANYA NAFSU BANGET, NGAKAK😭🤣🤣🤣",takut banget di pukul ompreng embege hahaha kayanya nafsu banget ngakak,in,0,0,0,0,20,0,1_root,embege[Latest],,netral,0,https://x.com/20enhagene/status/2094298574964297982
2094298339965845948,2026-08-31 05:36:49,LovedUsLess,LUL Grand Opening!,244,"@_wonheet Bruakakak, setof amdik, nanti kita sembuh bareng oke? Aku kasih embege.",bruakakak setof amdik nanti kita sembuh bareng oke aku kasih embege,in,0,0,1,0,13,0,1_root,embege[Latest],,netral,0,https://x.com/LovedUsLess/status/2094298339965845948
2094297663143629037,2026-08-31 05:34:07,skupreme,ray,14847,@yatuhanknpwni embege ta iki gha,embege ta iki gha,in,1,0,1,0,22,0,1_root,embege[Latest],,netral,0,https://x.com/skupreme/status/2094297663143629037
2094296027729916270,2026-08-31 05:27:37,betahloro_,ꦧꦼꦠꦃ ꦭꦫ,1462,CURVA NORTH EMBEGE DEL SAWETIA,curva north embege del sawetia,en,0,0,0,0,34,0,1_root,embege[Latest],,netral,0,https://x.com/betahloro_/status/2094296027729916270
2093991546932850946,2026-08-30 09:17:43,guntur_skacore,Bek_Kiri,869,EMBEGE VINCI PER NOI https://t.co/q1VLJxEoqP,embege vinci per noi,it,1360,567,74,48,48840,0,1_root,embege[Latest],,netral,0,https://x.com/guntur_skacore/status/2093991546932850946
2094293739577676002,2026-08-31 05:18:32,felixysle,fell🥊,298,"@fujikaize isinya khasiat embege, kopdes bagi kemaslahatan umat",isinya khasiat embege kopdes bagi kemaslahatan umat,in,0,0,0,0,65,0,1_root,embege[Latest],,netral,0,https://x.com/felixysle/status/2094293739577676002
2094293254070292990,2026-08-31 05:16:36,omorfix,cinta 🖤,6480,"yang dipikirin embege muluuu, MH pada mati ga dipikirin. UDAH GAPUNYA HATI EMG, sukses deh di akhirat nanti 🙏🏻",yang dipikirin embege muluuu mh pada mati ga dipikirin udah gapunya hati emg sukses deh di akhirat nanti,in,1,0,0,0,65,0,1_root,embege[Latest],,positif,1,https://x.com/omorfix/status/2094293254070292990
2094291802044223732,2026-08-31 05:10:50,nspullkp,inoen 🔥,992,@hardye76 eMBeGe wo itu kenapa gak alihkan aja buat beli heli 😭,embege wo itu kenapa gak alihkan aja buat beli heli,in,0,0,0,0,3,0,1_root,embege[Latest],,netral,0,https://x.com/nspullkp/status/2094291802044223732
2094291098999173615,2026-08-31 05:08:02,jurusular1,Jurus Ular Cobra 🇮🇩,389,"@SoundOfYogi Karena proyek embege lebih penting daripada anak Indonesia, ujar pejabat bajingan",karena proyek embege lebih penting daripada anak indonesia ujar pejabat bajingan,in,0,0,0,0,126,0,1_root,embege[Latest],,netral,0,https://x.com/jurusular1/status/2094291098999173615
2094290752490885238,2026-08-31 05:06:40,ellalgross,⊹,219,@tomyasuyu Yuk abang miaw miaw bareng terus sampai dipisahin cuking yang lain. 1M?!? Ketering abang saingain sama embege yh bang ngaku nggak,yuk abang miaw miaw bareng terus sampai dipisahin cuking yang lain 1m ketering abang saingain sama embege yh bang ngaku nggak,in,0,0,0,0,7,0,1_root,embege[Latest],,netral,0,https://x.com/ellalgross/status/2094290752490885238
2094290311237570696,2026-08-31 05:04:54,harujongie,dinnnn ˃̵ᴗ˂̵,856,"embege seninku adalah naskun, met mam siang muts https://t.co/QNsCTZDKvC",embege seninku adalah naskun met mam siang muts,in,2,0,8,0,157,0,1_root,embege[Latest],,netral,0,https://x.com/harujongie/status/2094290311237570696
2094290275992773112,2026-08-31 05:04:46,matchakrimy,täniâ,997,Embege kantor hari ini sop iga🤩🤤 https://t.co/3eVBpw0Rk4,embege kantor hari ini sop iga,in,1,0,0,0,47,0,1_root,embege[Latest],,netral,0,https://x.com/matchakrimy/status/2094290275992773112
2094288194166825146,2026-08-31 04:56:30,ninunenai,ؘ,82,@dosenkesmas punya dapur embege berapa ni orang?,punya dapur embege berapa ni orang,in,0,0,0,0,22,0,1_root,embege[Latest],,netral,0,https://x.com/ninunenai/status/2094288194166825146
2094287452508950549,2026-08-31 04:53:33,NakesPuskesmas,Nakes Puskesmas,10753,@dosenkesmas Dapur embege punya siapa yg nuntut ini 😌,dapur embege punya siapa yg nuntut ini,in,5,0,0,0,109,0,1_root,embege[Latest],,netral,0,https://x.com/NakesPuskesmas/status/2094287452508950549
2094286280830128233,2026-08-31 04:48:53,chippiechan,putyy⛅,961,@rizukosmile dia punya puluhan dapur embege ya,dia punya puluhan dapur embege ya,in,0,0,1,0,21,0,1_root,embege[Latest],,netral,0,https://x.com/chippiechan/status/2094286280830128233
2094285888906027331,2026-08-31 04:47:20,amandaakeduaaa,manda🍮,286,"kada pintar lalu inya nih nywa ai situ makan embege bungul, urg sesak napas berataan, mata perih jua, begawi kd tpi kawa urg gara-gara kabut asap ja tp buhan inya nh masih ja meributi embege eisss picakk picakk abah ikm makan embege",kada pintar lalu inya nih nywa ai situ makan embege bungul urg sesak napas berataan mata perih jua begawi kd tpi kawa urg gara gara kabut asap ja tp buhan inya nh masih ja meributi embege eisss picakk picakk abah ikm makan embege,in,3,0,0,0,80,0,1_root,embege[Latest],,netral,0,https://x.com/amandaakeduaaa/status/2094285888906027331
2094284305363288168,2026-08-31 04:41:02,Dvysambat,Lelelawar,231,"jelas jelas ada berita begini, dan ada yg nyeletuh dapur embege gaberoperasi gegara karhutla dan anak anak pergi ke cafe 

kok ada orang se sadis itu bikin pernyataan",jelas jelas ada berita begini dan ada yg nyeletuh dapur embege gaberoperasi gegara karhutla dan anak anak pergi ke cafe kok ada orang se sadis itu bikin pernyataan,in,1,0,0,0,24,0,1_root,embege[Latest],,netral,0,https://x.com/Dvysambat/status/2094284305363288168
2094234463274418384,2026-08-31 01:22:59,BBCIndonesia,BBC News Indonesia,1700246,"“Rumah saya terbakar! Masih banyak orang di dalam rumah!” kata Endang Susilawati pada tim penyelamat yang sedang mengevakuasi warga di Jekan Raya, Palangkaraya, Kalimantan Tengah. 

Endang panik karena api dan asap kebakaran hutan mengepung adik dan kakeknya. https://t.co/f0cR93xEi4",rumah saya terbakar masih banyak orang di dalam rumah kata endang susilawati pada tim penyelamat yang sedang mengevakuasi warga di jekan raya palangkaraya kalimantan tengah endang panik karena api dan asap kebakaran hutan mengepung adik dan kakeknya,in,7372,5013,124,208,103403,0,1_root,embege[Latest],,netral,0,https://x.com/BBCIndonesia/status/2094234463274418384
2094283785827447257,2026-08-31 04:38:59,wanzulventus,ikh,195,"@menuembegejelek Dari seragam nya aja keliatan, sekolah yang ga kebagian embege 😂",dari seragam nya aja keliatan sekolah yang ga kebagian embege,in,7,0,0,0,293,0,1_root,embege[Latest],,netral,0,https://x.com/wanzulventus/status/2094283785827447257
2094282147825893856,2026-08-31 04:32:28,caebbagenim,Kubis • Slow mode 🍉,241,pengen ngalahin warung madura apa gimana pak? embege boleh tutup kalo cuma kiamat?,pengen ngalahin warung madura apa gimana pak embege boleh tutup kalo cuma kiamat,in,0,0,0,0,44,0,1_root,embege[Latest],,netral,0,https://x.com/caebbagenim/status/2094282147825893856
2094281553547493882,2026-08-31 04:30:06,nvbple,Kai.,111,Embege https://t.co/UqccqhbTgB,embege,en,0,0,10,0,167,0,1_root,embege[Latest],,netral,0,https://x.com/nvbple/status/2094281553547493882
2094280966751891508,2026-08-31 04:27:46,suncfull,cacay,779,lagi lagi embege,lagi lagi embege,in,0,0,0,0,12,0,1_root,embege[Latest],,netral,0,https://x.com/suncfull/status/2094280966751891508
2094280202008571922,2026-08-31 04:24:44,xiwtei,"田曦薇,",720,@Gyuviin Aku emang udah well prepared karena mau menyerbu embege yang enak dan gratis di rumahnya Didi. 😝 Wait for me! Nanti sekalian aku bawa kado yang isinya mobil-mobilan F1. xP,aku emang udah well prepared karena mau menyerbu embege yang enak dan gratis di rumahnya didi wait for me nanti sekalian aku bawa kado yang isinya mobil mobilan f1 xp,in,0,0,0,0,19,0,1_root,embege[Latest],,positif,2,https://x.com/xiwtei/status/2094280202008571922
2094277390294028422,2026-08-31 04:13:34,Destiny_Kurn,Destiny,21630,@TaliUdeng Hidup eMBeGe,hidup embege,in,1,0,1,0,15,0,1_root,embege[Latest],,netral,0,https://x.com/Destiny_Kurn/status/2094277390294028422
2094276825061241044,2026-08-31 04:11:19,hnzyujin,☆,56,"@OnTheAngkot kayaknya didalam angkotnya ada king size bed sama ac ya? mau dong nanti bocinya di angkot! MYEAYY aku suka nih yang gratis gratis kayak gini kak, asal bukan embege. Gak ada yang ajarin modus ya itu aku naturally gentelmen ngajak dm an #koreanboy",kayaknya didalam angkotnya ada king size bed sama ac ya mau dong nanti bocinya di angkot myeayy aku suka nih yang gratis gratis kayak gini kak asal bukan embege gak ada yang ajarin modus ya itu aku naturally gentelmen ngajak dm an koreanboy,in,0,0,1,0,12,0,1_root,embege[Latest],,positif,3,https://x.com/hnzyujin/status/2094276825061241044
2094276444197355593,2026-08-31 04:09:48,antmanGL,AntmanGarisLucu,643,@taufik_q Kiblat EMBEGE 😁,kiblat embege,en,1,0,0,0,4,0,1_root,embege[Latest],,netral,0,https://x.com/antmanGL/status/2094276444197355593
2094276427067912432,2026-08-31 04:09:44,skyphiiii,phi,1247,"Embege mulu, otaknya kosong",embege mulu otaknya kosong,in,0,0,0,0,31,0,1_root,embege[Latest],,netral,0,https://x.com/skyphiiii/status/2094276427067912432
2094276118547489117,2026-08-31 04:08:31,lkjhgTJ,TJ,4591,Kan dah dibilang embege solusi semua permasalahan hidup,kan dah dibilang embege solusi semua permasalahan hidup,in,1,0,0,0,107,0,1_root,embege[Latest],,positif,1,https://x.com/lkjhgTJ/status/2094276118547489117
2094275410641166624,2026-08-31 04:05:42,riezarieza,dontmakethisaboutyou,171,"Maunya punya lahan biar bebas tanam sawit, tapi proyek embege mesti tetep jalan juga. Emg yg bisa ngalahin keserakahan manusia adalah keserakahan manusia lainnya",maunya punya lahan biar bebas tanam sawit tapi proyek embege mesti tetep jalan juga emg yg bisa ngalahin keserakahan manusia adalah keserakahan manusia lainnya,in,0,0,0,0,17,0,1_root,embege[Latest],,netral,0,https://x.com/riezarieza/status/2094275410641166624
2094275132730847400,2026-08-31 04:04:36,Bang_julRay,Abang jul Ray,497,"@NenkMonica Pejabat otaknya kurapan
Mikirin eMBeGe yg beracun?
Asap juga bahaya Jing buat anak anak 
Dasar pejabat otaknya pada kurapan???",pejabat otaknya kurapan mikirin embege yg beracun asap juga bahaya jing buat anak anak dasar pejabat otaknya pada kurapan,in,0,0,0,0,64,0,1_root,embege[Latest],,netral,0,https://x.com/Bang_julRay/status/2094275132730847400
2094273574504943758,2026-08-31 03:58:24,KopiCobalagi,Tango Down ⦾,47,"@Sebelahkampus perang jg ada biayanya min, sekarang kas negara kan buat embege sama kopdes semua, biayain perang pake apa coba? 😂",perang jg ada biayanya min sekarang kas negara kan buat embege sama kopdes semua biayain perang pake apa coba,in,0,0,0,0,17,0,1_root,embege[Latest],,netral,0,https://x.com/KopiCobalagi/status/2094273574504943758
2094273193888682354,2026-08-31 03:56:53,RakyatNgenez,"Plot Twist, S.S.🍉",74,@susipudjiastuti @prabowo Embege kopdes kdmp mah no 1 buk. Bencana sampe ketiban asteroid segede pulau &amp; korban seluruh pulau hilang juga tetep ga prioritas mah rejim now ini...,embege kopdes kdmp mah no 1 buk bencana sampe ketiban asteroid segede pulau amp korban seluruh pulau hilang juga tetep ga prioritas mah rejim now ini,in,0,0,0,0,186,0,1_root,embege[Latest],,negatif,-1,https://x.com/RakyatNgenez/status/2094273193888682354
2094272680321286339,2026-08-31 03:54:51,Anashim2618,🍓(´•.•` )❤(´•J•`)🍑,16,"Logikanya aneh banget, buat nafas aja susah kok yah mikirin jajan ke kafe..

Embege numero ono gitu yee, kalo gada embege bisa mati.. mati bisnisnya para tikus",logikanya aneh banget buat nafas aja susah kok yah mikirin jajan ke kafe embege numero ono gitu yee kalo gada embege bisa mati mati bisnisnya para tikus,in,0,0,0,0,7,0,1_root,embege[Latest],,negatif,-1,https://x.com/Anashim2618/status/2094272680321286339
2094272435956932720,2026-08-31 03:53:53,rockyrandi22,Rocky Randi,348,@guntur_skacore Embege Siamo Noi  🔴⚫,embege siamo noi,it,0,0,0,0,54,0,1_root,embege[Latest],,netral,0,https://x.com/rockyrandi22/status/2094272435956932720
2094271531425898716,2026-08-31 03:50:17,PramestiHilya,Perangkat Desa Konoha,4913,"@runecstasy Sambil teriak “embege bermanfaat atau tidak?” Sa, seru tuh",sambil teriak embege bermanfaat atau tidak sa seru tuh,in,1,0,1,0,8,0,1_root,embege[Latest],,positif,1,https://x.com/PramestiHilya/status/2094271531425898716
2094271480938819767,2026-08-31 03:50:05,lampungbase,Lampung Fess ON,21907,"Geh! Tolong yakinin aku kalo resign dari akunt4n embege adalah keputusan yang tepat. Orang-orang taunya cuma “sayang bgt kenapa keluar padahal gajinya gede, deket rumah juga”, tapi mereka ga ngerti gmn rasanya susah tidur karna overthinking dan perang batin tiap hari",geh tolong yakinin aku kalo resign dari akunt4n embege adalah keputusan yang tepat orang orang taunya cuma sayang bgt kenapa keluar padahal gajinya gede deket rumah juga tapi mereka ga ngerti gmn rasanya susah tidur karna overthinking dan perang batin tiap hari,in,26,0,18,0,2722,0,1_root,embege[Latest],,negatif,-1,https://x.com/lampungbase/status/2094271480938819767
2094271094987595802,2026-08-31 03:48:33,windybleuw,Lulu🫧 cmms open,965,@moakkun Menarique. Dia bisa jadi koki embege. /no,menarique dia bisa jadi koki embege no,in,0,0,0,0,11,0,1_root,embege[Latest],,netral,0,https://x.com/windybleuw/status/2094271094987595802
2094268286246826361,2026-08-31 03:37:23,amoy_freak89,Miss Freak 🤪,446,"@NyaiNeneng Keguguran mungkin, gagal deh punya bayi kembar EMBEGE EMBEGO.",keguguran mungkin gagal deh punya bayi kembar embege embego,in,4,0,0,0,1449,0,1_root,embege[Latest],,negatif,-1,https://x.com/amoy_freak89/status/2094268286246826361
2094267871719309451,2026-08-31 03:35:44,rkmndsfilm,rekomendasifilm,8794,"@goonskun perasaan dulu ada bencana sering daring, knp pas ada embege masuk terus bjir",perasaan dulu ada bencana sering daring knp pas ada embege masuk terus bjir,in,0,0,1,0,31,0,1_root,embege[Latest],,negatif,-1,https://x.com/rkmndsfilm/status/2094267871719309451
2094266867775094834,2026-08-31 03:31:45,cukdehbrother,Angling Drama,1203,"@Mang_Gondrongg kyknya mereka emng ga mau sih ngegaji guru gede.. 

kasih contoh aja ya, misal guru honorer semuanya di gaji 5jt 

sebulan cuma ngabisin anggaran 1,5T setahun cuma 16-17T doang 

jd setahun gaji 5jt untuk seluruh honorer itu setara 2 minggu embege awowkwokwwok",kyknya mereka emng ga mau sih ngegaji guru gede kasih contoh aja ya misal guru honorer semuanya di gaji 5jt sebulan cuma ngabisin anggaran 1 5t setahun cuma 16 17t doang jd setahun gaji 5jt untuk seluruh honorer itu setara 2 minggu embege awowkwokwwok,in,0,0,1,0,19,0,1_root,embege[Latest],,netral,0,https://x.com/cukdehbrother/status/2094266867775094834
2094266307994873941,2026-08-31 03:29:32,markizusss,zzus,7927,@lanangwn alhamdulillah bos embege,alhamdulillah bos embege,in,0,0,0,0,15,0,1_root,embege[Latest],,positif,1,https://x.com/markizusss/status/2094266307994873941
2094266175056495067,2026-08-31 03:29:00,Xinqong,XINLONG.,620,@Gyuviin Serta mulia mas Gregory! Lucu amat dikasih embege wkwk https://t.co/bniQUha8lq,serta mulia mas gregory lucu amat dikasih embege wkwk,in,0,0,0,0,9,0,1_root,embege[Latest],,netral,0,https://x.com/Xinqong/status/2094266175056495067
2094265200862195785,2026-08-31 03:25:08,dinaluvjinnie,dinaJin🍎ketemuseokjindesnanti,291,Jajat banget ya... lebih peduli embege ketimbang kesehatan murid2 dan rakyatnya,jajat banget ya lebih peduli embege ketimbang kesehatan murid2 dan rakyatnya,in,0,0,0,0,12,0,1_root,embege[Latest],,netral,0,https://x.com/dinaluvjinnie/status/2094265200862195785
2094265116774871517,2026-08-31 03:24:48,ikaanisaaa,Ikaan𐙚,3985,"Goksssss, keadaan lagi begitu masih aja embege yg diutamain wkwk semoga nanti lu matinya ketimpa ompreng",goksssss keadaan lagi begitu masih aja embege yg diutamain wkwk semoga nanti lu matinya ketimpa ompreng,in,0,0,0,0,21,0,1_root,embege[Latest],,netral,0,https://x.com/ikaanisaaa/status/2094265116774871517
2094264396843466837,2026-08-31 03:21:56,minjenthusiastt,🍒,478,warga kalteng sisa embege nya buang ke rumah dia aja biar mabok,warga kalteng sisa embege nya buang ke rumah dia aja biar mabok,in,0,0,0,0,24,0,1_root,embege[Latest],,netral,0,https://x.com/minjenthusiastt/status/2094264396843466837
2094264146745512279,2026-08-31 03:20:56,satirnesia,dow,3724,"@stberryorange embege nomor satu, sisanya bodoamat mungkin di pikiran mereka ni",embege nomor satu sisanya bodoamat mungkin di pikiran mereka ni,in,0,0,0,0,1089,0,1_root,embege[Latest],,netral,0,https://x.com/satirnesia/status/2094264146745512279
2094263063893745820,2026-08-31 03:16:38,haryofajar,haryo al fajr,54,segala logika di balik2 asal embege jalan terus,segala logika di balik2 asal embege jalan terus,in,0,0,0,0,5,0,1_root,embege[Latest],,netral,0,https://x.com/haryofajar/status/2094263063893745820
2094262076831310180,2026-08-31 03:12:43,mvrtin,مارتين,602,@Taemion @Kitchenatte itu lulusnya jd sef embege yh abg,itu lulusnya jd sef embege yh abg,in,0,0,1,0,35,0,1_root,embege[Latest],,netral,0,https://x.com/mvrtin/status/2094262076831310180
2094261800615477602,2026-08-31 03:11:37,mocona22,リに,1316,"Semoga yg post dan support wyb disamain sama orang2 yg dia sebut itu ngga ngerasa dampak negatif dari keberadaan orang2 itu. Ga ngerasain keluarga ya ga pulang sampe sekarang gegara ""dihilangkan"", rumahnya kelelep lumpur lapindo, keracunan embege harian, jeung sajabana.",semoga yg post dan support wyb disamain sama orang2 yg dia sebut itu ngga ngerasa dampak negatif dari keberadaan orang2 itu ga ngerasain keluarga ya ga pulang sampe sekarang gegara dihilangkan rumahnya kelelep lumpur lapindo keracunan embege harian jeung sajabana,in,1,0,0,0,222,0,1_root,embege[Latest],,negatif,-1,https://x.com/mocona22/status/2094261800615477602
2094260371511193927,2026-08-31 03:05:56,zero6ravity,アンカ,35,"@punkpinggiran Seseorang tolong kuliti pejabat tersebut, palingan dia juga punya dapur itu makanya gatel banget pengen embege lanjut",seseorang tolong kuliti pejabat tersebut palingan dia juga punya dapur itu makanya gatel banget pengen embege lanjut,in,0,0,0,0,289,0,1_root,embege[Latest],,netral,0,https://x.com/zero6ravity/status/2094260371511193927
2094259826666946610,2026-08-31 03:03:46,nannaunna,una,272,"pdhal tinggal hapus program embege, kopdes, dan program boros uang lainnya itu. klo gini kan nanti multiplier effect jir",pdhal tinggal hapus program embege kopdes dan program boros uang lainnya itu klo gini kan nanti multiplier effect jir,in,0,0,0,0,39,0,1_root,embege[Latest],,netral,0,https://x.com/nannaunna/status/2094259826666946610
2094040974779470057,2026-08-30 12:34:08,txtpersahaman,Txt dari Saham,8089,"Nikkei (media bisnis terbesar Jepang) bongkar borok iklim investasi Indonesia gara-gara restitusi PPN perusahaan Jepang makin lambat cair:
> Laporan Nikkei ngebongkar pengembalian PPN (11–12%) makin diperlambat, ngerusak cash flow manufaktur Jepang secara langsung
> pengetatan restitusi ini mengindikasikan postur APBN yang lagi kepepet, sampai hak refund pajak ditahan demi ngejar target penerimaan negara
> kalau birokrasi perpajakan makin tidak pasti, investor terancam kabur",nikkei media bisnis terbesar jepang bongkar borok iklim investasi indonesia gara gara restitusi ppn perusahaan jepang makin lambat cair laporan nikkei ngebongkar pengembalian ppn 11 12 makin diperlambat ngerusak cash flow manufaktur jepang secara langsung pengetatan restitusi ini mengindikasikan postur apbn yang lagi kepepet sampai hak refund pajak ditahan demi ngejar target penerimaan negara kalau birokrasi perpajakan makin tidak pasti investor terancam kabur,in,1405,647,25,34,32154,0,1_root,embege[Latest],,negatif,-1,https://x.com/txtpersahaman/status/2094040974779470057
2094256494703501353,2026-08-31 02:50:32,tkaerae,َ,25,Lucu deh project embege gyubing sampe fa pada ikutan😭,lucu deh project embege gyubing sampe fa pada ikutan,in,0,0,0,0,11,0,1_root,embege[Latest],,netral,0,https://x.com/tkaerae/status/2094256494703501353
2094256038992367661,2026-08-31 02:48:43,_aitia,Tia 🦖,1180,"Kondisi udah kayak neraka gitu yg dipikir cuma embege embege embege terus. Miris banget gak ada peduli""nya sama warganya sendiri.",kondisi udah kayak neraka gitu yg dipikir cuma embege embege embege terus miris banget gak ada peduli nya sama warganya sendiri,in,0,0,0,0,19,0,1_root,embege[Latest],,netral,0,https://x.com/_aitia/status/2094256038992367661
2094255700457525690,2026-08-31 02:47:23,abcdefghijyani,Gez,1101,"Mengorbankan nyawa banyak orang demi embege. Punya dapur ya lo? Wkwkkwkwkw
May you rot in deepest hell, amen",mengorbankan nyawa banyak orang demi embege punya dapur ya lo wkwkkwkwkw may you rot in deepest hell amen,in,0,0,0,0,23,0,1_root,embege[Latest],,netral,0,https://x.com/abcdefghijyani/status/2094255700457525690
2094255693025153034,2026-08-31 02:47:21,NavaSlice,NavaSlice,3020,"Bocor rapat zoom !!
Takut bgt Embege tutup, Paru-paru generasi penerus bangsa lebih penting.
Malaysia aja ngeliburin sekolah https://t.co/PLA8TX6JO3",bocor rapat zoom takut bgt embege tutup paru paru generasi penerus bangsa lebih penting malaysia aja ngeliburin sekolah,in,2,0,2,0,25,0,1_root,embege[Latest],,negatif,-1,https://x.com/NavaSlice/status/2094255693025153034
2094254740016402478,2026-08-31 02:43:34,schendule,shéy 🦖,23,kangen dikit sm situasi sblm adanya embege 🤡,kangen dikit sm situasi sblm adanya embege,in,0,0,0,0,5,0,1_root,embege[Latest],,netral,0,https://x.com/schendule/status/2094254740016402478
2094253234303230408,2026-08-31 02:37:35,RizalGazali2,HaRiz,403,"@MhParuhumS @RadioElshinta Termasuk embege ya, sebelum dikasi ke murid², pejabatnya dulu yg makan sesuai menu yg akan didistribusikan ke sekolah. 
Jangan cuma mau MAKAN uang nya aja.",termasuk embege ya sebelum dikasi ke murid² pejabatnya dulu yg makan sesuai menu yg akan didistribusikan ke sekolah jangan cuma mau makan uang nya aja,in,0,0,1,0,15,0,1_root,embege[Latest],,netral,0,https://x.com/RizalGazali2/status/2094253234303230408
2094251710005039133,2026-08-31 02:31:31,zero6ravity,アンカ,35,@sxrbael dia pasti punya dapur itu makanya ngebet banget ga pengen itu embege berhenti,dia pasti punya dapur itu makanya ngebet banget ga pengen itu embege berhenti,in,13,0,0,0,864,0,1_root,embege[Latest],,netral,0,https://x.com/zero6ravity/status/2094251710005039133
2094250640059031683,2026-08-31 02:27:16,gakuatbang,nanat marmut,374,embege mati embege mati noh ada orang meninggal gara-gara asap tebel pas lagi pulang kerja,embege mati embege mati noh ada orang meninggal gara gara asap tebel pas lagi pulang kerja,in,0,0,0,0,20,0,1_root,embege[Latest],,netral,0,https://x.com/gakuatbang/status/2094250640059031683
2094248509365174537,2026-08-31 02:18:48,apobangpo_98,붕아🌸,310,"Pakkk saya tanya, embege mati mang napa sih? Ga dapet penghasilan yhㅠ 너의 뇌 없어 https://t.co/6PU52BCN6h",pakkk saya tanya embege mati mang napa sih ga dapet penghasilan yhㅠ 너의 뇌 없어,ko,0,0,0,0,20,0,1_root,embege[Latest],,netral,0,https://x.com/apobangpo_98/status/2094248509365174537
2094246995405984206,2026-08-31 02:12:47,subhanters,subhan,296,"@magdaleneid yes, izin ke toilet untuk makan embege.",yes izin ke toilet untuk makan embege,in,0,0,0,0,12,0,1_root,embege[Latest],,netral,0,https://x.com/subhanters/status/2094246995405984206
2094246676085305348,2026-08-31 02:11:31,marsstina_,nuraa,327,"@chichochachechu segera memasak kak, aku sewain dapur embege",segera memasak kak aku sewain dapur embege,in,0,0,0,0,80,0,1_root,embege[Latest],,netral,0,https://x.com/marsstina_/status/2094246676085305348
2094246233439371369,2026-08-31 02:09:45,parksunghood,성훈,405,@yceon knp dd? mirip truk embege ya?,knp dd mirip truk embege ya,in,0,0,0,0,32,0,1_root,embege[Latest],,netral,0,https://x.com/parksunghood/status/2094246233439371369
2094246012672238072,2026-08-31 02:08:53,shine_sshi,aBirdInACage,49,"@WeKa_Ronin Owalaaahh… kesitu tho rupanya

Enak ya. Punya embege tiga tahun aja. Udah bisa ongkang2 amp tua… mangkanya d kebet. Soalnya mereka tau, prabs lengser, tuh program bakalan buyar",owalaaahh kesitu tho rupanya enak ya punya embege tiga tahun aja udah bisa ongkang2 amp tua mangkanya d kebet soalnya mereka tau prabs lengser tuh program bakalan buyar,in,5,0,0,0,387,0,1_root,embege[Latest],,positif,1,https://x.com/shine_sshi/status/2094246012672238072
2094244794289782881,2026-08-31 02:04:02,EjhaRamon38,Amin Setiawan,6,@Helmank4 @RIPDEMOCRASY Klo 30 ribu orang yg keracunan embege itu fitnah bukan?,klo 30 ribu orang yg keracunan embege itu fitnah bukan,in,1,0,0,0,20,0,1_root,embege[Latest],,negatif,-1,https://x.com/EjhaRamon38/status/2094244794289782881
2094244493461753889,2026-08-31 02:02:51,lelerad1oactive,rθssy,921,"@dodisegrovee Pernyataan tentang embege juga fokusnya ke nasib dapur2 embege, bukan lagi tentang pemenuhan gizi anak dr embege. Emang dr awal program ini ga pernah mementingkan anak2. Cuma buat kepentingan diri sendiri.",pernyataan tentang embege juga fokusnya ke nasib dapur2 embege bukan lagi tentang pemenuhan gizi anak dr embege emang dr awal program ini ga pernah mementingkan anak2 cuma buat kepentingan diri sendiri,in,0,0,0,0,241,0,1_root,embege[Latest],,netral,0,https://x.com/lelerad1oactive/status/2094244493461753889
2094244097456472505,2026-08-31 02:01:16,kkyuple,pika,21,@drcamplifier Wkakaka apapun yg penting embege ttp jalan 🥴,wkakaka apapun yg penting embege ttp jalan,in,0,0,1,0,24,0,1_root,embege[Latest],,netral,0,https://x.com/kkyuple/status/2094244097456472505
2094243923460051120,2026-08-31 02:00:35,bismillahyuk_,hot cocoa,14320,@haixensen KEBANYAKAN MAKAN EMBEGE YA,kebanyakan makan embege ya,in,0,0,0,0,15,0,1_root,embege[Latest],,netral,0,https://x.com/bismillahyuk_/status/2094243923460051120
2094243832703631466,2026-08-31 02:00:13,HansAhmadLubis,Hanafi Ahmad Lubis,5959,@KangManto123 Njiirr.. dikira bapak embege lagi,njiirr dikira bapak embege lagi,in,1,0,0,0,25,0,1_root,embege[Latest],,netral,0,https://x.com/HansAhmadLubis/status/2094243832703631466
2094238382679544119,2026-08-31 01:38:34,suardana_pwk,Kadek Suardana,535,Kondisi lagi bencana pun yang dipikirin eMBeGe,kondisi lagi bencana pun yang dipikirin embege,in,0,0,0,0,12,0,1_root,embege[Latest],,negatif,-1,https://x.com/suardana_pwk/status/2094238382679544119
2094238287422685473,2026-08-31 01:38:11,dearmissfairy,𝑪𝒂𝒊𝒕𝒍𝒚𝒏 🧚‍♀️ #zaynetember,82,@raeluvshen dah masuk daftar embege dia seminggu ke depan pokoknya ini 😭,dah masuk daftar embege dia seminggu ke depan pokoknya ini,in,0,0,0,0,11,0,1_root,embege[Latest],,netral,0,https://x.com/dearmissfairy/status/2094238287422685473
2094237679429018075,2026-08-31 01:35:46,dearmissfairy,𝑪𝒂𝒊𝒕𝒍𝒚𝒏 🧚‍♀️ #zaynetember,82,@brattyjasminee terima kasih 😭 dah siap banget kasih blio embege aneka macam masakan wortel ☺️💔,terima kasih dah siap banget kasih blio embege aneka macam masakan wortel,in,0,0,0,0,6,0,1_root,embege[Latest],,positif,1,https://x.com/dearmissfairy/status/2094237679429018075
2094237640250036543,2026-08-31 01:35:37,TabirPalsu,Ricky H,51,@kenhans03 Sepertinya makhluk ini terbuat dari api shg cocok disuruh masak embege di dlm kobaran api karhutla.,sepertinya makhluk ini terbuat dari api shg cocok disuruh masak embege di dlm kobaran api karhutla,in,1,0,0,0,122,0,1_root,embege[Latest],,netral,0,https://x.com/TabirPalsu/status/2094237640250036543
2094236735085687121,2026-08-31 01:32:01,rbknlmzfh,Hfz,331,pasti tetep masuk sekolah soalnya nanti siapa yg makan embege 🤣,pasti tetep masuk sekolah soalnya nanti siapa yg makan embege,in,1,0,0,0,42,0,1_root,embege[Latest],,netral,0,https://x.com/rbknlmzfh/status/2094236735085687121
2094005897890836971,2026-08-30 10:14:45,teukumi,Teukumi ⭐,1048,"@zanatul_91 byangin klo kepsek nya Pak Rejendra Subiyanto, pas ditelpon tmennya, hp ny mlah lg dipegang sama Sekretaris sekolah",byangin klo kepsek nya pak rejendra subiyanto pas ditelpon tmennya hp ny mlah lg dipegang sama sekretaris sekolah,in,91,8,6,2,4470,0,1_root,embege[Latest],,netral,0,https://x.com/teukumi/status/2094005897890836971
2094236554323763482,2026-08-31 01:31:18,yupipipiu,syllalala,184,@Smash1014314 Embege itu triliun2,embege itu triliun2,in,0,0,0,0,1,0,1_root,embege[Latest],,netral,0,https://x.com/yupipipiu/status/2094236554323763482
2094236131651211720,2026-08-31 01:29:37,bismillahyuk_,hot cocoa,14320,@xyshulu Ini bisa digaplak pake ompreng embege ga,ini bisa digaplak pake ompreng embege ga,in,2,0,1,0,78,0,1_root,embege[Latest],,netral,0,https://x.com/bismillahyuk_/status/2094236131651211720
2094234608628121677,2026-08-31 01:23:34,dmatcha_latte,👸🏻🌻💛🍵,520,"@menuembegejelek otaknya dimana sihh... kalo dia takut embege ga jalan mending dia sendiri yang bagiin ke rumah masing-masing anak selama mereka libur, sekalian sambil ngisepin tuh asep karhutla sepanjang jalan biar berguna dikit muncungnya itu dari pada buat ngoceh gajelas.",otaknya dimana sihh kalo dia takut embege ga jalan mending dia sendiri yang bagiin ke rumah masing masing anak selama mereka libur sekalian sambil ngisepin tuh asep karhutla sepanjang jalan biar berguna dikit muncungnya itu dari pada buat ngoceh gajelas,in,3,0,0,0,106,0,1_root,embege[Latest],,netral,0,https://x.com/dmatcha_latte/status/2094234608628121677
2094233517144383999,2026-08-31 01:19:14,SoulfulLoop,SL.,190,"@Jewemin @jweemint Jangan takut dong, nggak akan digigit kok. 😳 Betul, makanan gratis tapi bukan embege, yaaa. 😹",jangan takut dong nggak akan digigit kok betul makanan gratis tapi bukan embege yaaa,in,0,0,0,0,15,0,1_root,embege[Latest],,positif,1,https://x.com/SoulfulLoop/status/2094233517144383999
2094233371178365393,2026-08-31 01:18:39,b1ntang_____,stardust,48,hebat banget daya rusak embege ini ya,hebat banget daya rusak embege ini ya,in,0,0,0,0,22,0,1_root,embege[Latest],,netral,0,https://x.com/b1ntang_____/status/2094233371178365393
2094233283228008456,2026-08-31 01:18:18,seulgipasoepati,gajah stroberi yang nggak resign resign,9,stoppppp ngomongin embege ya Allahhhhh situasi udah kayak apa masih aja yang keluar dari mulut itu lagi itu lagi gw sabunin mulut lu pada ye pemerintah dzalim matinya dikubur pake ompreng,stoppppp ngomongin embege ya allahhhhh situasi udah kayak apa masih aja yang keluar dari mulut itu lagi itu lagi gw sabunin mulut lu pada ye pemerintah dzalim matinya dikubur pake ompreng,in,1,0,0,1,38,0,1_root,embege[Latest],,netral,0,https://x.com/seulgipasoepati/status/2094233283228008456
2094232896819392779,2026-08-31 01:16:46,kepidaraan,Bu RT,1423,@menuembegejelek yakin gak para wali murid ke sekolah ambil eMBeGe? https://t.co/qDZSQVErzN,yakin gak para wali murid ke sekolah ambil embege,in,0,0,1,0,177,0,1_root,embege[Latest],,netral,0,https://x.com/kepidaraan/status/2094232896819392779
2094231504432038108,2026-08-31 01:11:14,smclonica,✿,356,EMBEGE TEROSSSSS,embege terosssss,in,0,0,0,0,7,0,1_root,embege[Latest],,netral,0,https://x.com/smclonica/status/2094231504432038108
2094229453895561653,2026-08-31 01:03:05,nagetames,natnot,11,dikit2 embege cokkkkkkk muak kali aku ini hokkkhhhh cuih,dikit2 embege cokkkkkkk muak kali aku ini hokkkhhhh cuih,in,0,0,0,0,2,0,1_root,embege[Latest],,netral,0,https://x.com/nagetames/status/2094229453895561653
2094228916307456383,2026-08-31 01:00:57,spackrly,mann,414,"dapur dapur embege mati bu, anak anak kalo keracunan asap gapapa bu, yang penting dapur embege tetep jalan jangan sampe mati bu",dapur dapur embege mati bu anak anak kalo keracunan asap gapapa bu yang penting dapur embege tetep jalan jangan sampe mati bu,in,0,0,0,0,23,0,1_root,embege[Latest],,negatif,-1,https://x.com/spackrly/status/2094228916307456383
2094226857344569472,2026-08-31 00:52:46,iPatSabo,☆,80,ya Tuhan ga kebayang adek adek sekolah ada kabut asap tetep dipaksa masuk demi embege.......,ya tuhan ga kebayang adek adek sekolah ada kabut asap tetep dipaksa masuk demi embege,in,0,0,0,1,76,0,1_root,embege[Latest],,netral,0,https://x.com/iPatSabo/status/2094226857344569472
2094226580679835833,2026-08-31 00:51:40,aangnovi,aang 📚🥰❤️‍🔥,1511,@ustadchen Segila Wowo yg mencintai sawit dan embege 🌝,segila wowo yg mencintai sawit dan embege,in,1,0,0,0,530,0,1_root,embege[Latest],,netral,0,https://x.com/aangnovi/status/2094226580679835833
2094225730150469632,2026-08-31 00:48:17,bbbae99245,ابدا يومك بالصلاة على النبي ﷺ..,265,"@kenhans03 Sungguh ironis ya otak nya para pejabat demi duit embege jadi mengorbankan kesehatan anak bangsa,.",sungguh ironis ya otak nya para pejabat demi duit embege jadi mengorbankan kesehatan anak bangsa,in,1,0,0,0,136,0,1_root,embege[Latest],,netral,0,https://x.com/bbbae99245/status/2094225730150469632
2094225689151164797,2026-08-31 00:48:07,LexMarteg,Marto Tegug,4541,"Kepala Dinas Pendidikan Kalimantan Tengah (Kadisdik Kalteng), Muhammad Reza Prabowo, menyatakan kekhawatiran bahwa dapur eMBeGe dan kantin sekolah bisa mati jika sekolah diliburkan di tengah kabut asap.......

Pernyataan tersebut disampaikan saat membahas penyesuaian kegiatan belajar di tengah kondisi kabut asap akibat Karhutla.....

Selain kekhawatiran operasional dapur eMBeGe dan kantin, ia juga menyinggung potensi siswa pergi ke kafe atau membuat masalah jika dipulangkan ke rumah.....

Kira"" Kadistik Kalteng inihhh punyak dapur eMBeGe berapa yakkkk???? 🤔

--------------------------------
Senin Pagii Bangun Tidur Sarapan",kepala dinas pendidikan kalimantan tengah kadisdik kalteng muhammad reza prabowo menyatakan kekhawatiran bahwa dapur embege dan kantin sekolah bisa mati jika sekolah diliburkan di tengah kabut asap pernyataan tersebut disampaikan saat membahas penyesuaian kegiatan belajar di tengah kondisi kabut asap akibat karhutla selain kekhawatiran operasional dapur embege dan kantin ia juga menyinggung potensi siswa pergi ke kafe atau membuat masalah jika dipulangkan ke rumah kira kadistik kalteng inihhh punyak dapur embege berapa yakkkk senin pagii bangun tidur sarapan,in,30,22,10,4,1712,0,1_root,embege[Latest],,negatif,-1,https://x.com/LexMarteg/status/2094225689151164797
2094225338561958054,2026-08-31 00:46:44,denaaadah,🐨,224,"yg dipikirin embege embege trs kntllllll, anak anak sekolah kagak dipikirin gmn kesehatannya kena asep begitu begoooo ih najis bikin murka orang aje",yg dipikirin embege embege trs kntllllll anak anak sekolah kagak dipikirin gmn kesehatannya kena asep begitu begoooo ih najis bikin murka orang aje,in,0,0,0,0,14,0,1_root,embege[Latest],,netral,0,https://x.com/denaaadah/status/2094225338561958054
2094223661544972538,2026-08-31 00:40:04,Leonard49500912,Woooo-heeee,15,@dosenkesmas Embege ini jenis investasi baru kah buat bapak ibu ini?,embege ini jenis investasi baru kah buat bapak ibu ini,in,0,0,0,0,12,0,1_root,embege[Latest],,netral,0,https://x.com/Leonard49500912/status/2094223661544972538
2094223552291684720,2026-08-31 00:39:38,kenhans03,Ken Hans,37145,"Kenapa ngk sekolah online atau diliburkan aja sih....
Kok yang dipikirin eMBeGe dan eMBeGe

Ternyata perut kenyang lebih penting dibanding kesehatan anak-anak. https://t.co/EEiliyGTXR",kenapa ngk sekolah online atau diliburkan aja sih kok yang dipikirin embege dan embege ternyata perut kenyang lebih penting dibanding kesehatan anak anak,in,164,77,56,4,5922,0,1_root,embege[Latest],,positif,1,https://x.com/kenhans03/status/2094223552291684720
2094223016901390689,2026-08-31 00:37:30,shabi_s08,shabi_,3221,@rasjawa Orang waras bepikirnya begini mas pur. Manfaaat kopdes sama embege itu hampir gak ada. Embege bagus tapi di implementasikan di indonesia masi sulit malah jadi ladang korupsi keracunan gk ada faedahnya,orang waras bepikirnya begini mas pur manfaaat kopdes sama embege itu hampir gak ada embege bagus tapi di implementasikan di indonesia masi sulit malah jadi ladang korupsi keracunan gk ada faedahnya,in,1,0,0,0,215,0,1_root,embege[Latest],,negatif,-1,https://x.com/shabi_s08/status/2094223016901390689
2094222960748007635,2026-08-31 00:37:17,ZARKASIH211284,ZARKASIH,9,@skenasapi Kl utk embege...ada,kl utk embege ada,in,0,0,0,0,33,0,1_root,embege[Latest],,netral,0,https://x.com/ZARKASIH211284/status/2094222960748007635
2094222538629079330,2026-08-31 00:35:36,joyussparkle,cyn🦋,82,"embege terusss, kadis tololllll
anak-anak byk yg masuk RS krn sesak ini yaa jelekkkkk, goblok bener masih mikirin embege jelekkk",embege terusss kadis tololllll anak anak byk yg masuk rs krn sesak ini yaa jelekkkkk goblok bener masih mikirin embege jelekkk,in,0,0,0,0,5,0,1_root,embege[Latest],,netral,0,https://x.com/joyussparkle/status/2094222538629079330
2094222107534303430,2026-08-31 00:33:53,mietiaphari,Scorpion,30,"@rubyxylojane Embege kadang juga ada steaknya kak, tp kicik bgt😭😭",embege kadang juga ada steaknya kak tp kicik bgt,in,0,0,1,0,6,0,1_root,embege[Latest],,netral,0,https://x.com/mietiaphari/status/2094222107534303430
2094221176180773033,2026-08-31 00:30:11,pieceofcoke_,cac,227,Najisssss yg dipikirin embege muluuuuu,najisssss yg dipikirin embege muluuuuu,in,0,0,0,0,9,0,1_root,embege[Latest],,netral,0,https://x.com/pieceofcoke_/status/2094221176180773033
2094221087429243203,2026-08-31 00:29:50,katzemeanscat,ich bin mude,3,@dodisegrovee ur priority is fucking embege?????  you must be fucking joking. what the fuck are you fucking talking about????!,ur priority is fucking embege you must be fucking joking what the fuck are you fucking talking about,en,0,0,0,0,137,0,1_root,embege[Latest],,netral,0,https://x.com/katzemeanscat/status/2094221087429243203
2094220639095939297,2026-08-31 00:28:03,SajaSa7550,zone z,32,@BANGSAygSUJUD Penkondisiaan ala ala pengusaha embege wkwkkwkw najis,penkondisiaan ala ala pengusaha embege wkwkkwkw najis,in,0,0,0,0,1,0,1_root,embege[Latest],,netral,0,https://x.com/SajaSa7550/status/2094220639095939297
2094219778596786266,2026-08-31 00:24:38,_mardaheka_,kulacino,288,"anak sekolah gk diliburin karene embege
faaaakkkk",anak sekolah gk diliburin karene embege faaaakkkk,in,0,0,2,0,61,0,1_root,embege[Latest],,netral,0,https://x.com/_mardaheka_/status/2094219778596786266
2094219392829825441,2026-08-31 00:23:06,eotteonmirrae,anin,881,5 menit menuju kiamat juga tetep bakalan disuruh makan embege tuh pasti,5 menit menuju kiamat juga tetep bakalan disuruh makan embege tuh pasti,in,0,0,0,0,17,0,1_root,embege[Latest],,netral,0,https://x.com/eotteonmirrae/status/2094219392829825441
2094217542990758275,2026-08-31 00:15:45,Spkidey,ִֶSpkidey is playing Dah Bih Gah 🕹️,1881,@pentakielan Mending bangun dapur embege apa kopdes,mending bangun dapur embege apa kopdes,in,1,0,1,0,56,0,1_root,embege[Latest],,netral,0,https://x.com/Spkidey/status/2094217542990758275
2094216451507048521,2026-08-31 00:11:25,P3gEl,5tePh3N,64014,"Paru-paru anak bangsa memang penting, tapi dapur embege  jauh lebih genting. Bukti nyata kepedulian birokrasi kita: membiarkan siswa-siswi menembus kepungan kabut asap beracun demi menyelamatkan nyawa yang paling berharga—yakni periuk nasi dapur Embege dan kantin sekolah tercinta.

Toh, ancaman ISPA dan sesak napas bisa diatasi dengan jalur ""masuk jam 8 pagi"", bukan? Logika yang sangat brilian. Daripada anak-anak dirumahkan lalu malah keluyuran ke kafe dan membuat pusing orang tua, lebih baik mereka tetap di sekolah. Selain bisa menjadi pahlawan devisa kantin, mereka juga bisa sekalian melatih ketahanan saluran pernapasan sejak dini.

Mari kita korbankan sedikit oksigen bersih demi roda ekonomi sekolah yang pantang sesak napas. Jangan cengeng hanya karena langit menguning, karena yang terpenting dapur embege tetap ngebul dan jualan ibu kantin ludes terjual! Biasakan paru-parumu, Nak, masa depan (dan omzet) ada di pundakmu. 💪🤧",paru paru anak bangsa memang penting tapi dapur embege jauh lebih genting bukti nyata kepedulian birokrasi kita membiarkan siswa siswi menembus kepungan kabut asap beracun demi menyelamatkan nyawa yang paling berharga yakni periuk nasi dapur embege dan kantin sekolah tercinta toh ancaman ispa dan sesak napas bisa diatasi dengan jalur masuk jam 8 pagi bukan logika yang sangat brilian daripada anak anak dirumahkan lalu malah keluyuran ke kafe dan membuat pusing orang tua lebih baik mereka tetap di sekolah selain bisa menjadi pahlawan devisa kantin mereka juga bisa sekalian melatih ketahanan saluran pernapasan sejak dini mari kita korbankan sedikit oksigen bersih demi roda ekonomi sekolah yang pantang sesak napas jangan cengeng hanya karena langit menguning karena yang terpenting dapur embege tetap ngebul dan jualan ibu kantin ludes terjual biasakan paru parumu nak masa depan dan omzet ada di pundakmu,in,28,8,10,0,1166,0,1_root,embege[Latest],,positif,3,https://x.com/P3gEl/status/2094216451507048521
2094215047979708822,2026-08-31 00:05:50,vkiryu,chaya,157,"pagi-pagi emang gak boleh buka twitter, soalnya pagi cerah gua seketika langsung penuh asap gegara liat pemerintah indo bahas embege padahal asap lagi dimana-mana, taiiiiiii",pagi pagi emang gak boleh buka twitter soalnya pagi cerah gua seketika langsung penuh asap gegara liat pemerintah indo bahas embege padahal asap lagi dimana mana taiiiiiii,in,0,0,0,0,20,0,1_root,embege[Latest],,netral,0,https://x.com/vkiryu/status/2094215047979708822
2094214557007036507,2026-08-31 00:03:53,sorryworld_u,Wakanda,65,"Kepala Dinas Pendidikan, tapi kok bloon gini sih?? 
Boro"" mau pada ke kafe, itu anak"" udah banyak yg kena ISPA!!! 
udah banyak asap, masih aja mikirin embege, Allahu Akbar.",kepala dinas pendidikan tapi kok bloon gini sih boro mau pada ke kafe itu anak udah banyak yg kena ispa udah banyak asap masih aja mikirin embege allahu akbar,in,14,1,0,0,480,0,1_root,embege[Latest],,netral,0,https://x.com/sorryworld_u/status/2094214557007036507
2094214245110182263,2026-08-31 00:02:39,caffeineoneshot,🍉 pujarani 🍉,561,"Kasian anak2 disana.
Bakal kena potensi ISPA dan keracunan krna dipaksa pergi sekolah demi embege.
Sementara negara sebelah yg kena dampak aja ngeliburin anak2 sekolahnya.

Isi pejabat negara ini emg pure evil. Iblis sampe nganggur.",kasian anak2 disana bakal kena potensi ispa dan keracunan krna dipaksa pergi sekolah demi embege sementara negara sebelah yg kena dampak aja ngeliburin anak2 sekolahnya isi pejabat negara ini emg pure evil iblis sampe nganggur,in,0,0,0,0,37,0,1_root,embege[Latest],,negatif,-1,https://x.com/caffeineoneshot/status/2094214245110182263
2094213682092032405,2026-08-31 00:00:25,ninuminnie,AkuSya & that🌷,807,Embaga embege mulu cpk,embaga embege mulu cpk,in,0,0,0,0,18,0,1_root,embege[Latest],,netral,0,https://x.com/ninuminnie/status/2094213682092032405
2094212774578815017,2026-08-30 23:56:48,ayubsr,Ayu,826630,@bgkiting embege versi ga bikin keracunan🤭,embege versi ga bikin keracunan,in,0,0,0,0,9,0,1_root,embege[Latest],,negatif,-1,https://x.com/ayubsr/status/2094212774578815017
2094212448517800070,2026-08-30 23:55:30,aphroditesin_,᧔𐓪᧓,5,ada masalah yang lebih concerning dan tetap yang diutamakan adalah embege,ada masalah yang lebih concerning dan tetap yang diutamakan adalah embege,in,0,0,0,0,3,0,1_root,embege[Latest],,negatif,-1,https://x.com/aphroditesin_/status/2094212448517800070
2094207276831916484,2026-08-30 23:34:57,uridreamsweet,jun•,2114,@xyshulu kalo ga embege ga cair duitnya,kalo ga embege ga cair duitnya,in,0,0,1,0,49,0,1_root,embege[Latest],,netral,0,https://x.com/uridreamsweet/status/2094207276831916484
2094206578631274770,2026-08-30 23:32:11,rubyxylojane,joanneisante🐰,211,@mietiaphari Andai deket udah kubayar makanannya (saking jeleknya embege),andai deket udah kubayar makanannya saking jeleknya embege,in,0,0,1,0,11,0,1_root,embege[Latest],,netral,0,https://x.com/rubyxylojane/status/2094206578631274770
2094205213624397902,2026-08-30 23:26:46,nnnmeoow,mi,213,bahkan di setiap bencana apapun prioritas pemerintah tetep embege 🤡,bahkan di setiap bencana apapun prioritas pemerintah tetep embege,in,0,0,0,0,29,0,1_root,embege[Latest],,negatif,-1,https://x.com/nnnmeoow/status/2094205213624397902
2094201349294760050,2026-08-30 23:11:24,villsdaleite,Daleite🌻,37,@dodisegrovee Asep udh setebal itu masiihh aja embega embege,asep udh setebal itu masiihh aja embega embege,in,0,0,0,0,544,0,1_root,embege[Latest],,netral,0,https://x.com/villsdaleite/status/2094201349294760050
2094198525588648168,2026-08-30 23:00:11,ihanesia,jè___éss,276,@acheiraya @Junhwoi Huhu jangan ajak sy ikut project embege.. 💧,huhu jangan ajak sy ikut project embege,in,0,0,0,0,10,0,1_root,embege[Latest],,netral,0,https://x.com/ihanesia/status/2094198525588648168
2094198011907948847,2026-08-30 22:58:09,melobeat_,(○•○)雪花❄,25,"ini sbnrnya srlain embege bikin keracunan masal
ternyata embege juga bikin otak2 para pejabat itu rusak akut ngga bisa mikir",ini sbnrnya srlain embege bikin keracunan masal ternyata embege juga bikin otak2 para pejabat itu rusak akut ngga bisa mikir,in,0,0,0,0,10,0,1_root,embege[Latest],,negatif,-2,https://x.com/melobeat_/status/2094198011907948847
2094193866438320529,2026-08-30 22:41:40,atasnamakakbel,bel,196,Ya Allah yg dipikirin malah dapur embege lho 🤯,ya allah yg dipikirin malah dapur embege lho,in,0,0,0,0,7,0,1_root,embege[Latest],,netral,0,https://x.com/atasnamakakbel/status/2094193866438320529
2094191955970576384,2026-08-30 22:34:05,ammeldaini,want to leave soon but not ready yet,79,"@PraveenLalatu Aamiin ya Rabbal Aalamiin, gw juga yakin si SJW2 ini juga blm jadi angkatan kerja di Indon, masih anak sekolahan, jadi blm tau beratnya cari nafkah di negeri embege ini.",aamiin ya rabbal aalamiin gw juga yakin si sjw2 ini juga blm jadi angkatan kerja di indon masih anak sekolahan jadi blm tau beratnya cari nafkah di negeri embege ini,in,1,0,0,0,14,0,1_root,embege[Latest],,netral,0,https://x.com/ammeldaini/status/2094191955970576384
2094191111720087920,2026-08-30 22:30:43,rmsdfi,defi,229,@dodisegrovee Kepala dinas pendidikan kayak gini? Gila otaknya dimana coba. Bencana kayak gini masih aja mikirin embege,kepala dinas pendidikan kayak gini gila otaknya dimana coba bencana kayak gini masih aja mikirin embege,in,0,0,0,0,39,0,1_root,embege[Latest],,negatif,-1,https://x.com/rmsdfi/status/2094191111720087920
2094190008794292295,2026-08-30 22:26:20,adttopj,pingwin,4984,"@ceritasihhh Lah iya, lok bisa disdiknga mikirin embege",lah iya lok bisa disdiknga mikirin embege,in,0,0,0,0,12,0,1_root,embege[Latest],,netral,0,https://x.com/adttopj/status/2094190008794292295
2094189988946874581,2026-08-30 22:26:16,RaggedyExynos,Rhodey,12,@dosenkesmas Anak anak keracunan asap pokoknya embege tetap jalannn,anak anak keracunan asap pokoknya embege tetap jalannn,in,0,0,0,0,21,0,1_root,embege[Latest],,negatif,-1,https://x.com/RaggedyExynos/status/2094189988946874581
2094189170894008672,2026-08-30 22:23:01,Ynrin,"𝗒𝖾𝗋𝗂𝗇, 𝖻. 🪶",559,@GYUVINDEER dapet embege iphone 17 promax😭 https://t.co/pQSCVmLfmX,dapet embege iphone 17 promax,en,0,0,0,0,71,0,1_root,embege[Latest],,netral,0,https://x.com/Ynrin/status/2094189170894008672
2094186766957985956,2026-08-30 22:13:28,pjw_2104,je🅰️,57,knpsih obses bgt sm embega embege,knpsih obses bgt sm embega embege,in,0,0,0,0,8,0,1_root,embege[Latest],,netral,0,https://x.com/pjw_2104/status/2094186766957985956
2094185890956685661,2026-08-30 22:09:59,fullestbs,san 🧚,88,"@dodisegrovee embege terosss, emg udh ga waras",embege terosss emg udh ga waras,in,0,0,0,0,7,0,1_root,embege[Latest],,netral,0,https://x.com/fullestbs/status/2094185890956685661
2094177418953228443,2026-08-30 21:36:19,micassssa,𝐟𝐢🦌,55,Bodohnya malah memikirkan dapur embege,bodohnya malah memikirkan dapur embege,in,0,0,0,0,7,0,1_root,embege[Latest],,netral,0,https://x.com/micassssa/status/2094177418953228443
2094172238891356445,2026-08-30 21:15:44,TelaPohon,mendoan krispi,1134,"Rela korbanin anak anak demi embege, ga habis pikir sama ini program",rela korbanin anak anak demi embege ga habis pikir sama ini program,in,0,0,0,0,48,0,1_root,embege[Latest],,netral,0,https://x.com/TelaPohon/status/2094172238891356445
2094170694942945791,2026-08-30 21:09:36,kutrukkentes,kutruk kentes,14,@dosenkesmas DEMI EMBEGE,demi embege,in,0,0,0,0,6,0,1_root,embege[Latest],,netral,0,https://x.com/kutrukkentes/status/2094170694942945791
2094168661460390025,2026-08-30 21:01:31,ratiod243,M. B. K. D,131,@BetaEpsilonPhi Dikorting buat embege 🤣🤣,dikorting buat embege,in,0,0,0,0,35,0,1_root,embege[Latest],,netral,0,https://x.com/ratiod243/status/2094168661460390025
2094161392744206675,2026-08-30 20:32:38,xeclipsalicious,Flo(she/her)💫🪽,19,"@_dandirifki @antonjidatan Kecil? Di saat yg sma di bagian negara lain hak trans dicabut bahkan dibunuh itu yg dibilang kecil? Free bus,healthcare itu udh wajib lah mreka bayar pajak setidak nya pajak mreka digunakan utk hal2 berguna dri pada presiden lo pake untuk embege",kecil di saat yg sma di bagian negara lain hak trans dicabut bahkan dibunuh itu yg dibilang kecil free bus healthcare itu udh wajib lah mreka bayar pajak setidak nya pajak mreka digunakan utk hal2 berguna dri pada presiden lo pake untuk embege,in,34,0,0,0,811,0,1_root,embege[Latest],,netral,0,https://x.com/xeclipsalicious/status/2094161392744206675
2094152952340775174,2026-08-30 19:59:05,404errorpagenul,D,32,yang penting embege jalan well😹🗿,yang penting embege jalan well,in,0,0,0,0,6,0,1_root,embege[Latest],,netral,0,https://x.com/404errorpagenul/status/2094152952340775174
2094135977480704104,2026-08-30 18:51:38,apocalypzzze,ἀποκάλυψις,61,@guntur_skacore noi siamo la embege,noi siamo la embege,it,0,0,0,0,250,0,1_root,embege[Latest],,netral,0,https://x.com/apocalypzzze/status/2094135977480704104
2094133804357267748,2026-08-30 18:43:00,kuronamoo,flammy 🦩,9,"kula ngomong2 km kok jdi mirip pak prabs yh.. apapun keadaannya, embege mu jalan terus 😂 eh maap 🙏🙏",kula ngomong2 km kok jdi mirip pak prabs yh apapun keadaannya embege mu jalan terus eh maap,in,0,0,0,0,25,0,1_root,embege[Latest],,netral,0,https://x.com/kuronamoo/status/2094133804357267748
2094133219029664221,2026-08-30 18:40:41,fluvvfall,Fluv,17,"@heartopia_fess kalo ngincer bubble ambil supreme ajahh, + klo rumahnya tipe fairy or jungle intinya yg berhubungan dengan tumbuhan itu ambil supreme + klo suka pohonnya, kalo aku ga ngincer itu and tema rumahku embege dan rollercoster jdi ambil yg biasak, tpi lum TO si (suka pas mepet selese)",kalo ngincer bubble ambil supreme ajahh klo rumahnya tipe fairy or jungle intinya yg berhubungan dengan tumbuhan itu ambil supreme klo suka pohonnya kalo aku ga ngincer itu and tema rumahku embege dan rollercoster jdi ambil yg biasak tpi lum to si suka pas mepet selese,in,0,0,0,0,163,0,1_root,embege[Latest],,positif,2,https://x.com/fluvvfall/status/2094133219029664221
2094128409349878129,2026-08-30 18:21:34,simp4hruto,sal ⋆,90,"oon bgt anjjj bikin emosi, dikira ga dikasih mbg terus mak bapaknya ga ngasih makan seharian gitu? kan masih ada makanan di rumah, orang asep dimana mana juga👊 emg dasar pemuja embege😒",oon bgt anjjj bikin emosi dikira ga dikasih mbg terus mak bapaknya ga ngasih makan seharian gitu kan masih ada makanan di rumah orang asep dimana mana juga emg dasar pemuja embege,in,0,0,0,0,11,0,1_root,embege[Latest],,netral,0,https://x.com/simp4hruto/status/2094128409349878129
2094093838214410290,2026-08-30 16:04:12,eclairedelange,ire.,19046,"🔎 777.
Jijiknya  (1) https://t.co/8OkkkmlRPZ",777 jijiknya 1,in,140,2,1,8,5035,0,1_root,embege[Latest],,netral,0,https://x.com/eclairedelange/status/2094093838214410290
2094125662621896957,2026-08-30 18:10:39,alrpdi,Aldi,386,@dodisegrovee Yang dipikirin cuma embege buset itu paru paru anak anak gak dipikiran apa,yang dipikirin cuma embege buset itu paru paru anak anak gak dipikiran apa,in,0,0,0,0,55,0,1_root,embege[Latest],,netral,0,https://x.com/alrpdi/status/2094125662621896957
2094125325605302454,2026-08-30 18:09:19,___lilo22,愛 L I L O 愛,463,@dodisegrovee lagi dan lagi ujung ujungnya cuma mementingkan EmbEgE,lagi dan lagi ujung ujungnya cuma mementingkan embege,in,0,0,0,0,784,0,1_root,embege[Latest],,netral,0,https://x.com/___lilo22/status/2094125325605302454
2094116865627000842,2026-08-30 17:35:42,spaceforara,Ara ☽̶☾🍒🦊,753,"Sekolah dmi meningkatkan kualitas pendidikan❌
Sekolah demi menghidupkan dapur embege✅",sekolah dmi meningkatkan kualitas pendidikan sekolah demi menghidupkan dapur embege,in,0,0,0,0,32,0,1_root,embege[Latest],,netral,0,https://x.com/spaceforara/status/2094116865627000842
2094114954412695809,2026-08-30 17:28:06,shindorkwoo_,🦁,80,SAMA GENERASI PENERUSNYA UDAH BODOAMAT UDAH PLG GENTING DI OTAK UDIK MEREKA YA EMBEGE HAHAHAHAHJA FINISHED BENERAN FINISHED GA ADA HARAPAN SAMSEK,sama generasi penerusnya udah bodoamat udah plg genting di otak udik mereka ya embege hahahahahja finished beneran finished ga ada harapan samsek,in,0,0,0,0,10,0,1_root,embege[Latest],,netral,0,https://x.com/shindorkwoo_/status/2094114954412695809
2094113999063535835,2026-08-30 17:24:18,perjigauh,Gofur,43,@dosenkesmas Satu lagi pejabat goblok karena embege,satu lagi pejabat goblok karena embege,in,0,0,0,0,21,0,1_root,embege[Latest],,netral,0,https://x.com/perjigauh/status/2094113999063535835
2094112529492685165,2026-08-30 17:18:28,KhairulHam2919,Bobcat,15,"@dosenkesmas Lebih penting embege daripada nyawa manusia. Di negara jiran yg terdampak saja skolh sudah tutup di sini maksa hrus msuk hanya krna embege beracun itu, jangan² dia ini punya dapur, kalau iya bngsat kamu.",lebih penting embege daripada nyawa manusia di negara jiran yg terdampak saja skolh sudah tutup di sini maksa hrus msuk hanya krna embege beracun itu jangan² dia ini punya dapur kalau iya bngsat kamu,in,5,0,0,0,2102,0,1_root,embege[Latest],,netral,0,https://x.com/KhairulHam2919/status/2094112529492685165
2094109203946422553,2026-08-30 17:05:15,adho_,Adho Mohmed,320,"@dodisegrovee Pantas lambat bener espon meliburkan anak SMA, ternyata yang di pikirin Embege. lu kira itu paru guru sama murid paru-paru baja kah?",pantas lambat bener espon meliburkan anak sma ternyata yang di pikirin embege lu kira itu paru guru sama murid paru paru baja kah,in,2,0,0,0,582,0,1_root,embege[Latest],,negatif,-1,https://x.com/adho_/status/2094109203946422553
2094108320269468092,2026-08-30 17:01:44,fvrdrm_17,yas♡,181,"mirisss duit buat embege yg sebanyak itu tiap hari bisa disanggupi, sedangkan bencana sekrusial ini sampe sekarang belum terselesaikan (padahal duitnya ada)",mirisss duit buat embege yg sebanyak itu tiap hari bisa disanggupi sedangkan bencana sekrusial ini sampe sekarang belum terselesaikan padahal duitnya ada,in,0,0,0,0,25,0,1_root,embege[Latest],,negatif,-1,https://x.com/fvrdrm_17/status/2094108320269468092
2093930935930798465,2026-08-30 05:16:53,creeping5ilence,ᶜⁱᶜᵃᵍ ᵈⁱ ᴰⁱⁿᵈⁱⁿᵍ,18467,"Analoginya begini, halaman rumahmu bau busuk penuh sampah, lalu tetangga datang bantu bersihkan sampah di rumahmu, bukan karna simpati, tapi dia sebel & ngga mau ketidakbecusanmu bersihkan sampah - baunya masuk kerumah dia..

Jepang resmi mengirimkan unit bantuan bencana dari Pasukan Bela Diri Jepang (JSDF) untuk bantu menangani kebakaran hutan dan lahan (karhutla) yang melanda Kalimantan. Keputusan tersebut diambil pada Jumat (28/8/2026)",analoginya begini halaman rumahmu bau busuk penuh sampah lalu tetangga datang bantu bersihkan sampah di rumahmu bukan karna simpati tapi dia sebel ngga mau ketidakbecusanmu bersihkan sampah baunya masuk kerumah dia jepang resmi mengirimkan unit bantuan bencana dari pasukan bela diri jepang jsdf untuk bantu menangani kebakaran hutan dan lahan karhutla yang melanda kalimantan keputusan tersebut diambil pada jumat 28 8 2026,in,12519,4693,248,235,399054,0,1_root,embege[Latest],,negatif,-2,https://x.com/creeping5ilence/status/2093930935930798465
2094107701739732995,2026-08-30 16:59:17,hizkiyeahhh,hizkiyeah,30,"@dosenkesmas nggak make sense masih kepikiran aja embege, 2020-2021 pas pjj juga lancar"" aja kok~ cuma pas itu nggak ada embege aja jadi gaada yang takut nggak cair 🤭",nggak make sense masih kepikiran aja embege 2020 2021 pas pjj juga lancar aja kok cuma pas itu nggak ada embege aja jadi gaada yang takut nggak cair,in,2,0,0,0,547,0,1_root,embege[Latest],,positif,1,https://x.com/hizkiyeahhh/status/2094107701739732995
2094105181906727105,2026-08-30 16:49:16,edjjumores,OCA,40,bacot kontol masih aja ngomongin embege embegot tai lah,bacot kontol masih aja ngomongin embege embegot tai lah,in,0,0,0,0,29,0,1_root,embege[Latest],,netral,0,https://x.com/edjjumores/status/2094105181906727105
2094103227944128824,2026-08-30 16:41:30,ectya_,ectya_,63,"Please tell me otang tua muridnya ngelawan semua, bcs kalau anak gue dipaksa menghidup asep pekat dengan alasan demi embege jalan, beneran gue ajak ribut bapaknya di zoom",please tell me otang tua muridnya ngelawan semua bcs kalau anak gue dipaksa menghidup asep pekat dengan alasan demi embege jalan beneran gue ajak ribut bapaknya di zoom,in,0,0,0,0,34,0,1_root,embege[Latest],,netral,0,https://x.com/ectya_/status/2094103227944128824
2094102810350829907,2026-08-30 16:39:51,kgyuvin,ㄱ𝗒𝗎ㅂin.,327,"@kuyngnim Adik, makasih ya! Kamu mau gak jadi penerima embege?",adik makasih ya kamu mau gak jadi penerima embege,in,0,0,1,0,25,0,1_root,embege[Latest],,netral,0,https://x.com/kgyuvin/status/2094102810350829907
2094090526530375890,2026-08-30 15:51:02,kuyngnim,"(2007), Kyungmin 이",762,"@GYUVINDEER Selamat ulang tahun abang gyu! Semoga yang disemogakan abang tahun ini akan tersemogakan dengan semoga ya! Aku menitip doa agar abang semakin diberkahi diumur yang bertambah ini amen  🤲 

HAPPY BIRTHDAY TO GYU

#Gyuvin_With_23_Clovers
#내_모든순간에_뀨담아둘게
#HAPPYGYUVINDAY https://t.co/KpsHYxKGQK",selamat ulang tahun abang gyu semoga yang disemogakan abang tahun ini akan tersemogakan dengan semoga ya aku menitip doa agar abang semakin diberkahi diumur yang bertambah ini amen happy birthday to gyu gyuvin_with_23_clovers 내_모든순간에_뀨담아둘게 happygyuvinday,in,2,1,0,1,102,0,1_root,embege[Latest],,netral,0,https://x.com/kuyngnim/status/2094090526530375890
2094101391640072357,2026-08-30 16:34:12,niv_ev,cingbu🍉🐈,290,"Orang gilaa isi kepalanya cuma embege embege aja lu, negara tetangga aja murid2 sekolahnya diliburin karna kebagian asap dr kalimantan🤦‍♀️",orang gilaa isi kepalanya cuma embege embege aja lu negara tetangga aja murid2 sekolahnya diliburin karna kebagian asap dr kalimantan,in,1,0,0,0,32,0,1_root,embege[Latest],,netral,0,https://x.com/niv_ev/status/2094101391640072357
2094101351248941210,2026-08-30 16:34:03,gaonemyu,dayen ─★,444,"bener bener nyawa anak anak ga ada harganya di mata mereka mereka ini, pokoknya embege embegeeee mulu anjing musnah sana kontol",bener bener nyawa anak anak ga ada harganya di mata mereka mereka ini pokoknya embege embegeeee mulu anjing musnah sana kontol,in,2,0,1,0,133,0,1_root,embege[Latest],,netral,0,https://x.com/gaonemyu/status/2094101351248941210
2094099654350889435,2026-08-30 16:27:18,gowentgone0908,Aven,191,Embege embege terus,embege embege terus,in,0,0,0,0,39,0,1_root,embege[Latest],,netral,0,https://x.com/gowentgone0908/status/2094099654350889435
2094097858823905639,2026-08-30 16:20:10,anidaimnida,nid,264,"Sepupuku (4th) hafal lagu embege, ibuku bilang pake baju ini(?), dan lagu2 sejenis. Emaknya kasih dia hp tiap hari dan screen time-nya lumayan lama 🥲",sepupuku 4th hafal lagu embege ibuku bilang pake baju ini dan lagu2 sejenis emaknya kasih dia hp tiap hari dan screen time nya lumayan lama,in,0,0,1,0,65,0,1_root,embege[Latest],,netral,0,https://x.com/anidaimnida/status/2094097858823905639
2094094653725548848,2026-08-30 16:07:26,nruc2uad,Masassan,5,"Apalagi lagu embege, anjing bener pengen gue sumpel cabe",apalagi lagu embege anjing bener pengen gue sumpel cabe,in,0,0,0,0,4,0,1_root,embege[Latest],,netral,0,https://x.com/nruc2uad/status/2094094653725548848
2094093956250587284,2026-08-30 16:04:40,papaa,ؘ,42,Embege terosss,embege terosss,in,0,0,0,0,93,0,1_root,embege[Latest],,netral,0,https://x.com/papaa/status/2094093956250587284
2094112571561550146,2026-08-30 17:18:38,yellowwwwish,Ye_Riyellowww,467,"@heydaisy___ Persis junjungannya…. Di depan korban gempa malah bahas embege.
Gk ada otak emang dari junjungannya sampe ke antek2 nya",persis junjungannya di depan korban gempa malah bahas embege gk ada otak emang dari junjungannya sampe ke antek2 nya,in,0,0,1,0,33,0,1_root,embege[Latest],,netral,0,https://x.com/yellowwwwish/status/2094112571561550146
2094110144535855136,2026-08-30 17:08:59,heydaisy___,𝐔 || 🌸,356,even adults pun masih punya otak buat ngga keluar2 di saat asap tebelnya ga kira2 begini. makhluk ini masih sempet ya mikir embege? kacau otaknya.,even adults pun masih punya otak buat ngga keluar2 di saat asap tebelnya ga kira2 begini makhluk ini masih sempet ya mikir embege kacau otaknya,in,0,0,1,0,168,0,1_root,embege[Latest],,netral,0,https://x.com/heydaisy___/status/2094110144535855136
2093718990346764529,2026-08-29 15:14:41,LambeSahamjja,Lambe Saham,79926,"cerita testimoni pemilik dapur embege:
- dia cerita jadi pemilik dapur mbg itu ternyata bikin dia enggak bahagia
- dapur dibangun modal nol pake pinjaman bank 
- dan investor dengan bagi hasil gila 2,5-5% sebulan plus modal harus balik full
- ada setoran wajib ke yayasan 20-40% 
- sesuai juknis yang enggak bisa dinego
- insentif 6 juta sehari abis kepotong yayasan bank investor 
- dan biaya tak terduga jadi enggak sebanding
- banyak drama dari penerima manfaat plus food waste tinggi 
- karena ahli gizi di tempatnya males kerja
- banyak titipan orang enggak kompeten 
- dari pejabat lokal bikin susah atur disiplin kerja
- ada aturan aneh pemilik dapur 
- enggak boleh supply sendiri 
- jadi harus lewat pihak ketiga
- dia pengen program ini cepat berakhir 
- tapi khawatir tanggungan balikin modal investor makin berat",cerita testimoni pemilik dapur embege dia cerita jadi pemilik dapur mbg itu ternyata bikin dia enggak bahagia dapur dibangun modal nol pake pinjaman bank dan investor dengan bagi hasil gila 2 5 5 sebulan plus modal harus balik full ada setoran wajib ke yayasan 20 40 sesuai juknis yang enggak bisa dinego insentif 6 juta sehari abis kepotong yayasan bank investor dan biaya tak terduga jadi enggak sebanding banyak drama dari penerima manfaat plus food waste tinggi karena ahli gizi di tempatnya males kerja banyak titipan orang enggak kompeten dari pejabat lokal bikin susah atur disiplin kerja ada aturan aneh pemilik dapur enggak boleh supply sendiri jadi harus lewat pihak ketiga dia pengen program ini cepat berakhir tapi khawatir tanggungan balikin modal investor makin berat,in,784,141,54,10,67542,0,1_root,embege[Top],,netral,0,https://x.com/LambeSahamjja/status/2093718990346764529
2092494095491236194,2026-08-26 06:07:23,menuembegejelek,MBG Jelek,61659,"Ortu murid diminta ""piket"" untuk anter ompreng embege dari mobil ke kelas-kelas??

Buset. Setelah nerima gelombang protes kalo guru maupun tendik gak pantes tugas utamanya diganggu sama urusan ompreng, ini SPPG malah ngalihin tugas busuk itu ke ortu murid?? BIADAB KAMPANK!",ortu murid diminta piket untuk anter ompreng embege dari mobil ke kelas kelas buset setelah nerima gelombang protes kalo guru maupun tendik gak pantes tugas utamanya diganggu sama urusan ompreng ini sppg malah ngalihin tugas busuk itu ke ortu murid biadab kampank,in,3829,1333,77,32,77677,0,1_root,embege[Top],,negatif,-1,https://x.com/menuembegejelek/status/2092494095491236194
2042132494783590514,2026-04-09 06:48:22,profesor_saham,PROFESOR SAHAM,121496,"Sebagai orang sumatra cant relate dengan menu mbg, kami terbiasa dengan makanan mewah minimal lauk 3",sebagai orang sumatra cant relate dengan menu mbg kami terbiasa dengan makanan mewah minimal lauk 3,in,48,3,12,0,8121,0,1_root,embege[Top],,netral,0,https://x.com/profesor_saham/status/2042132494783590514
2042448242366128283,2026-04-10 03:43:02,Saham_fess,Sahamfess 📈,202627,"@profesor_saham Apa itu embege, ngabis2in duit pajak orang kan aj yh https://t.co/Z0GZXac6tr",apa itu embege ngabis2in duit pajak orang kan aj yh,in,2,0,1,0,1758,0,1_root,embege[Top],,netral,0,https://x.com/Saham_fess/status/2042448242366128283
2091360108777533705,2026-08-23 03:01:20,kenhans03,Ken Hans,37145,Mestinya beli pesawat kek gini...kan masih murah dari pada proyek eMBeGe atau KadeEmPe https://t.co/vDFfdMnYbJ,mestinya beli pesawat kek gini kan masih murah dari pada proyek embege atau kadeempe,in,1843,402,82,34,1133884,0,1_root,embege[Top],,netral,0,https://x.com/kenhans03/status/2091360108777533705
2015771057807065352,2026-01-26 12:57:26,PernebangRoket,m🛰️,3336,"Buset yg beginian doang sampe di tes uji leb, embege yg bikin keracunan mana ada di tes begini dah",buset yg beginian doang sampe di tes uji leb embege yg bikin keracunan mana ada di tes begini dah,in,19811,8648,90,112,283972,0,1_root,embege[Top],,negatif,-1,https://x.com/PernebangRoket/status/2015771057807065352
2015705523405164760,2026-01-26 08:37:01,RadioElshinta,Radio Elshinta,3241706,"Sebuah video yang memperlihatkan temuan es kue jadul yang diduga berbahan spons di kawasan Kemayoran, Jakarta Pusat, viral di media sosial. Menyikapi hal tersebut, pihak kepolisian langsung turun tangan melakukan penyelidikan.

Dalam video yang beredar, terlihat seorang pria menunjukkan es kue jadul yang dipegangnya dan menyebut makanan tersebut terbuat dari bahan mirip spons. Ia bahkan mencoba membakarnya, hingga terlihat bagian dari es tersebut meleleh. Pria itu pun mengimbau para orang tua untuk lebih waspada terhadap jajanan anak.

Kapolsek Kemayoran, Kompol Agung Ardiansyah, membenarkan adanya laporan tersebut. Ia menyebut kasus ini masih dalam proses penyelidikan oleh Unit Reskrim.",sebuah video yang memperlihatkan temuan es kue jadul yang diduga berbahan spons di kawasan kemayoran jakarta pusat viral di media sosial menyikapi hal tersebut pihak kepolisian langsung turun tangan melakukan penyelidikan dalam video yang beredar terlihat seorang pria menunjukkan es kue jadul yang dipegangnya dan menyebut makanan tersebut terbuat dari bahan mirip spons ia bahkan mencoba membakarnya hingga terlihat bagian dari es tersebut meleleh pria itu pun mengimbau para orang tua untuk lebih waspada terhadap jajanan anak kapolsek kemayoran kompol agung ardiansyah membenarkan adanya laporan tersebut ia menyebut kasus ini masih dalam proses penyelidikan oleh unit reskrim,in,424,184,218,257,1266386,0,1_root,embege[Top],,netral,0,https://x.com/RadioElshinta/status/2015705523405164760
2045748700795019647,2026-04-19 06:17:53,menuembegejelek,MBG Jelek,61659,"⚠️ KABAR KERACUNAN EMBEGE! ⚠️
⚠️ KABAR KERACUNAN EMBEGE! ⚠️
⚠️ KABAR KERACUNAN EMBEGE! ⚠️

Cilegon, Banten, 16 April 2026. Total korban = 49 anak MTs Al-Inayah. https://t.co/ZF2hRNsn7y",kabar keracunan embege kabar keracunan embege kabar keracunan embege cilegon banten 16 april 2026 total korban 49 anak mts al inayah,in,8203,4664,255,46,116478,0,1_root,embege[Top],,negatif,-3,https://x.com/menuembegejelek/status/2045748700795019647
2045747386241421503,2026-04-19 06:12:39,Jelli_cent,Jeni_Ly again,19485,"Udh dpt berita ini blm @menuembegejelek?

Sebanyak 49 siswa MTs Al Inayah, Cilegon, Banten, diduga mengalami keracunan makanan setelah menyantap menu MBG pd Kamis, 16 April 2026. Korban mengalami gejala mual hingga muntah &amp; dilarikan ke Puskesmas.

Terus aja nih... 😓 https://t.co/QYCDSsOHgw",udh dpt berita ini blm sebanyak 49 siswa mts al inayah cilegon banten diduga mengalami keracunan makanan setelah menyantap menu mbg pd kamis 16 april 2026 korban mengalami gejala mual hingga muntah amp dilarikan ke puskesmas terus aja nih,in,13225,5509,372,255,816462,0,1_root,embege[Top],,negatif,-1,https://x.com/Jelli_cent/status/2045747386241421503
2094082508115866073,2026-08-30 15:19:10,LambeSahamjja,Lambe Saham,79926,"Speechless 😭😭😭
situasi kabut asap tapi masih mikirin dapur embege https://t.co/miQ7GWbLgN",speechless situasi kabut asap tapi masih mikirin dapur embege,in,6,2,2,0,4186,0,1_root,embege[Top],,netral,0,https://x.com/LambeSahamjja/status/2094082508115866073
2044966576731169185,2026-04-17 02:30:00,P3gEl,5tePh3N,64016,"Dari embege kita belajar bahwa
Sebenarnya pemerintah bisa memberikan BPJS 100% gratis 😊 https://t.co/rQwrm2OPgE",dari embege kita belajar bahwa sebenarnya pemerintah bisa memberikan bpjs 100 gratis,in,56432,16037,440,343,691927,0,1_root,embege[Top],,positif,1,https://x.com/P3gEl/status/2044966576731169185
2092584342820163873,2026-08-26 12:06:00,P3gEl,5tePh3N,64016,"Waduh, embege masa bisa ada peluru itu menunya, coba tebak dapur 😬 https://t.co/Wy95GewvTM",waduh embege masa bisa ada peluru itu menunya coba tebak dapur,in,64,41,21,2,5183,0,1_root,embege[Top],,netral,0,https://x.com/P3gEl/status/2092584342820163873
2084614356650869097,2026-08-04 12:16:07,menuembegejelek,MBG Jelek,61659,"📢 Sampaikan pesan ini ke semua orang.

Akun kami juga kami pergunakan sebagai posko pelaporan penyimpangan tata kelola embege yang memberikan dampak merugikan. Misalnya seperti pengalaman Ibu ini, sampaikan saja nama lengkap SPPG-nya, Insya Allah identitas pribadi aman. https://t.co/toz9MrL9lD",sampaikan pesan ini ke semua orang akun kami juga kami pergunakan sebagai posko pelaporan penyimpangan tata kelola embege yang memberikan dampak merugikan misalnya seperti pengalaman ibu ini sampaikan saja nama lengkap sppg nya insya allah identitas pribadi aman,in,18404,6660,242,271,284306,0,1_root,embege[Top],,positif,1,https://x.com/menuembegejelek/status/2084614356650869097
2025529318089412646,2026-02-22 11:13:16,menuembegejelek,MBG Jelek,61659,"Lah, berarti, jangan-jangan proyek embege juga hasil dari konsultasi dengan zionist tengik juga. Si anjing. 🙂",lah berarti jangan jangan proyek embege juga hasil dari konsultasi dengan zionist tengik juga si anjing,in,16776,2798,182,139,305617,0,1_root,embege[Top],,netral,0,https://x.com/menuembegejelek/status/2025529318089412646
2034241347394375761,2026-03-18 12:11:46,menuembegejelek,MBG Jelek,61659,"‼️ Buzzer embege bawa-bawa agama 🫵🏻

Debat dan twitwor sama buzzer-buzzer bernalar rendah mah masih oke lah, ya. Jijik sih, tapi yang ini jelas amat sangat jauh lebih dari sekedar jijik.

BGN harus memerintahkan jajarannya untuk memberangus akun dan konten-konten sesat begini.

Ayo rame-rame report!",buzzer embege bawa bawa agama debat dan twitwor sama buzzer buzzer bernalar rendah mah masih oke lah ya jijik sih tapi yang ini jelas amat sangat jauh lebih dari sekedar jijik bgn harus memerintahkan jajarannya untuk memberangus akun dan konten konten sesat begini ayo rame rame report,in,7392,2623,589,804,236422,0,1_root,embege[Top],,netral,0,https://x.com/menuembegejelek/status/2034241347394375761
2093524040984281115,2026-08-29 02:20:01,menuembegejelek,MBG Jelek,61659,"Halo, Min. Perhatian bagi yang punya adik dan anak yang jadi penerima manfaat embege, tolong perhatikan yaa. INI BUKAN SUSU. Kami sudah pernah membahasnya🙏🏻

Kami akan membukan sayembara, siapapun yang melaporkan kepada kami SPPG yang masih nekat dan tega menggunakan susu ini, akan kami beri imbalan 50rb. Dengan syarat sertakan foto ompreng + susu, dan sertakan nama medsos SPPGnya.

Sekali lagi, hati-hati. Jangan diminum 🙏🏻",halo min perhatian bagi yang punya adik dan anak yang jadi penerima manfaat embege tolong perhatikan yaa ini bukan susu kami sudah pernah membahasnya kami akan membukan sayembara siapapun yang melaporkan kepada kami sppg yang masih nekat dan tega menggunakan susu ini akan kami beri imbalan 50rb dengan syarat sertakan foto ompreng susu dan sertakan nama medsos sppgnya sekali lagi hati hati jangan diminum,in,648,128,6,2,61901,0,1_root,embege[Top],,netral,0,https://x.com/menuembegejelek/status/2093524040984281115
2024359625244774442,2026-02-19 05:45:20,menuembegejelek,MBG Jelek,61659,"Teruntuk semua pengikut @menuembegejelek yang sudah dan/atau yang kelak akan aktif melapor perihal menu-menu jelek proyek embege, berikut kami umumkan:

Mari sepakati bahwa minuman rasa susu dalam gambar adalah minuman yang 100% DILARANG untuk dipergunakan dalam pendistribusian embege. Minuman ini 100% ultra proses, mengandung bahan-bahan tambahan, tak layak dikonsumsi anak-anak, dan jelas SANGAT TIDAK BOLEH masuk ke dalam daftar menu Makan Bergiji Gratis.

Siapapun yang menemukan unggahan medsos SPPG dengan gambar minuman ini agar segera melapor pada kami, pasti akan kami maki-maki dan viralkan kubangan lumpur itu! 🫵🏻🙂",teruntuk semua pengikut yang sudah dan atau yang kelak akan aktif melapor perihal menu menu jelek proyek embege berikut kami umumkan mari sepakati bahwa minuman rasa susu dalam gambar adalah minuman yang 100 dilarang untuk dipergunakan dalam pendistribusian embege minuman ini 100 ultra proses mengandung bahan bahan tambahan tak layak dikonsumsi anak anak dan jelas sangat tidak boleh masuk ke dalam daftar menu makan bergiji gratis siapapun yang menemukan unggahan medsos sppg dengan gambar minuman ini agar segera melapor pada kami pasti akan kami maki maki dan viralkan kubangan lumpur itu,in,13760,3818,271,326,1281491,0,1_root,embege[Top],,positif,1,https://x.com/menuembegejelek/status/2024359625244774442
2069860826446700687,2026-06-24 19:10:51,myshawti,Catholic 𐕣,59261,Akhirnya duit pajak gue dibuat bayarin cicilan para relawan bayaran embege https://t.co/8X0FYiopRq,akhirnya duit pajak gue dibuat bayarin cicilan para relawan bayaran embege,in,13063,3427,550,460,303323,0,1_root,embege[Top],,netral,0,https://x.com/myshawti/status/2069860826446700687
2074329937658671522,2026-07-07 03:09:30,menuembegejelek,MBG Jelek,61659,"Tiba-tiba mual mengingat sepekan lagi embege akan mulai didistribusikan lagi ke anak-anak sekolah.

🤢🤢🤮",tiba tiba mual mengingat sepekan lagi embege akan mulai didistribusikan lagi ke anak anak sekolah,in,15697,2792,453,318,336456,0,1_root,embege[Top],,netral,0,https://x.com/menuembegejelek/status/2074329937658671522
2093742331178737702,2026-08-29 16:47:26,tsetchaiklatte_,teasetchaiklatte ☕️,965,"ya lu bayangin masa dukung prabowo tapi benci sama EMBEGE 😂😂😂 

girl just REFRAIN from spitting nonsense pls i keep getting secondhand embarrassment from your stupid takes.",ya lu bayangin masa dukung prabowo tapi benci sama embege girl just refrain from spitting nonsense pls i keep getting secondhand embarrassment from your stupid takes,en,500,70,15,4,9226,0,1_root,embege[Top],,positif,1,https://x.com/tsetchaiklatte_/status/2093742331178737702
2093563864298426712,2026-08-29 04:58:16,zhafiraqyla,Zhafira in Japan,22814,@iceman__xmen Oh kalo dukung political leader berarti harus 100% satu prinsip dan subscribe to their ideals ya?,oh kalo dukung political leader berarti harus 100 satu prinsip dan subscribe to their ideals ya,in,1242,62,303,1694,1747311,0,1_root,embege[Top],,positif,1,https://x.com/zhafiraqyla/status/2093563864298426712
2019440648877658550,2026-02-05 15:59:04,menuembegejelek,MBG Jelek,61659,Wkwkwwkwkw jabingan menu EMBEGE MODEL OPO IKI COOOOKK. Malah koyok bar jajan seko warung meduroo njirrr. SPPGne over confidence tenann bajilaaakk https://t.co/OA8zlBZtdB,wkwkwwkwkw jabingan menu embege model opo iki cooookk malah koyok bar jajan seko warung meduroo njirrr sppgne over confidence tenann bajilaaakk,in,26296,6107,989,1708,815710,0,1_root,embege[Top],,netral,0,https://x.com/menuembegejelek/status/2019440648877658550
2089158436282040579,2026-08-17 01:12:40,menuembegejelek,MBG Jelek,61659,"Kopdes sama embege terang-terangan dipake buat praktik rasuah, korup, perburuan rente kayak begini dan negara meminta kita untuk terus ngedukung dua program cacat ini?

Negara minta kita buat ngebunuh empati kita masing-masing kah?? Huekk! 🤢🤮 https://t.co/n1x2lri5Iv",kopdes sama embege terang terangan dipake buat praktik rasuah korup perburuan rente kayak begini dan negara meminta kita untuk terus ngedukung dua program cacat ini negara minta kita buat ngebunuh empati kita masing masing kah huekk,in,2283,1000,25,4,27246,0,1_root,embege[Top],,netral,0,https://x.com/menuembegejelek/status/2089158436282040579
2092281335457144914,2026-08-25 16:01:57,tYestoyloco,𝙨𝙫𝙙𝙚𝙘🦄,598,demi kesejahteraan bangsa ganti ini wok embege lu wok https://t.co/SnnZ6qpbit,demi kesejahteraan bangsa ganti ini wok embege lu wok,in,496,80,5,9,4824,0,1_root,embege[Top],,netral,0,https://x.com/tYestoyloco/status/2092281335457144914
2088506634838458562,2026-08-15 06:02:38,genzcorporation,Gen-Z Corp,26601,"Kita tiap taun dipaksa ngerayain kemerdekaan, padahal sebenernya dalam hati kecil kita ngerasa belum merdeka dan masih dijajah, iya dijajah sama ekonomi rezim ini. Udah bayar pajak mahal2 malah dikorupsi, dipake buat hal yang ga penting (kovdes, embege), miskin makin miskin, kaya makin kaya, persis kaya masa penjajahan belanda kan",kita tiap taun dipaksa ngerayain kemerdekaan padahal sebenernya dalam hati kecil kita ngerasa belum merdeka dan masih dijajah iya dijajah sama ekonomi rezim ini udah bayar pajak mahal2 malah dikorupsi dipake buat hal yang ga penting kovdes embege miskin makin miskin kaya makin kaya persis kaya masa penjajahan belanda kan,in,12,3,1,0,1436,0,1_root,embege[Top],,negatif,-1,https://x.com/genzcorporation/status/2088506634838458562
2091687523303203195,2026-08-24 00:42:21,P3gEl,5tePh3N,64016,"Liburij embege sehari, kebeli nih 2 pesawat 🙄 https://t.co/EZdy72LNLr",liburij embege sehari kebeli nih 2 pesawat,in,130,53,28,4,4119,0,1_root,embege[Top],,netral,0,https://x.com/P3gEl/status/2091687523303203195
2055635459683037534,2026-05-16 13:04:20,meursalette,Tatjana,82,"mimpi basah bukan lagi soal mimpi jorok, tapi mimpi rupiah menguat, embege bubar, pendidikan gratis, kesehatan diprioritaskan, gak banyak pungli, umr 2 digit, bisa makan enak dan jalan kaki nyaman.",mimpi basah bukan lagi soal mimpi jorok tapi mimpi rupiah menguat embege bubar pendidikan gratis kesehatan diprioritaskan gak banyak pungli umr 2 digit bisa makan enak dan jalan kaki nyaman,in,52720,21345,38,232,691428,0,1_root,embege[Top],,positif,1,https://x.com/meursalette/status/2055635459683037534
2055514786683814027,2026-05-16 05:04:49,quackGshock,hey,1960,"Halu sekarang bukan jadi y/n idol K-Pop, tapi rupiah menguat, embege bubar, pendidikan gratis, kesehatan lebih diperhatikan, ga banyak pungli, UMR 2 digit, bisa makan enak dan nyaman tanpa embel embel ""in this economy"" sedangkan ybs ulang tahun, dirayainnya ga kelar kelar🫪",halu sekarang bukan jadi y n idol k pop tapi rupiah menguat embege bubar pendidikan gratis kesehatan lebih diperhatikan ga banyak pungli umr 2 digit bisa makan enak dan nyaman tanpa embel embel in this economy sedangkan ybs ulang tahun dirayainnya ga kelar kelar,in,36466,17667,30,279,996494,0,1_root,embege[Top],,positif,2,https://x.com/quackGshock/status/2055514786683814027
2073714787440267582,2026-07-05 10:25:07,shavyre,𝚂𝐡𝚊𝐕·˚♡༊,2058,@tempodotco Maling berkedok gizi dan Bancakan gizi nasional. Kombo damage 😖,maling berkedok gizi dan bancakan gizi nasional kombo damage,in,13,2,3,0,653,0,1_root,embege[Top],,netral,0,https://x.com/shavyre/status/2073714787440267582
2073719988306034794,2026-07-05 10:45:47,tempodotco,tempo.co,2533960,@shavyre embege dan begeen,embege dan begeen,nl,8,1,0,0,670,0,1_root,embege[Top],,netral,0,https://x.com/tempodotco/status/2073719988306034794
2079433782185369726,2026-07-21 05:10:22,pgymyowl,Sore.,320,"Anti boti anti boti, kenapa gak ada anti patriarki, anti perokok dan pemabuk, anti pelaku ks, anti pedofilia, anti embege, anti kopdes, anti judol. 

Yang lu pikirin selangkangan doang apa gimana dah?",anti boti anti boti kenapa gak ada anti patriarki anti perokok dan pemabuk anti pelaku ks anti pedofilia anti embege anti kopdes anti judol yang lu pikirin selangkangan doang apa gimana dah,in,24019,9347,7,115,179217,0,1_root,embege[Top],,netral,0,https://x.com/pgymyowl/status/2079433782185369726
2092546765409140948,2026-08-26 09:36:41,menuembegejelek,MBG Jelek,61661,"Holy fookin' shit. Semua-semua aja disangkut-pautin sama embege, anjimm.

""Mau diteruskan atau tidak?""

Kita semua tau, kalau kita masih kerap haus validasi terus-menerus dengan kerjaan kita, tandanya kita gak pede / ragu-ragu dengan apa yang kita kerjakan.

🐷🐷🐷🐷🐷🐷🐷 https://t.co/BV2o6FQ04B",holy fookin shit semua semua aja disangkut pautin sama embege anjimm mau diteruskan atau tidak kita semua tau kalau kita masih kerap haus validasi terus menerus dengan kerjaan kita tandanya kita gak pede ragu ragu dengan apa yang kita kerjakan,in,1107,376,27,15,20165,0,1_root,embege[Top],,netral,0,https://x.com/menuembegejelek/status/2092546765409140948
2077991350612766964,2026-07-17 05:38:39,menuembegejelek,MBG Jelek,61661,"⚠️KABAR PENGRACUNAN EMBEGE⚠️
⚠️KABAR PENGRACUNAN EMBEGE⚠️
⚠️KABAR PENGRACUNAN EMBEGE⚠️",kabar pengracunan embege kabar pengracunan embege kabar pengracunan embege,in,13821,5350,29,18,157464,0,1_root,embege[Top],,netral,0,https://x.com/menuembegejelek/status/2077991350612766964
2077984839819841710,2026-07-17 05:12:47,txtdrimedia,txtdrimedia,962231,"baru mulai lagi, MBG kembali memakan korban.  balita, siswa TK-SD, guru, hingga bumil dirawat krn keracunan MBG

""MBG KITA TERUSKAN, SAYA TIDAK MAU RAKYAT KELAPARAN"" https://t.co/syPQcQZ3zH",baru mulai lagi mbg kembali memakan korban balita siswa tk sd guru hingga bumil dirawat krn keracunan mbg mbg kita teruskan saya tidak mau rakyat kelaparan,in,13453,5392,388,247,394776,0,1_root,embege[Top],,negatif,-1,https://x.com/txtdrimedia/status/2077984839819841710
2090566301098053786,2026-08-20 22:27:01,kenhans03,Ken Hans,37144,"Emangnya sebelum ada eMBeGe semua orang mati ?
Justru dengan eMBeGe banyak siswa yang keracunan dan sebagai menteri HAM tidak sama sekali memperjuangkan HAK siswa yang keracunan.
Lebih parahnya, Malaikat pun difitnah ikutan makan...
🤦

Keknya orang ini logika nya sudah MATI. https://t.co/Osyn7b1mO4",emangnya sebelum ada embege semua orang mati justru dengan embege banyak siswa yang keracunan dan sebagai menteri ham tidak sama sekali memperjuangkan hak siswa yang keracunan lebih parahnya malaikat pun difitnah ikutan makan keknya orang ini logika nya sudah mati,in,564,271,455,101,40003,0,1_root,embege[Top],,negatif,-2,https://x.com/kenhans03/status/2090566301098053786
2093907401128968251,2026-08-30 03:43:22,ochidzz,ocit ompreng embege lovers,66,"mana ada si media partner doang jink, postingan yg sponsor udah diapus. nih liat gw sempet screen record. gua call out di first ig ngetag bem its sama presbemnya, belom ada 20 menit udah di-take down postingannya. https://t.co/l4zZuXhlQf",mana ada si media partner doang jink postingan yg sponsor udah diapus nih liat gw sempet screen record gua call out di first ig ngetag bem its sama presbemnya belom ada 20 menit udah di take down postingannya,in,353,14,3,9,36570,0,1_root,embege[Top],,netral,0,https://x.com/ochidzz/status/2093907401128968251
2093664211356311775,2026-08-29 11:37:01,fess10nopember,ITS Fess,31970,"shame on you, antek-antek rezim! https://t.co/6WlwYRG7zc",shame on you antek antek rezim,ht,1215,62,40,108,128041,0,1_root,embege[Top],,netral,0,https://x.com/fess10nopember/status/2093664211356311775
2021852147328176412,2026-02-12 07:41:30,menuembegejelek,MBG Jelek,61661,"⚠️ // PENIPUAN DAN TINDAKAN REPRESIF DARI SPPG

Kejadian tak adil dialami oleh siswa-siswi suatu sekolah di bilangan Yogyakarta, yang mana mereka terdaftar sebagai penerima manfaat embege dari SPPG Ngestiharjo 4, Bantul, DIY.

Melalui medsos SPPG, mereka mengunggah bahwa menu kemarin, 11 Februari 2026, akan menghadirkan prohe berupa ikan dori, namun pada kenyatannya yang datang hanya ompreng berisi nasi, tahu, sayur frozen food, semangka dua potong dadu kecil, dan SECUIL PANGSIT.

Atas kekecewaannya, salah seorang siswa mengunggahnya ke medsos dengan maksud memancing SPPG Ngestiharjo 4 untuk memberi keterangan. Namun alih-alih memberi keterangan, mereka malah menon-aktifkan akun Instagramnya dan melakukan tindakan represif dengan cara mengerahkan dua cecunguk buzzer dengan nama pengguna (@)rizal_rockk dan (@)taufikgkmodal. Brengsek.

Sungguh tindakan yang amat sangat menjijikkan dan pengecut dari sebuah SPPG. Kalian layak hancur! 🫵🏻",penipuan dan tindakan represif dari sppg kejadian tak adil dialami oleh siswa siswi suatu sekolah di bilangan yogyakarta yang mana mereka terdaftar sebagai penerima manfaat embege dari sppg ngestiharjo 4 bantul diy melalui medsos sppg mereka mengunggah bahwa menu kemarin 11 februari 2026 akan menghadirkan prohe berupa ikan dori namun pada kenyatannya yang datang hanya ompreng berisi nasi tahu sayur frozen food semangka dua potong dadu kecil dan secuil pangsit atas kekecewaannya salah seorang siswa mengunggahnya ke medsos dengan maksud memancing sppg ngestiharjo 4 untuk memberi keterangan namun alih alih memberi keterangan mereka malah menon aktifkan akun instagramnya dan melakukan tindakan represif dengan cara mengerahkan dua cecunguk buzzer dengan nama pengguna rizal_rockk dan taufikgkmodal brengsek sungguh tindakan yang amat sangat menjijikkan dan pengecut dari sebuah sppg kalian layak hancur,in,3412,1395,210,73,173753,0,1_root,embege[Top],,netral,0,https://x.com/menuembegejelek/status/2021852147328176412
2072663997044908352,2026-07-02 12:49:39,menuembegejelek,MBG Jelek,61661,"Polisi dipuji sukses ngurus dapur embege, soalnya kalo ngurus bandar narkoba, judol, maling, penculikan, penyekapan, pelecehan, penjambretan, kehilangan barang masyarakat sipil mereka gak sukses babar blass.",polisi dipuji sukses ngurus dapur embege soalnya kalo ngurus bandar narkoba judol maling penculikan penyekapan pelecehan penjambretan kehilangan barang masyarakat sipil mereka gak sukses babar blass,in,11141,5308,99,38,123631,0,1_root,embege[Top],,positif,2,https://x.com/menuembegejelek/status/2072663997044908352
2019944053580984658,2026-02-07 01:19:25,menuembegejelek,MBG Jelek,61661,"Terus terang  kabar ini benar-benar membuat hati kami hancur lebur💔💔💔

Sudah ada embege kenapa masih ada anak-anak yang bekerja hingga malam hari untuk membeli beras?",terus terang kabar ini benar benar membuat hati kami hancur lebur sudah ada embege kenapa masih ada anak anak yang bekerja hingga malam hari untuk membeli beras,in,14924,3429,59,34,252988,0,1_root,embege[Top],,netral,0,https://x.com/menuembegejelek/status/2019944053580984658
2019842074485690653,2026-02-06 18:34:12,akbarahmad2277,Ahmad Siregar,1060,@menuembegejelek https://t.co/Skx4sIxRiE,,qme,295,86,7,39,262593,0,1_root,embege[Top],,netral,0,https://x.com/akbarahmad2277/status/2019842074485690653
2081677263050068322,2026-07-27 09:45:09,mahoutsukkai,Lyo 🐈‍⬛,680,antek2 wowok nyalahin dan ngasih tekanan ke blio karena rupiah terus melambung padahal rupiah bisa nyentuh 18k karena kebijakan tolol wowok yg kekeuh pertahanin embege dan kopdes di kondisi negara lagi carut marut begini,antek2 wowok nyalahin dan ngasih tekanan ke blio karena rupiah terus melambung padahal rupiah bisa nyentuh 18k karena kebijakan tolol wowok yg kekeuh pertahanin embege dan kopdes di kondisi negara lagi carut marut begini,in,15939,6122,34,71,178897,0,1_root,embege[Top],,netral,0,https://x.com/mahoutsukkai/status/2081677263050068322
2081571483361653207,2026-07-27 02:44:50,worksakun,Kiel,3198,"gimana lagi ya dia didesak mulu sama menkeu sama dpr. Kek karir gubernur BI ini padahal udah hampir 32 tahun di BI, udah ngelewatin krisis 98, krisis 2008, sama krisis covid dan disuruh berhenti sama dpr kemaren sore. https://t.co/KeruJ0tSoZ",gimana lagi ya dia didesak mulu sama menkeu sama dpr kek karir gubernur bi ini padahal udah hampir 32 tahun di bi udah ngelewatin krisis 98 krisis 2008 sama krisis covid dan disuruh berhenti sama dpr kemaren sore,in,23967,6807,262,546,2252657,0,1_root,embege[Top],,netral,0,https://x.com/worksakun/status/2081571483361653207
2054822757846929778,2026-05-14 07:14:56,menuembegejelek,MBG Jelek,61661,"Ini kabar tukang tahu crispy yg meninggal karena ditabrak mobil kubangan lumpur (espepege) di Bekasi enggak disangkal, kan, ya? Astaghfirullahaladzim. Banyak yang bilang embege membunuh UMKM, ternyata membunuh in literal way. 🥀

Waspada sama mobil espepege, guys. Membahayakan.",ini kabar tukang tahu crispy yg meninggal karena ditabrak mobil kubangan lumpur espepege di bekasi enggak disangkal kan ya astaghfirullahaladzim banyak yang bilang embege membunuh umkm ternyata membunuh in literal way waspada sama mobil espepege guys membahayakan,in,15457,3980,305,57,147336,0,1_root,embege[Top],,netral,0,https://x.com/menuembegejelek/status/2054822757846929778
2092460251643834864,2026-08-26 03:52:54,menuembegejelek,MBG Jelek,61661,"Kemarin Senin, 24 Agustus, waktu kondisi udara se-Pekanbaru Raya masih ditutupi asap Karhutla, kubangan lumpur (SPPG) Tenayan Raya kekeuh dan maksa untuk tetap mengirim embege, padahal siswa belajar daring.

Kirain menunya ikan, daging, atau apa, nggak taunya cuma telur katsu! https://t.co/Vsm9HqHkLU",kemarin senin 24 agustus waktu kondisi udara se pekanbaru raya masih ditutupi asap karhutla kubangan lumpur sppg tenayan raya kekeuh dan maksa untuk tetap mengirim embege padahal siswa belajar daring kirain menunya ikan daging atau apa nggak taunya cuma telur katsu,in,468,110,12,10,21597,0,1_root,embege[Top],,netral,0,https://x.com/menuembegejelek/status/2092460251643834864
2092199052385657139,2026-08-25 10:34:59,bopo_jodhipati,awan,167900,dia ini orang yang pernah bikin post ngeledekin orang yang ranking 1 sekarang udah jadi apa kan? yang postnya ngerendahin si anak2 ranking 1 itu??,dia ini orang yang pernah bikin post ngeledekin orang yang ranking 1 sekarang udah jadi apa kan yang postnya ngerendahin si anak2 ranking 1 itu,in,3489,272,126,10,777278,0,1_root,embege[Top],,netral,0,https://x.com/bopo_jodhipati/status/2092199052385657139
2091702092666921070,2026-08-24 01:40:15,rawkrawk13,REBELRAWK,5207,date hulk ya pak minimal🗿 https://t.co/yIV3wOkGcJ,date hulk ya pak minimal,in,3134,138,312,350,22331496,0,1_root,embege[Top],,netral,0,https://x.com/rawkrawk13/status/2091702092666921070
2092256736149389361,2026-08-25 14:24:12,no_vanova,Novaaa,208,"@bopo_jodhipati Inget banget konten dia yang ngata2in orang protes soal embege dibilang ""Ga ikut milih ko protes, anak abah laper?"". Najis kata gue sih.",inget banget konten dia yang ngata2in orang protes soal embege dibilang ga ikut milih ko protes anak abah laper najis kata gue sih,in,915,31,9,0,62979,0,1_root,embege[Top],,netral,0,https://x.com/no_vanova/status/2092256736149389361
2094339014862262653,2026-08-31 08:18:26,islysie,sisle 🧸ི,1164,kantorku juara 1 lomba dekor 😭😭 mayaan lahh buat makan shabu hachi sekantor 😘,kantorku juara 1 lomba dekor mayaan lahh buat makan shabu hachi sekantor,in,2,0,1,0,46,0,1_root,embege[Top],,netral,0,https://x.com/islysie/status/2094339014862262653
2094347597259714597,2026-08-31 08:52:32,islysie,sisle 🧸ི,1164,@pemfeksion iyaa dapet embegee darii kantorr 😘😘 makasyii kaa,iyaa dapet embegee darii kantorr makasyii kaa,in,1,0,1,0,7,0,1_root,embege[Top],,netral,0,https://x.com/islysie/status/2094347597259714597
2090982243497869765,2026-08-22 01:59:50,menuembegejelek,MBG Jelek,61661,"⚠️☠️KABAR PERACUNAN EMBEGE☠️⚠️
⚠️☠️KABAR PERACUNAN EMBEGE☠️⚠️

Di hari yang sama BGN meracuni 52 anak sekolah di Banggai Kepulauan, Sulteng, mereka juga meracuni 96 (SEMBILAN PULUH ENAM) anak sekolah di Boyolali, Jateng.

Kan? Tebakan kami literally ga meleset, kan? BGN meracuni anak-anak SETIAP HARI dengan jumlah korban mencapai RATUSAN per harinya.",kabar peracunan embege kabar peracunan embege di hari yang sama bgn meracuni 52 anak sekolah di banggai kepulauan sulteng mereka juga meracuni 96 sembilan puluh enam anak sekolah di boyolali jateng kan tebakan kami literally ga meleset kan bgn meracuni anak anak setiap hari dengan jumlah korban mencapai ratusan per harinya,in,736,502,18,15,13436,0,1_root,embege[Top],,netral,0,https://x.com/menuembegejelek/status/2090982243497869765
2094296437291139087,2026-08-31 05:29:15,yatuhanknpwni,Argha,1797,Best combo https://t.co/U9u8R36d9D,best combo,fr,32,1,30,0,492,0,1_root,embege[Top],,netral,0,https://x.com/yatuhanknpwni/status/2094296437291139087
2093663383073808560,2026-08-29 11:33:43,RE55A,RESSA,2676,"menu eMBeGe sore ini

🫀3km pace 4'20"" - 4'59""
🍰2km pace 5'30"" - 5'40""
🍃1km walk for cooling down https://t.co/4uPr9YjH35",menu embege sore ini 3km pace 4 20 4 59 2km pace 5 30 5 40 1km walk for cooling down,en,18,0,0,1,1788,0,1_root,embege[Top],,netral,0,https://x.com/RE55A/status/2093663383073808560
2092564641297887428,2026-08-26 10:47:43,RE55A,RESSA,2676,"dih sehari setelah marathon tidak lari; 
2 hari setelahnya baru recovery run; 
sore ini lari lagi dan sudah turun 0.1 aja ini running fitness 💀

nda boleh malas ber-eMBeGe berarti ini untuk maintaining 🤨 https://t.co/u1oBwHiLah",dih sehari setelah marathon tidak lari 2 hari setelahnya baru recovery run sore ini lari lagi dan sudah turun 0 1 aja ini running fitness nda boleh malas ber embege berarti ini untuk maintaining,in,17,0,1,1,1368,0,1_root,embege[Top],,netral,0,https://x.com/RE55A/status/2092564641297887428
2094093371728122175,2026-08-30 16:02:20,herogentl,R,46,"@dosenkesmas asap udah keadaan darurat, anak2 Kalimantan kena ispa.  malah lebih mentingin embege itu? gue aja yg umur segini udah ga kuat ngirup asap, udah di level parah. mau ke cafe juga ga sanggup  bau asapnya.",asap udah keadaan darurat anak2 kalimantan kena ispa malah lebih mentingin embege itu gue aja yg umur segini udah ga kuat ngirup asap udah di level parah mau ke cafe juga ga sanggup bau asapnya,in,48,4,1,0,5393,0,1_root,embege[Top],,negatif,-1,https://x.com/herogentl/status/2094093371728122175
2044709480198553762,2026-04-16 09:28:23,menuembegejelek,MBG Jelek,61661,"Selamat sore, Handai Tolan. Selamat menikmati hari Kamis. 

Apakah Handai Tolan sekelian ingin melihat betapa culas, pongah, dan dungunya salah satu akun yg menjadi alat kampanye embege di platform threads?

Sila simak caption dan video pada kampanye yang satu ini. 🙂 https://t.co/glUuTjAHEg",selamat sore handai tolan selamat menikmati hari kamis apakah handai tolan sekelian ingin melihat betapa culas pongah dan dungunya salah satu akun yg menjadi alat kampanye embege di platform threads sila simak caption dan video pada kampanye yang satu ini,in,3944,1030,209,193,331988,0,1_root,embege[Top],,negatif,-1,https://x.com/menuembegejelek/status/2044709480198553762
2019043472666451976,2026-02-04 13:40:50,Piyusaja2,Mas P1yu🍉🇮🇩,28239,🤮 https://t.co/Jtbtxqsh6a,,qme,60534,12484,2053,3571,2189861,0,1_root,embege[Top],,netral,0,https://x.com/Piyusaja2/status/2019043472666451976
2019065220036280547,2026-02-04 15:07:15,eleistar,hera🌙,894,@Piyusaja2 admin najis satu itu emg kalo disinggung masalah pendidikan jawabnya pake sekolah rakyat mulu. ngga nyambung. persis wowok yg kalo ditanya apapun jawabnya embege teross https://t.co/i70l5hyqJV,admin najis satu itu emg kalo disinggung masalah pendidikan jawabnya pake sekolah rakyat mulu ngga nyambung persis wowok yg kalo ditanya apapun jawabnya embege teross,in,12137,1462,93,190,416332,0,1_root,embege[Top],,negatif,-1,https://x.com/eleistar/status/2019065220036280547
2087487708512055369,2026-08-12 10:33:48,menuembegejelek,MBG Jelek,61659,"Total jumlah peracunan embege oleh BGN sudah tembus 40.000++ jiwa. Menurutmu, berapa jumlah korban dari sopir kubangan lumpur (SPPG) yang ugal-ugalan?

*Siswi dalam berita terkait meninggal dunia. https://t.co/bpz30XEfTI",total jumlah peracunan embege oleh bgn sudah tembus 40 000 jiwa menurutmu berapa jumlah korban dari sopir kubangan lumpur sppg yang ugal ugalan siswi dalam berita terkait meninggal dunia,in,1715,759,22,9,17746,0,1_root,embege[Top],,netral,0,https://x.com/menuembegejelek/status/2087487708512055369
2087876676818440643,2026-08-13 12:19:25,neuvbi,aiN no Limit 🫧,2429,ada oomfs bilang projek stuzha ini mirip embege 😭 udah berkali-kali dimintain berhenti sama rakyat tapi ttp dijalanin 😭 pemimpin pada tone deaf 😭👋,ada oomfs bilang projek stuzha ini mirip embege udah berkali kali dimintain berhenti sama rakyat tapi ttp dijalanin pemimpin pada tone deaf,in,4114,1090,35,204,57206,0,1_root,embege[Top],,netral,0,https://x.com/neuvbi/status/2087876676818440643
2087904901733155303,2026-08-13 14:11:34,menuembegejelek,MBG Jelek,61659,"⚠️KABAR PERACUNAN EMBEGE⚠️

Mohon maaf, Handai Tolan mungkin sudah bosan dan jenuh dengan kabar peracunan. Tapi jumlah korban peracunan hari ini benar-benar tidak manusiawi.

Di Dumai, Riau, BGN telah meracuni ±38 (TIGA PULUH DELAPAN) anak-anak, dan di Berastagi ±256 (DUA RATUS LIMA PULUH ENAM). Jumlah korban yang terdata oleh nakes setempat berpotensi akan terus bertambah hingga esok pagi.",kabar peracunan embege mohon maaf handai tolan mungkin sudah bosan dan jenuh dengan kabar peracunan tapi jumlah korban peracunan hari ini benar benar tidak manusiawi di dumai riau bgn telah meracuni 38 tiga puluh delapan anak anak dan di berastagi 256 dua ratus lima puluh enam jumlah korban yang terdata oleh nakes setempat berpotensi akan terus bertambah hingga esok pagi,in,2359,1430,30,21,40032,0,1_root,embege[Top],,netral,0,https://x.com/menuembegejelek/status/2087904901733155303
2087887433090453680,2026-08-13 13:02:09,menuembegejelek,MBG Jelek,61659,"⚠️Update: Hari Ini, 13 Agustus, BGN Meracuni Ratusan Anak-anak Sekolah Lagi.

Kebirahian BGN dalam melakukan peracunan masal benar-benar sudah di luar akal sehat kami. Seolah-olah jika satu hari tak jatuh korban, BGN tidak akan pernah merasa puas. Absolut bajingan.",update hari ini 13 agustus bgn meracuni ratusan anak anak sekolah lagi kebirahian bgn dalam melakukan peracunan masal benar benar sudah di luar akal sehat kami seolah olah jika satu hari tak jatuh korban bgn tidak akan pernah merasa puas absolut bajingan,in,349,103,3,2,56780,0,1_root,embege[Top],,positif,1,https://x.com/menuembegejelek/status/2087887433090453680
2093629379004047804,2026-08-29 09:18:36,menuembegejelek,MBG Jelek,61659,"Tunggu sebentar, ini berarti sekolah negeri SAMA SEKALI ngga boleh nolak embege kah? Cruel.",tunggu sebentar ini berarti sekolah negeri sama sekali ngga boleh nolak embege kah cruel,in,92,18,3,0,13664,0,1_root,embege[Top],,netral,0,https://x.com/menuembegejelek/status/2093629379004047804
2093620183042511168,2026-08-29 08:42:03,tatawho_bulat,tataaaa,9,"@menuembegejelek Apalagi kalo sekolah negeri min, makin-makin tuh ngeri ancamannya. Kalo sekolah swasta masih bisa nolak asal ada alasan dari wali murid sama hasil polling.",apalagi kalo sekolah negeri min makin makin tuh ngeri ancamannya kalo sekolah swasta masih bisa nolak asal ada alasan dari wali murid sama hasil polling,in,30,2,1,1,7759,0,1_root,embege[Top],,netral,0,https://x.com/tatawho_bulat/status/2093620183042511168
2092026828554895446,2026-08-24 23:10:38,menuembegejelek,MBG Jelek,61659,"Selalu nemu yang begini, kelakuan blo'on sudaryono dibela oleh orang (buzzer) yang 10x lipat lebih blo'on. Plengerrr.

Kalo nanti ada penerima manfaat yang nerima embege dari kubangan lumpur (SPPG) Cilandak Barat kenapa-napa, we already know exactly who the hell to blame, right? https://t.co/6eb0cYq9ms",selalu nemu yang begini kelakuan blo on sudaryono dibela oleh orang buzzer yang 10x lipat lebih blo on plengerrr kalo nanti ada penerima manfaat yang nerima embege dari kubangan lumpur sppg cilandak barat kenapa napa we already know exactly who the hell to blame right,in,679,169,19,0,19554,0,1_root,embege[Top],,netral,0,https://x.com/menuembegejelek/status/2092026828554895446
2040406997653389577,2026-04-04 12:31:51,menuembegejelek,MBG Jelek,61659,"Bukti paling telanjang bahwa kehadiran embege bukan untuk pemenuhan gizi.

Satu dari berjuta kemudharatan embege; melecehkan dan merendahkan marwah guru dan pekerja-pekerja pendidikan.

SARU! https://t.co/ZD4ACTqkRS",bukti paling telanjang bahwa kehadiran embege bukan untuk pemenuhan gizi satu dari berjuta kemudharatan embege melecehkan dan merendahkan marwah guru dan pekerja pekerja pendidikan saru,in,9057,4122,284,184,243108,0,1_root,embege[Top],,netral,0,https://x.com/menuembegejelek/status/2040406997653389577
2038891586634064101,2026-03-31 08:10:09,menuembegejelek,MBG Jelek,61659,"⚠️ Pendistribusian Ompreng Embege Menggunakan Truk Sampah di Bekasi ⚠️

Kami menaruh perhatian pada kasus ini, meski begitu kami sedang memburu dan mengorek sumber informasi tervalidnya.

Jika ini benar terjadi, kami menuntut BGN untuk menutup kubangan lumpur (SPPG) terkait secara PERMANEN!",pendistribusian ompreng embege menggunakan truk sampah di bekasi kami menaruh perhatian pada kasus ini meski begitu kami sedang memburu dan mengorek sumber informasi tervalidnya jika ini benar terjadi kami menuntut bgn untuk menutup kubangan lumpur sppg terkait secara permanen,in,15663,8149,394,450,450911,0,1_root,embege[Top],,netral,0,https://x.com/menuembegejelek/status/2038891586634064101
2064455885372670250,2026-06-09 21:13:33,ebednoorjaman,Ebed,5136,"patut dicurigai skenarionya:

pertama, menaikkan harga pertamax (ron 92).

kedua, pertalite dibuat langka dan pelan-pelan nanti dihapuskan.

ketiga, bbm aman dari subsidi, apbn aman, embege tetep jalan.",patut dicurigai skenarionya pertama menaikkan harga pertamax ron 92 kedua pertalite dibuat langka dan pelan pelan nanti dihapuskan ketiga bbm aman dari subsidi apbn aman embege tetep jalan,in,12529,4204,106,108,397160,0,1_root,embege[Top],,positif,2,https://x.com/ebednoorjaman/status/2064455885372670250
2064453447903260750,2026-06-09 21:03:52,ebednoorjaman,Ebed,5136,"harga pertamax udah naik, tinggal nunggu giliran pertalite aja. negara udah bangkrut guys.",harga pertamax udah naik tinggal nunggu giliran pertalite aja negara udah bangkrut guys,in,60,11,3,5,308931,0,1_root,embege[Top],,netral,0,https://x.com/ebednoorjaman/status/2064453447903260750
2094311093732835446,2026-08-31 06:27:29,Sapipidermen,ikal,51,Ga nyaman bangett kalau kekenyangan  gni,ga nyaman bangett kalau kekenyangan gni,in,0,0,1,0,30,0,1_root,embege[Top],,netral,0,https://x.com/Sapipidermen/status/2094311093732835446
2029386750175724023,2026-03-05 02:41:20,menuembegejelek,MBG Jelek,61659,"⚠️ Kabar Keracunan Embege!! ⚠️

Simak baik-baik cerita ini: Seorang Ibu di Threads menceritakan anaknya diduga mengalami keracunan MBG dengan gejala yang cukup memprihatinkan. Muntah hingga belasan kali sampai dehidrasi.

Sang Ibu juga menceritakan, keluarganya sempat mendapat tekanan dari oknum tengtara agar pengalamannya ini tak disebarluaskan di platform manapun.

Sudahlah diracun, dibungkam pula. Negara sinting bin biadab. 🫵🏻🙂",kabar keracunan embege simak baik baik cerita ini seorang ibu di threads menceritakan anaknya diduga mengalami keracunan mbg dengan gejala yang cukup memprihatinkan muntah hingga belasan kali sampai dehidrasi sang ibu juga menceritakan keluarganya sempat mendapat tekanan dari oknum tengtara agar pengalamannya ini tak disebarluaskan di platform manapun sudahlah diracun dibungkam pula negara sinting bin biadab,in,4068,2327,120,105,139569,0,1_root,embege[Top],,positif,1,https://x.com/menuembegejelek/status/2029386750175724023
2029367542213689613,2026-03-05 01:25:00,alsjournall,Alma ☾⋆⁺₊🎮✩°｡,6722,"@menuembegejelek Mint, udah liat yang di thread belum ada ibu curhat anaknya keracunan mbegehe sampe masuk igd sampe muntaber tetep dipaksa tutup mulut demi mensukseskan program cenah muak gue",mint udah liat yang di thread belum ada ibu curhat anaknya keracunan mbegehe sampe masuk igd sampe muntaber tetep dipaksa tutup mulut demi mensukseskan program cenah muak gue,in,1737,107,11,6,144454,0,1_root,embege[Top],,negatif,-1,https://x.com/alsjournall/status/2029367542213689613
2092767401201029205,2026-08-27 00:13:24,P3gEl,5tePh3N,64016,"Statement nya pilih mana guys
Bupati : KDRT turun berkat embege
Kepala BNPB : kami BNPB itu kuat, dibawah bapak presiden mau apa aja itu bisa 🙂 https://t.co/H2MsPPZJO1",statement nya pilih mana guys bupati kdrt turun berkat embege kepala bnpb kami bnpb itu kuat dibawah bapak presiden mau apa aja itu bisa,in,32,8,16,3,2507,0,1_root,embege[Top],,netral,0,https://x.com/P3gEl/status/2092767401201029205
2092112178702913943,2026-08-25 04:49:47,P3gEl,5tePh3N,64016,"Cuma 12 Detik, padam, dua hari Embege cukup beli pesawat ini beberapa, gak perlu ngide tepung ubi, masih riset dan belum ada bukti memadamkan api dalam skala besar. Yg rakyat perlukan solusi jangka pendek🙄 https://t.co/uw23FkAPtC",cuma 12 detik padam dua hari embege cukup beli pesawat ini beberapa gak perlu ngide tepung ubi masih riset dan belum ada bukti memadamkan api dalam skala besar yg rakyat perlukan solusi jangka pendek,in,24,3,8,1,16596,0,1_root,embege[Top],,positif,2,https://x.com/P3gEl/status/2092112178702913943
2092073224570089662,2026-08-25 02:15:00,P0113R,Rudy,2587,Mamanya juga usaha ya🙂‍↕️ https://t.co/oae9uUOLuS,mamanya juga usaha ya,in,0,0,1,1,1887,0,1_root,embege[Top],,netral,0,https://x.com/P0113R/status/2092073224570089662
2029504517273010266,2026-03-05 10:29:17,menuembegejelek,MBG Jelek,61659,"⚠️ // TRIGGER WARNING / S*XUAL ASSA*LT / S*XUAL HAR*SSMENT

""Min, kenapa sih sering nge-up soal berita pelecehan, perselingkuhan, konten ped*filia, penyimpangan, tindakan kekerasan seksual yg dilakuin sama pegawe² kubangan lumpur (sppg)? Kan gak ada kaitannya sama embege Min?""

Hm, gak ada kaitannya gundulmu! Ya jelas nggak bisa dikatakan ngga ada kaitannya. Bukannya menurut pendukungnya embege tuh program yang baik, ya? Lha masak kamu mau ngebiarin program 'yang baik' ini dikerjain sama iblis amoral penghuni kerak neraka kayak begini??

• Kami menuntut BGN agar ke depan lebih selektif dan ketat lagi dalam melakukan perekrutan pegawai, apalagi jika jabatan yang akan diemban adalah PEGAWAI INTI! 🫵🏻

• Menghimbau para ortu atau siapapun yang memiliki kerabat anak dibawah umur agar senantiasa memberinya pengawasan, diberi pemahaman agar bisa terjauh dari cengkeraman predator seks seperti ini.",trigger warning s xual assa lt s xual har ssment min kenapa sih sering nge up soal berita pelecehan perselingkuhan konten ped filia penyimpangan tindakan kekerasan seksual yg dilakuin sama pegawe² kubangan lumpur sppg kan gak ada kaitannya sama embege min hm gak ada kaitannya gundulmu ya jelas nggak bisa dikatakan ngga ada kaitannya bukannya menurut pendukungnya embege tuh program yang baik ya lha masak kamu mau ngebiarin program yang baik ini dikerjain sama iblis amoral penghuni kerak neraka kayak begini kami menuntut bgn agar ke depan lebih selektif dan ketat lagi dalam melakukan perekrutan pegawai apalagi jika jabatan yang akan diemban adalah pegawai inti menghimbau para ortu atau siapapun yang memiliki kerabat anak dibawah umur agar senantiasa memberinya pengawasan diberi pemahaman agar bisa terjauh dari cengkeraman predator seks seperti ini,in,6101,3129,78,104,333822,0,1_root,embege[Top],,positif,2,https://x.com/menuembegejelek/status/2029504517273010266
2028614449767285006,2026-03-02 23:32:29,menuembegejelek,MBG Jelek,61659,"⚠️ Alerta! Alerta!!

Sekali lagi, PERINGATAN KERAS dari kami untuk seluruh tim kreatif kubangan lumpur (sppg) agar bisa lebih kritis lagi dalam melahirkan ide konten. Kami mengecam dan mengutuk konten-konten yang sarat dengan aroma ped*filia seperti ini.

Kami tidak peduli dengan narasi pembelaan apapun, kami memegang teguh prinsip bahwa anak di bawah umur TIDAK BOLEH untuk dijadikan objek konten bernuansa asmara, berapapun usia lawan main pemerannya. Ini dilarang untuk dinormalisasikan, ini menjijikkan! 🫵🏻",alerta alerta sekali lagi peringatan keras dari kami untuk seluruh tim kreatif kubangan lumpur sppg agar bisa lebih kritis lagi dalam melahirkan ide konten kami mengecam dan mengutuk konten konten yang sarat dengan aroma ped filia seperti ini kami tidak peduli dengan narasi pembelaan apapun kami memegang teguh prinsip bahwa anak di bawah umur tidak boleh untuk dijadikan objek konten bernuansa asmara berapapun usia lawan main pemerannya ini dilarang untuk dinormalisasikan ini menjijikkan,in,17738,6169,515,725,1156194,0,1_root,embege[Top],,negatif,-1,https://x.com/menuembegejelek/status/2028614449767285006
2091763808754966633,2026-08-24 05:45:29,skupreme,ray,14849,embege tuh yg jelas dikit gini loh wok wok https://t.co/enTP1rE7z8,embege tuh yg jelas dikit gini loh wok wok,in,180,15,97,0,3501,0,1_root,embege[Top],,netral,0,https://x.com/skupreme/status/2091763808754966633
2092836175539265919,2026-08-27 04:46:41,menuembegejelek,MBG Jelek,61659,All eyes on penyimpangan-penyimpangan implementasi embege. ☠️☠️☠️,all eyes on penyimpangan penyimpangan implementasi embege,in,62,25,2,0,7586,0,1_root,embege[Top],,netral,0,https://x.com/menuembegejelek/status/2092836175539265919
2092831347614339295,2026-08-27 04:27:30,YantiAyaS,Yanti Aya Susanti,206,"@menuembegejelek Di Bandung malah dari awal ada mbg, orang tuanya yg piket min. Karena temen² yg anaknya di sd negri sering piket mbg, gak tau deh kalo sekarang",di bandung malah dari awal ada mbg orang tuanya yg piket min karena temen² yg anaknya di sd negri sering piket mbg gak tau deh kalo sekarang,in,5,2,0,2,4936,0,1_root,embege[Top],,netral,0,https://x.com/YantiAyaS/status/2092831347614339295
2026249940692070492,2026-02-24 10:56:46,menuembegejelek,MBG Jelek,61659,"Kabar brengsek lain yang sempat masuk ke mata dan telinga kami hari ini:

Ada Kepala kubangan lumpur (KSPPG) yang gemar sekali menilap susu jatah embege. We gonna share the video, stay tune. 🙂",kabar brengsek lain yang sempat masuk ke mata dan telinga kami hari ini ada kepala kubangan lumpur ksppg yang gemar sekali menilap susu jatah embege we gonna share the video stay tune,in,19604,3200,159,74,886937,0,1_root,embege[Top],,netral,0,https://x.com/menuembegejelek/status/2026249940692070492
2087874389304103240,2026-08-13 12:10:19,P3gEl,5tePh3N,64016,"Bu guru : haruskah kami makan embege yg ada belatungnya, itu anggaran bukan dari kalian. Menyala Bu guru 🔥 https://t.co/wnBETvoiyn",bu guru haruskah kami makan embege yg ada belatungnya itu anggaran bukan dari kalian menyala bu guru,in,4373,1685,27,8,101584,0,1_root,embege[Top],,netral,0,https://x.com/P3gEl/status/2087874389304103240
2087852167743012976,2026-08-13 10:42:01,P3gEl,5tePh3N,64016,"Petugas nyicip aja Ampe muntah, ya jangan sampai guru yg disuruh nyicip duluan, mereka aja🙄 https://t.co/HmftecDY3O",petugas nyicip aja ampe muntah ya jangan sampai guru yg disuruh nyicip duluan mereka aja,in,142,84,11,3,149790,0,1_root,embege[Top],,netral,0,https://x.com/P3gEl/status/2087852167743012976
2091993711278424102,2026-08-24 20:59:02,nozelism,𝐍𝐨𝐳𝐞𝐥⚚ノゼル,23466,"Oi mrfqii, muka lu noh mirip ceo embege",oi mrfqii muka lu noh mirip ceo embege,in,36,0,5,0,2387,0,1_root,embege[Top],,netral,0,https://x.com/nozelism/status/2091993711278424102
2091790681757163796,2026-08-24 07:32:16,pistaciyou,naya pengen kaya raya⋆.˚🦋༘⋆,10374,AJG BGT BENCI....😭😭😭😭😭😭😭😭😭 https://t.co/JGekl4B0VO,ajg bgt benci,in,29656,630,479,159,1890164,0,1_root,embege[Top],,netral,0,https://x.com/pistaciyou/status/2091790681757163796
2085310234533487034,2026-08-06 10:21:17,menuembegejelek,MBG Jelek,61661,"""Hari ini ada kabar peracunan embege gak, Min?""

Maaf.

Ada.

Selalu.

Ada.

🙏🏻",hari ini ada kabar peracunan embege gak min maaf ada selalu ada,in,12004,1955,28,12,104265,0,1_root,embege[Top],,netral,0,https://x.com/menuembegejelek/status/2085310234533487034
2092578716803289111,2026-08-26 11:43:38,P3gEl,5tePh3N,64016,"Ke lokasi gempa di NTT yang diomongin embege lagi, hadeh speechless deh😭 https://t.co/Qt9hAszqJM",ke lokasi gempa di ntt yang diomongin embege lagi hadeh speechless deh,in,75,33,36,10,7620,0,1_root,embege[Top],,netral,0,https://x.com/P3gEl/status/2092578716803289111
2041846949910057278,2026-04-08 11:53:43,menuembegejelek,MBG Jelek,61661,"‼️ KABAR PERLAWANAN ‼️

Seluruh murid sekolah dari SMP N 1 Dayeuhkolot, Kabupaten Bandung, yang menjadi penerima manfaat embege dari kubangan lumpur (espepege) Citeureup melakukan penolakan dan pengembalian ompreng pada kubangan lumpur terkait.

Diduga penolakan tersebut terjadi lantaran makanan yang didistribusikan dinilai tak layak konsumsi, berpotensi membahayakan kesehatan, dan BERBAU KETEK. 🙂

Mantap! Salam hormat untuk kawan-kawan SMP N 1 Dayeuhkolot.

#SampaiMenang✊🏻",kabar perlawanan seluruh murid sekolah dari smp n 1 dayeuhkolot kabupaten bandung yang menjadi penerima manfaat embege dari kubangan lumpur espepege citeureup melakukan penolakan dan pengembalian ompreng pada kubangan lumpur terkait diduga penolakan tersebut terjadi lantaran makanan yang didistribusikan dinilai tak layak konsumsi berpotensi membahayakan kesehatan dan berbau ketek mantap salam hormat untuk kawan kawan smp n 1 dayeuhkolot sampaimenang,in,7748,2665,199,122,294403,0,1_root,embege[Top],,positif,2,https://x.com/menuembegejelek/status/2041846949910057278
2087084645989208187,2026-08-11 07:52:10,kenhans03,Ken Hans,37144,"Kejadin lagi...
Proyek Embege di SD Negeri 01 Teluk Pakedai, Kubu Raya, Kalimantan Barat, ditemukan berulat. https://t.co/C7N7aa2aA8",kejadin lagi proyek embege di sd negeri 01 teluk pakedai kubu raya kalimantan barat ditemukan berulat,in,3327,1921,194,113,79598,0,1_root,embege[Top],,netral,0,https://x.com/kenhans03/status/2087084645989208187
2089229705790836763,2026-08-17 05:55:52,menuembegejelek,MBG Jelek,61661,"Yth. Bapak Sudaryono selaku Kepala BGN.

Izinkan kami memberikan saran dengan sesantun-santunnya bahasa, sesuatu yang sangat amat jarang kami lakukan, namun kali ini, kami merasa sangat perlu untuk melakukannya.

Dengan bahasa santun, mungkin Bapak berkenan untuk menaruh atensi, berkenan untuk membaca.

Bapak, tolong hentikan drama murahan Bapak. Dulu, Ibu Nanik juga kerap menangis tersedu-sedu setiap kali memergoki SPPG yang tata kelolanya buruk dan berpotensi menyebabkan keracunan, ia juga menangis pada korban-korban keracunan di klinik-klinik, bahkan juga menangis karena sebab yang tidak jelas, di depan khalayak, di depan kamera.

Apakah Bapak kira kami peduli? Apakah Bapak kira kami menganggap tindakan tersebut murni sebab nuraninya yang tergugah? Sebab empatinya yang membuncah? Tidak, Pak.

Maaf ya, Pak, kami harus menyampaikan kalau baik Bapak, maupun kepala-kepala BGN sebelumnya, itu sangat buta dan tuli, padahal kami meyakini Bapak memiliki kuasa dan kekuatan besar untuk mengubah total arah angin pergerakan BGN. Tapi apa? Yang Bapak dan pimpinan-pimpinan sebelumnya lakukan hanyalah tindakan-tindakan nirguna dan nirdampak.

Berapa kali kawan-kawan MBG Watch melakukan unjuk rasa di depan kantor Bapak? Pernahkah barang 1x saja Bapak menemui mereka? Pernahkah Bapak membuka ruang dialog? Bukannya di antara salah satu pengunjuk rasa itu ada juga yang bernasib seperti Ibu-Ibu yang memarahi Bapak? Yang anak-anaknya juga keracunan.

Mohon beri atensi pada tuntutan kami apabila Bapak sungguh-sungguh ingin kejadian keracunan seperti ini tidak terjadi lagi, Pak. Kami mohon.

Kami menuntut agar:

1. Stop total dulu MBG selama sedikit-sedikitinya 6 (enam) bulan. Selama 6 bulan itu silakan Bapak dan jajaran Bapak mengkaji betul-betul bagaimana agar tata kelola MBG bisa berjalan dengan sangat baik. Libatkanlah ahli, libatkanlah orang-orang berpengalaman.

2. Setelah 6 bulan mengkaji, lakukanlah voting kepada calon penerima manfaat yang konon jumlahnya 60jt++ itu untuk mengumpulkan data, berapa banyak orang tua yang masih mau menerima MBG dan berapa yang tidak mau menerima. Hormati keputusan yang tidak menerima. Berikan sanksi yang tegas apabila ada pihak-pihak tertentu yang melakukan pemaksaan.

3. Hapus sistem SPPG yang dikelola oleh swasta. Swasta mungkin membantu, tetapi jarak antar bangunan berpotensi besar terjadinya kontaminasi pada panganan. Bangunlah dapur-dapur MBG di sekolah-sekolah.

4. TUTUP PERMANEN dapur-dapur yang memiliki rekam jejak meracuni lebih dari 50 korban keracunan. Tiada ampun. Umumkan di media sosial resmi BGN. Jika hasil investigasi dari polisi terbukti kalau dapur menjadi penyebab keracunan, maka WAJIB untuk diberi garis polisi. Lalu dapur dengan rekam jejak tutup permanen tidak boleh diberi ruang untuk beroperasi kembali.

Jika tidak bisa memenuhi poin 1 hingga 4, kami mohon dengan sesantun-santunnya SILAKAN BAPAK MUNDUR. Kami mohon.

Mohon atensi ya, Pak. Kami sudah berusaha sesantun mungkin untuk menyampaikan ini kepada Bapak. Kami beri waktu 1 (satu) pekan sejak permohonan ini kami terbitkan untuk Bapak memikirkan tuntutan-tuntutan kami. Apabila selama satu pekan tidak terjadi apa-apa, maaf, maka kami akan kembali pada setelan bahasa seperti biasanya. Tidak ada ruang hormat sedikitpun dari kami kepada Bapak. Kami akan kembali mencaci dan mencemooh dengan keras setiap kali terjadi penyimpangan tata kelola MBG. Akan kami seret Bapak dan kami paksa untuk mundur.

Terima kasih banyak atas atensinya, Pak Sudaryono. Semoga senantiasa sehat selalu. Salam hormat (untuk saat ini) dari kami yang muak dengan drama pejabat-pejabat BGN, Tim Menu Embege Jelek.",yth bapak sudaryono selaku kepala bgn izinkan kami memberikan saran dengan sesantun santunnya bahasa sesuatu yang sangat amat jarang kami lakukan namun kali ini kami merasa sangat perlu untuk melakukannya dengan bahasa santun mungkin bapak berkenan untuk menaruh atensi berkenan untuk membaca bapak tolong hentikan drama murahan bapak dulu ibu nanik juga kerap menangis tersedu sedu setiap kali memergoki sppg yang tata kelolanya buruk dan berpotensi menyebabkan keracunan ia juga menangis pada korban korban keracunan di klinik klinik bahkan juga menangis karena sebab yang tidak jelas di depan khalayak di depan kamera apakah bapak kira kami peduli apakah bapak kira kami menganggap tindakan tersebut murni sebab nuraninya yang tergugah sebab empatinya yang membuncah tidak pak maaf ya pak kami harus menyampaikan kalau baik bapak maupun kepala kepala bgn sebelumnya itu sangat buta dan tuli padahal kami meyakini bapak memiliki kuasa dan kekuatan besar untuk mengubah total arah angin pergerakan bgn tapi apa yang bapak dan pimpinan pimpinan sebelumnya lakukan hanyalah tindakan tindakan nirguna dan nirdampak berapa kali kawan kawan mbg watch melakukan unjuk rasa di depan kantor bapak pernahkah barang 1x saja bapak menemui mereka pernahkah bapak membuka ruang dialog bukannya di antara salah satu pengunjuk rasa itu ada juga yang bernasib seperti ibu ibu yang memarahi bapak yang anak anaknya juga keracunan mohon beri atensi pada tuntutan kami apabila bapak sungguh sungguh ingin kejadian keracunan seperti ini tidak terjadi lagi pak kami mohon kami menuntut agar 1 stop total dulu mbg selama sedikit sedikitinya 6 enam bulan selama 6 bulan itu silakan bapak dan jajaran bapak mengkaji betul betul bagaimana agar tata kelola mbg bisa berjalan dengan sangat baik libatkanlah ahli libatkanlah orang orang berpengalaman 2 setelah 6 bulan mengkaji lakukanlah voting kepada calon penerima manfaat yang konon jumlahnya 60jt itu untuk mengumpulkan data berapa banyak orang tua yang masih mau menerima mbg dan berapa yang tidak mau menerima hormati keputusan yang tidak menerima berikan sanksi yang tegas apabila ada pihak pihak tertentu yang melakukan pemaksaan 3 hapus sistem sppg yang dikelola oleh swasta swasta mungkin membantu tetapi jarak antar bangunan berpotensi besar terjadinya kontaminasi pada panganan bangunlah dapur dapur mbg di sekolah sekolah 4 tutup permanen dapur dapur yang memiliki rekam jejak meracuni lebih dari 50 korban keracunan tiada ampun umumkan di media sosial resmi bgn jika hasil investigasi dari polisi terbukti kalau dapur menjadi penyebab keracunan maka wajib untuk diberi garis polisi lalu dapur dengan rekam jejak tutup permanen tidak boleh diberi ruang untuk beroperasi kembali jika tidak bisa memenuhi poin 1 hingga 4 kami mohon dengan sesantun santunnya silakan bapak mundur kami mohon mohon atensi ya pak kami sudah berusaha sesantun mungkin untuk menyampaikan ini kepada bapak kami beri waktu 1 satu pekan sejak permohonan ini kami terbitkan untuk bapak memikirkan tuntutan tuntutan kami apabila selama satu pekan tidak terjadi apa apa maaf maka kami akan kembali pada setelan bahasa seperti biasanya tidak ada ruang hormat sedikitpun dari kami kepada bapak kami akan kembali mencaci dan mencemooh dengan keras setiap kali terjadi penyimpangan tata kelola mbg akan kami seret bapak dan kami paksa untuk mundur terima kasih banyak atas atensinya pak sudaryono semoga senantiasa sehat selalu salam hormat untuk saat ini dari kami yang muak dengan drama pejabat pejabat bgn tim menu embege jelek,in,7731,3747,242,189,199664,0,1_root,embege[Top],,negatif,-4,https://x.com/menuembegejelek/status/2089229705790836763
2067449623447547913,2026-06-18 03:29:36,menuembegejelek,MBG Jelek,61661,"🚨TERKINI: Telah terbit surat edaran (SE) dari bege'en yang menyatakan bahwa selama periode libur sekolah, embege tidak akan dibagikan. DAN, insentif juga tidak akan diberikan kepada pengelola kubangan lumpur (espepege).

Kabar ini sedikit membikin kami senang, namun karena bege'en telah banyak melakukan aksi tipu-tipu dan rasuah, kami tetap akan menuangkan seluruh energi kami untuk mengawal dan memastikan isi surat edaran tersebut.",terkini telah terbit surat edaran se dari bege en yang menyatakan bahwa selama periode libur sekolah embege tidak akan dibagikan dan insentif juga tidak akan diberikan kepada pengelola kubangan lumpur espepege kabar ini sedikit membikin kami senang namun karena bege en telah banyak melakukan aksi tipu tipu dan rasuah kami tetap akan menuangkan seluruh energi kami untuk mengawal dan memastikan isi surat edaran tersebut,in,13410,3882,206,79,483520,0,1_root,embege[Top],,negatif,-1,https://x.com/menuembegejelek/status/2067449623447547913
2067424995354325048,2026-06-18 01:51:44,menuembegejelek,MBG Jelek,61661,Ada hal yang membikin kami sedikit merasa senang hari ini.,ada hal yang membikin kami sedikit merasa senang hari ini,in,28,8,3,1,537302,0,1_root,embege[Top],,positif,1,https://x.com/menuembegejelek/status/2067424995354325048
2083155389407990067,2026-07-31 11:38:42,menuembegejelek,MBG Jelek,61661,"⚠️KABAR PENGRACUNAN EMBEGE!⚠️
⚠️BGN TERLAMPAU BUDEG!⚠️

*BAWA PESAN INI LARI KE KELUARGAMU!

Kemarin sejumlah 66 (ENAM PULUH ENAM) warga Tulungagung diracun, BGN budeg. Kemarinnya lagi ada 90 (SEMBILAN PULUH) orang di SMP N 1 Kuala Pembuang, Seruyan, Kalteng diracun juga, BGN budeg. Terus kemarinnya lagi ada 38 (TIGA PULUH DELAPAN) anak di Ogan Komering Ilir, Sumsel, juga diracun, BGN MASIH BUDEG.

Hari ini? Karena BGN masih terus-menerus budeg perihal korban pengracunannya, Tuhan ingin membuka lagi kedua telinga mereka yang gak berfungsi itu. Dan, dhuarrr!! Sejumlah 690 (ENAM RATUS SEMBILAN PULUH) anak di Semarang diracun lagi oleh embege!

Bayangken, hanya kurang dari sepekan BGN sudah sangat mampu meracuni lebih dari 1000 orang. Apakah mereka masih aja berupaya budeg? Kali ini mau bersembunyi di balik kalimat apa lagi? Apakah ""dar"" pada sudaryono artinya ""marakke modar""???",kabar pengracunan embege bgn terlampau budeg bawa pesan ini lari ke keluargamu kemarin sejumlah 66 enam puluh enam warga tulungagung diracun bgn budeg kemarinnya lagi ada 90 sembilan puluh orang di smp n 1 kuala pembuang seruyan kalteng diracun juga bgn budeg terus kemarinnya lagi ada 38 tiga puluh delapan anak di ogan komering ilir sumsel juga diracun bgn masih budeg hari ini karena bgn masih terus menerus budeg perihal korban pengracunannya tuhan ingin membuka lagi kedua telinga mereka yang gak berfungsi itu dan dhuarrr sejumlah 690 enam ratus sembilan puluh anak di semarang diracun lagi oleh embege bayangken hanya kurang dari sepekan bgn sudah sangat mampu meracuni lebih dari 1000 orang apakah mereka masih aja berupaya budeg kali ini mau bersembunyi di balik kalimat apa lagi apakah dar pada sudaryono artinya marakke modar,in,5402,3374,92,83,285123,0,1_root,embege[Top],,negatif,-1,https://x.com/menuembegejelek/status/2083155389407990067
2093544518897308117,2026-08-29 03:41:24,kemtott,asep stoberi,2502,asli w unfriend tmen tmen w yg pd gawe di embege,asli w unfriend tmen tmen w yg pd gawe di embege,in,18,0,7,0,932,0,1_root,embege[Top],,netral,0,https://x.com/kemtott/status/2093544518897308117
2044686505290154107,2026-04-16 07:57:05,menuembegejelek,MBG Jelek,61661,"⚠️ KABAR KERACUNAN EMBEGE (LAGI)! ⚠️

Korbannya berjumlah 150+++. Sebuah rekor yang membikin kita istigfar berkali-kali. Terjadi baru kemarin, 15 April, 2026.

Sebagai rakyat yang tedzolimi oleh si botak iblis dadan, do'a atau kutukan apa yang layak dilayangkan kepadanya?",kabar keracunan embege lagi korbannya berjumlah 150 sebuah rekor yang membikin kita istigfar berkali kali terjadi baru kemarin 15 april 2026 sebagai rakyat yang tedzolimi oleh si botak iblis dadan do a atau kutukan apa yang layak dilayangkan kepadanya,in,8075,5063,68,44,115603,0,1_root,embege[Top],,netral,0,https://x.com/menuembegejelek/status/2044686505290154107
2044599170779230344,2026-04-16 02:10:03,Jelli_cent,Jeni_Ly again,19485,"Jatuh korban lagiii 😓

Kenapa ga boleh divideokan?
Ini Kasus yg hrs dibongkar 
Makan Bergizi Gratis bukan Makan Beracun Gratis.

Klo smp ada masalah spt ini mau ditutupin, bahagia tuh para boss yg bisa maling dr sini 😤 https://t.co/D6hhuVgjCt",jatuh korban lagiii kenapa ga boleh divideokan ini kasus yg hrs dibongkar makan bergizi gratis bukan makan beracun gratis klo smp ada masalah spt ini mau ditutupin bahagia tuh para boss yg bisa maling dr sini,in,1553,916,36,23,136489,0,1_root,embege[Top],,positif,2,https://x.com/Jelli_cent/status/2044599170779230344
2021930606360506488,2026-02-12 12:53:16,menuembegejelek,MBG Jelek,61661,"⚠️ // LAGI-LAGI ANOMALI MENU EMBEGE KERING UNTUK BALITA, BUMIL, BUSUI!!!

Ternyata ""sesuatu"" yang menguji kesabaran kami tidak muncul pada Ramadhan nanti, ia sudah lama muncul dan jelas ini membuat kami maraaahhh🫵🏻🤬😡😡

Izin bertanya ke ahli gizi yang melihat unggahan ini, bagaimana pendapat kalian tentang menu-menu ini?? Konflik apa yang sebetulnya terjadi di belakang sehingga tercetus menu-menu seperti ini?? Ini arahan dari mana??",lagi lagi anomali menu embege kering untuk balita bumil busui ternyata sesuatu yang menguji kesabaran kami tidak muncul pada ramadhan nanti ia sudah lama muncul dan jelas ini membuat kami maraaahhh izin bertanya ke ahli gizi yang melihat unggahan ini bagaimana pendapat kalian tentang menu menu ini konflik apa yang sebetulnya terjadi di belakang sehingga tercetus menu menu seperti ini ini arahan dari mana,in,6286,2327,465,828,401920,0,1_root,embege[Top],,netral,0,https://x.com/menuembegejelek/status/2021930606360506488
2021899429322928142,2026-02-12 10:49:23,menuembegejelek,MBG Jelek,61661,Terus terang kami amat sangat menantikan kinerja SPPG di bulan Ramadhan nanti. Kami juga ngga sabar melihat kualitas makanan / menu yang dibagikan ke penerima manfaat. 🫵🏻🙂,terus terang kami amat sangat menantikan kinerja sppg di bulan ramadhan nanti kami juga ngga sabar melihat kualitas makanan menu yang dibagikan ke penerima manfaat,in,176,24,8,5,297677,0,1_root,embege[Top],,netral,0,https://x.com/menuembegejelek/status/2021899429322928142
2029483207226482806,2026-03-05 09:04:37,menuembegejelek,MBG Jelek,61661,"Kami benar-benar menaruh hormat pada ahli / pengawas gizi yang melayangkan protes secara publik seperti ini. ✨

Selain berani, Kakak ini juga mencontohkan kita satu hal; proteslah perihal embege dengan bahasa Inggris, maka kamu akan lebih sulit untuk dikeroyok oleh buzzer. 😁 https://t.co/Q9xpj1GWX6",kami benar benar menaruh hormat pada ahli pengawas gizi yang melayangkan protes secara publik seperti ini selain berani kakak ini juga mencontohkan kita satu hal proteslah perihal embege dengan bahasa inggris maka kamu akan lebih sulit untuk dikeroyok oleh buzzer,in,20960,5185,170,153,382534,0,1_root,embege[Top],,netral,0,https://x.com/menuembegejelek/status/2029483207226482806
2082090098376716780,2026-07-28 13:05:37,menuembegejelek,MBG Jelek,61661,"Menteri Lingkungan Hidup, Jumhur, menangis tersedu-sedu sebab mengetahui embege banjir kritik. Ia menyamakan kritik dengan cercaan dan hardikan. Sungguh, betapa bodohnya untuk sekaliber menteri.

Pernahkah ia menangis karena kondisi seperti di bawah ini? 81 tahun merdeka dan kondisi seperti ini masih amat sangat mudah ditemukan di Indonesia.

Di kondisi yang begini, apa fungsi embege? Memberi energi tambahan pada anak-anak agar daya cengkeraman tangannya pada seutas tali itu kuat sehingga tak mudah terjatuh dan mati terseret arus? Atau mengenyangkan buaya-buaya di sungainya sebab isi perut mangsanya penuh?

Setiap elit penyelenggara negara yang akting die hard membela embege akan kami masukan ke dalam daftar hitam. Akan kami caci sampai cacian kami masuk ke telinganya.",menteri lingkungan hidup jumhur menangis tersedu sedu sebab mengetahui embege banjir kritik ia menyamakan kritik dengan cercaan dan hardikan sungguh betapa bodohnya untuk sekaliber menteri pernahkah ia menangis karena kondisi seperti di bawah ini 81 tahun merdeka dan kondisi seperti ini masih amat sangat mudah ditemukan di indonesia di kondisi yang begini apa fungsi embege memberi energi tambahan pada anak anak agar daya cengkeraman tangannya pada seutas tali itu kuat sehingga tak mudah terjatuh dan mati terseret arus atau mengenyangkan buaya buaya di sungainya sebab isi perut mangsanya penuh setiap elit penyelenggara negara yang akting die hard membela embege akan kami masukan ke dalam daftar hitam akan kami caci sampai cacian kami masuk ke telinganya,in,7596,4026,130,54,101964,0,1_root,embege[Top],,netral,0,https://x.com/menuembegejelek/status/2082090098376716780
2022994964255486420,2026-02-15 11:22:39,menuembegejelek,MBG Jelek,61661,"""Embege harus dikatakan berhasil meskipun saya menerima 28.000 laporan kasus keracunan.""

— Si Gendut, di atas podium.

Berkat pernyataan sikap di atas, suatu hari di 'kubangan lumpur' yang orang awam biasa sebut sebagai SPPG:

👧🏻: ""Eh mas, ayam dari suplier Z kok agak bau bacin ya? Ga sedep. Tumben.""
🧒🏻: ""Oiya? Alah, gapapa. Dimasak aja.""
👧🏻: ""Hah? Ya jangan dong, resiko nanti.""
🧒🏻: ""Lha udah jam segini, mau nyari pengganti di mana lagi?? Masa kita ga jadi ngasih ayam. Malu lah, udah di-broadcast ke penerima manfaat juga.""
👧🏻: ""Ya iya sih. Udah ga ada alternatif:(""
🧒🏻: ""Nah, makanya itu.""
👧🏻: ""Kalo yang makan pada keracunan gimana?:(""
🧒🏻: ""Gapapa. Denger noh kata presiden. Aman kita. Ga bakalan diapa-apain.""
👧🏻: ""Ok:(""",embege harus dikatakan berhasil meskipun saya menerima 28 000 laporan kasus keracunan si gendut di atas podium berkat pernyataan sikap di atas suatu hari di kubangan lumpur yang orang awam biasa sebut sebagai sppg eh mas ayam dari suplier z kok agak bau bacin ya ga sedep tumben oiya alah gapapa dimasak aja hah ya jangan dong resiko nanti lha udah jam segini mau nyari pengganti di mana lagi masa kita ga jadi ngasih ayam malu lah udah di broadcast ke penerima manfaat juga ya iya sih udah ga ada alternatif nah makanya itu kalo yang makan pada keracunan gimana gapapa denger noh kata presiden aman kita ga bakalan diapa apain ok,in,14579,3498,74,87,369935,0,1_root,embege[Top],,netral,0,https://x.com/menuembegejelek/status/2022994964255486420
1968877375359258894,2025-09-19 03:18:40,hrdbacot,HRD BACOT,992252,Jajan makanan abang abang depan sekolah ga keracunan tp makan menu embege bisa keracunan.,jajan makanan abang abang depan sekolah ga keracunan tp makan menu embege bisa keracunan,in,10729,5260,309,423,430968,0,1_root,embege[Top],,negatif,-2,https://x.com/hrdbacot/status/1968877375359258894
2094276646719426675,2026-08-31 04:10:37,TaliUdeng,Sυɳαɳ Sαɾƙҽɱ 𝙎𝙑𝘿,24146,"Bliyow lebih rela anak didiknya kena ISPA drpada dapur MBG libur..

Apakah bliyow sudah memenuhi standard untuk dikampleng? https://t.co/DpM64TjYXb",bliyow lebih rela anak didiknya kena ispa drpada dapur mbg libur apakah bliyow sudah memenuhi standard untuk dikampleng,in,13,12,7,0,564,0,1_root,embege[Top],,netral,0,https://x.com/TaliUdeng/status/2094276646719426675
2029128218012467633,2026-03-04 09:34:01,myshawti,Catholic 𐕣,59261,Ternyata isi surat bop menu embege mint https://t.co/VUpYrAnrKA,ternyata isi surat bop menu embege mint,in,17904,4295,273,150,207210,0,1_root,embege[Top],,netral,0,https://x.com/myshawti/status/2029128218012467633
2092380921874006471,2026-08-25 22:37:40,timmymalachi,Tim Kardashian ™,9040,"Dolly Parton mestinya masuk dalam list bilyuner terkaya di dunia bareng Oprah. Tapi Dolly memilih melakukan banyak kegiatan donasi dan amal. 

Sebagai artis yang tumbuh besar dari keluarga miskin dengan 11 saudara, Dolly tidak pernah lupa akarnya. 

Dolly tahu masalah kemiskinan itu ada di kurangnya pendidikan. 

Itu sebabnya dia membuat gerakan yang membuat anak2 di daerah asalnya mau bersekolah hingga lulus dengan insentif 500 dolar jika mereka berhasil lulus. 
Hasilnya angka yang tidak lulus turun dari 35% jadi cuma 6%. Bukan seperti membangun sekolah rakyat baru sementara sekolah yang sudah lama berdiri tidak diperhatikan. 

Dolly juga membantu anak2 usia awal TK SD dengan membagikan buku2 kepada anak2 itu untuk membangkitkan minat baca mereka. Program ini kemudian ditiru dan dilaksanakan di seluruh dunia sehingga membantu jutaan anak di dunia menjadi bisa membaca dan menulis. 
Bukan dengan membagikan makanan gratis ala2 embege. 

Untuk membantu daerah asalnya Dolly membuka Dollyland, sebuah taman hiburan yang memberikan lapangan kerja bagi warga sekitarnya. Ga perlu jiwa korsa ala koperasi country. 

Saat terjadi kebakaran hebat di daerahnya yang membuat banyak rumah hangus dan keluarga2 kehilangan tempat tinggal, Dolly membagikan 1000 dolar selama 6 bulan kepada setiap keluarga yang terdampak. Pemerenta konoha cannot relate lah. Kalaupun dibagikan pasti dikorupsi dari atas sampai bawah. 

Rest In Peace Dolly Parton.",dolly parton mestinya masuk dalam list bilyuner terkaya di dunia bareng oprah tapi dolly memilih melakukan banyak kegiatan donasi dan amal sebagai artis yang tumbuh besar dari keluarga miskin dengan 11 saudara dolly tidak pernah lupa akarnya dolly tahu masalah kemiskinan itu ada di kurangnya pendidikan itu sebabnya dia membuat gerakan yang membuat anak2 di daerah asalnya mau bersekolah hingga lulus dengan insentif 500 dolar jika mereka berhasil lulus hasilnya angka yang tidak lulus turun dari 35 jadi cuma 6 bukan seperti membangun sekolah rakyat baru sementara sekolah yang sudah lama berdiri tidak diperhatikan dolly juga membantu anak2 usia awal tk sd dengan membagikan buku2 kepada anak2 itu untuk membangkitkan minat baca mereka program ini kemudian ditiru dan dilaksanakan di seluruh dunia sehingga membantu jutaan anak di dunia menjadi bisa membaca dan menulis bukan dengan membagikan makanan gratis ala2 embege untuk membantu daerah asalnya dolly membuka dollyland sebuah taman hiburan yang memberikan lapangan kerja bagi warga sekitarnya ga perlu jiwa korsa ala koperasi country saat terjadi kebakaran hebat di daerahnya yang membuat banyak rumah hangus dan keluarga2 kehilangan tempat tinggal dolly membagikan 1000 dolar selama 6 bulan kepada setiap keluarga yang terdampak pemerenta konoha cannot relate lah kalaupun dibagikan pasti dikorupsi dari atas sampai bawah rest in peace dolly parton,in,2480,629,33,33,41792,0,1_root,embege[Top],,positif,4,https://x.com/timmymalachi/status/2092380921874006471
2092570796430598279,2026-08-26 11:12:10,myshawti,Catholic 𐕣,59261,"Setiap pidato “saya dapat laporan” sampai jadi templet dan ujung-ujungnya apa? Yaps bener bahas MBG

Coba lebih objektif kalo bahas MBG bahas juga dong total siswa yang keracunan.

Di tempat bencana bisa-bisanya tetap bahas embege, katchau men",setiap pidato saya dapat laporan sampai jadi templet dan ujung ujungnya apa yaps bener bahas mbg coba lebih objektif kalo bahas mbg bahas juga dong total siswa yang keracunan di tempat bencana bisa bisanya tetap bahas embege katchau men,in,42,9,3,0,1877,0,1_root,embege[Top],,negatif,-2,https://x.com/myshawti/status/2092570796430598279
2075901313184112979,2026-07-11 11:13:36,menuembegejelek,MBG Jelek,61659,"Kurang dari 48 jam lagi embege akan didistribusikan lagi ke anak-anak sekolah.

🤢🤢🤮",kurang dari 48 jam lagi embege akan didistribusikan lagi ke anak anak sekolah,in,12827,1701,443,332,284617,0,1_root,embege[Top],,negatif,-1,https://x.com/menuembegejelek/status/2075901313184112979
2088078336702717990,2026-08-14 01:40:44,P3gEl,5tePh3N,64016,Statement kepala BGN setelah keracunan diduga keracunan usai santap embege 🤨 https://t.co/5ZSaWWH4ob,statement kepala bgn setelah keracunan diduga keracunan usai santap embege,in,401,115,47,12,78732,0,1_root,embege[Top],,negatif,-2,https://x.com/P3gEl/status/2088078336702717990
2088053236083142890,2026-08-14 00:01:00,Goo9le_Fiv3,Goo913,9476,"Dugaan keracunan embege kembali terjadi, ratusan siswa di  Karo sampai ditangani 4 RS🤨 https://t.co/HeK1DHl0ng",dugaan keracunan embege kembali terjadi ratusan siswa di karo sampai ditangani 4 rs,in,22,12,5,3,103735,0,1_root,embege[Top],,negatif,-1,https://x.com/Goo9le_Fiv3/status/2088053236083142890
2051556444118606281,2026-05-05 06:55:47,afrkml,Яizal do,386774,"Dari segala jenis keracunan embegeh yg terlaporkan, keracunan boraks iki kok yo iso loh????? Gimana si? Aku ga bisa nalar kok isooo??? 😩😩😩

Gitu kok ya dg pedenya nanyakkk “embege bermanfaat tidak???”",dari segala jenis keracunan embegeh yg terlaporkan keracunan boraks iki kok yo iso loh gimana si aku ga bisa nalar kok isooo gitu kok ya dg pedenya nanyakkk embege bermanfaat tidak,in,10796,3567,70,15,118019,0,1_root,embege[Top],,negatif,-1,https://x.com/afrkml/status/2051556444118606281
2051527595154710546,2026-05-05 05:01:08,SistersInDanger,Sisters in Danger,30568,"Boraks. 162 siswa. Kepulauan Anambas. MBG.

😭😭😭😭😭😭😭😭",boraks 162 siswa kepulauan anambas mbg,in,48282,15999,385,1011,990243,0,1_root,embege[Top],,netral,0,https://x.com/SistersInDanger/status/2051527595154710546
2032695342207230374,2026-03-14 05:48:29,menuembegejelek,MBG Jelek,61659,"‼️Menu Embege dari SPPG Stress‼️

Salah satu bukti kuat bahwa negara selalu absen dalam memberikan pendidikan yang bermutu bagi rakyatnya adalah, ketika 'Satuan Pemenuhan Gizi' memberimu panganan seperti ini, kamu akan kegirangan berterima kasih...

...dan bersyukur. 🙂 https://t.co/Tp9zHBDOmQ",menu embege dari sppg stress salah satu bukti kuat bahwa negara selalu absen dalam memberikan pendidikan yang bermutu bagi rakyatnya adalah ketika satuan pemenuhan gizi memberimu panganan seperti ini kamu akan kegirangan berterima kasih dan bersyukur,in,8385,2435,703,939,1125213,0,1_root,embege[Top],,negatif,-1,https://x.com/menuembegejelek/status/2032695342207230374
2039848713766817985,2026-04-02 23:33:26,menuembegejelek,MBG Jelek,61659,"Naudzubillah mindzalik.

Level delusional CEO embege ini sudah di tahap lebih dari sekadar memprihatinkan.

🙂 https://t.co/nRqVzpBkwV",naudzubillah mindzalik level delusional ceo embege ini sudah di tahap lebih dari sekadar memprihatinkan,in,9382,3512,411,601,406472,0,1_root,embege[Top],,netral,0,https://x.com/menuembegejelek/status/2039848713766817985
2038657681498726615,2026-03-30 16:40:42,menuembegejelek,MBG Jelek,61659,"Jumlah menteri kalo cuman belasan masih okelah sekelas presiden micromanage. Sering-sering ke lapangan, blusukan, ngurusin printilan².

Masalahnya si gendut ini punya 7 kemenkoan, 41 kementerian, 56 wamen, plus 5 pejabat setingkat menteri. Alias GENDUT SEKALI.

GENDUT! 🫵🏻🙂",jumlah menteri kalo cuman belasan masih okelah sekelas presiden micromanage sering sering ke lapangan blusukan ngurusin printilan² masalahnya si gendut ini punya 7 kemenkoan 41 kementerian 56 wamen plus 5 pejabat setingkat menteri alias gendut sekali gendut,in,9499,4590,119,59,507663,0,1_root,embege[Top],,netral,0,https://x.com/menuembegejelek/status/2038657681498726615
2093755827509448786,2026-08-29 17:41:04,fukkasaku,🇮🇩 Ako lang ba talaga?,180,"Nonton Chiikawa terus pas dia menemukan resto di tengah hutan gw reflek bilang ""kopdes anjay"" https://t.co/Cn6FYBDn6P",nonton chiikawa terus pas dia menemukan resto di tengah hutan gw reflek bilang kopdes anjay,in,1680,223,6,33,17406,0,1_root,embege[Top],,netral,0,https://x.com/fukkasaku/status/2093755827509448786
2093918993992339552,2026-08-30 04:29:25,crunchylolly,v i e (´・ω・`)♡,509,@fukkasaku bisa juga dapur embege kak,bisa juga dapur embege kak,in,3,0,2,0,908,0,1_root,embege[Top],,netral,0,https://x.com/crunchylolly/status/2093918993992339552
2093922336693215271,2026-08-30 04:42:42,fukkasaku,🇮🇩 Ako lang ba talaga?,180,@crunchylolly Iya lagi 😭😭😭 embege spicy curry,iya lagi embege spicy curry,in,2,0,1,0,800,0,1_root,embege[Top],,netral,0,https://x.com/fukkasaku/status/2093922336693215271
2091800980195364949,2026-08-24 08:13:12,dosenkesmas,MinDos,25868,"Tambahin:
- nyawit nih bocah
- wah hidden gems kaya kopdes
- keracunan lw kaya habis makan embege https://t.co/5yJKnnE8Fm",tambahin nyawit nih bocah wah hidden gems kaya kopdes keracunan lw kaya habis makan embege,in,60,11,3,1,1096,0,1_root,embege[Top],,negatif,-1,https://x.com/dosenkesmas/status/2091800980195364949
2067409730948202640,2026-06-18 00:51:05,menuembegejelek,MBG Jelek,61659,"Baru kali ini ngedenger anak buahnya presiden ngomong jujur. So, para pegiat dunia gizi dan nutrisionis, here it is.

Embege sama sekali gak bertujuan untuk atasi stunting atau memperbaiki gizi anak-anak.

U don’t need 100% of ur brain capacity, or even 50%, to understand this.",baru kali ini ngedenger anak buahnya presiden ngomong jujur so para pegiat dunia gizi dan nutrisionis here it is embege sama sekali gak bertujuan untuk atasi stunting atau memperbaiki gizi anak anak u don t need 100 of ur brain capacity or even 50 to understand this,in,35605,15090,173,106,573817,0,1_root,embege[Top],,netral,0,https://x.com/menuembegejelek/status/2067409730948202640
2094326823928594686,2026-08-31 07:30:00,laptopsiuwil,Laptop Si Uwil,6063,siapa sangka https://t.co/xi3nW9S5NQ,siapa sangka,in,10,0,5,1,1005,0,1_root,embege[Top],,netral,0,https://x.com/laptopsiuwil/status/2094326823928594686
2094026898925867079,2026-08-30 11:38:12,pudingletoy,basyoo🍜,582,Pulang dari kampus dapat embege https://t.co/30tV0Nux8K,pulang dari kampus dapat embege,in,3,0,2,1,639,0,1_root,embege[Top],,netral,0,https://x.com/pudingletoy/status/2094026898925867079
2055992336036118700,2026-05-17 12:42:26,menuembegejelek,MBG Jelek,61659,"Target penurunan kriminalitas: 🤷🏻🤷🏻🤷🏻

Target dapur embege: 🤤🤤🤤",target penurunan kriminalitas target dapur embege,in,15339,5802,56,20,211964,0,1_root,embege[Top],,netral,0,https://x.com/menuembegejelek/status/2055992336036118700
2094283088360829071,2026-08-31 04:36:12,ecidhani,ecii,10352,"MBG fancy dari kantor gais, dagingnya pengen kubungkus aja soalnya banyak bgttttt https://t.co/FegaBl5JEW",mbg fancy dari kantor gais dagingnya pengen kubungkus aja soalnya banyak bgttttt,in,55,4,77,0,633,0,1_root,embege[Top],,netral,0,https://x.com/ecidhani/status/2094283088360829071
2094314562518478860,2026-08-31 06:41:16,sikucingkuma,cimiw 🐈,4943,@ecidhani biar protein harian tercukupi ini kak menunya,biar protein harian tercukupi ini kak menunya,in,0,0,1,0,4,0,1_root,embege[Top],,positif,1,https://x.com/sikucingkuma/status/2094314562518478860
2094291494891036773,2026-08-31 05:09:37,kayephatra,sea. 👨🏻‍🎨👮🏻‍♂️,2,pengen jd orang kaya tp ntar pajaknya ke embege :)),pengen jd orang kaya tp ntar pajaknya ke embege,in,0,0,0,0,5,0,1_root,embege[Top],,netral,0,https://x.com/kayephatra/status/2094291494891036773
2092574743241347418,2026-08-26 11:27:51,xhilboy,demapoli,653,"@ARSIPAJA presiden kok gabisa menempatkam posisi ya, taunya embege embege mulu",presiden kok gabisa menempatkam posisi ya taunya embege embege mulu,in,396,6,0,0,17824,0,1_root,embege[Top],,netral,0,https://x.com/xhilboy/status/2092574743241347418
2092606207483871618,2026-08-26 13:32:53,kenhans03,Ken Hans,37145,"Sebanyak 36 helikopter dari delapan negara terlibat dalam operasi pemadaman kahutla.

Makasih ya...
Australia, Rusia, Amerika, Ukraina, New Zealand, Laos, Vietnam, dan Kanada. https://t.co/Zh0vkGsDtU",sebanyak 36 helikopter dari delapan negara terlibat dalam operasi pemadaman kahutla makasih ya australia rusia amerika ukraina new zealand laos vietnam dan kanada,in,46405,15369,694,1183,473872,0,1_root,embege[Top],,netral,0,https://x.com/kenhans03/status/2092606207483871618
2092617021926346928,2026-08-26 14:15:51,raihan_oo7,prabuwijaya,3044,@kenhans03 Negara emyeh emyeh Laos saja punya armada pesawat pemadam kita punya apa?,negara emyeh emyeh laos saja punya armada pesawat pemadam kita punya apa,in,2805,107,65,14,46916,0,1_root,embege[Top],,netral,0,https://x.com/raihan_oo7/status/2092617021926346928
2092988186473754631,2026-08-27 14:50:44,saturncoff,j,817,@raihan_oo7 embege 🫰🏼,embege,en,1,0,0,0,43,0,1_root,embege[Top],,netral,0,https://x.com/saturncoff/status/2092988186473754631
2094289395843301534,2026-08-31 05:01:16,sharingwithlily,Lily,2729,"salah satu mantan yang nyakitin tapi di masa depan masih mau bantuin….

termasuk mantan yang baik apa bukan ya? (tapi ini bukan tentang mantan) https://t.co/Q8tkCHIQrP",salah satu mantan yang nyakitin tapi di masa depan masih mau bantuin termasuk mantan yang baik apa bukan ya tapi ini bukan tentang mantan,in,9,4,7,0,291,0,1_root,embege[Top],,netral,0,https://x.com/sharingwithlily/status/2094289395843301534
2066388355856965779,2026-06-15 05:12:30,myshawti,Catholic 𐕣,59261,Embege distop beberapa hari aja udah begini apalagi selamanya 😋 https://t.co/hyunAabOoX,embege distop beberapa hari aja udah begini apalagi selamanya,in,40030,6062,466,240,981561,0,1_root,embege[Top],,netral,0,https://x.com/myshawti/status/2066388355856965779
2051598226852339739,2026-05-05 09:41:48,cingkonoha,cing,113009,Embege donk!,embege donk,en,3,0,0,0,586,0,1_root,embege[Top],,netral,0,https://x.com/cingkonoha/status/2051598226852339739
2051475907161010450,2026-05-05 01:35:45,narkosun,narkosun,85036,Indonesia punya? https://t.co/S0Pd0GwE8l,indonesia punya,in,1286,128,3225,266,276965,0,1_root,embege[Top],,netral,0,https://x.com/narkosun/status/2051475907161010450
2092860644353822832,2026-08-27 06:23:55,emeraliese,月下美人`rena.,1675,Maksi maksi embege dari bu bos besar https://t.co/C3CJ9DiG98,maksi maksi embege dari bu bos besar,in,2,0,3,0,250,0,1_root,embege[Top],,netral,0,https://x.com/emeraliese/status/2092860644353822832
2056163531897319847,2026-05-18 00:02:42,menuembegejelek,MBG Jelek,61659,"Ah, kebetulan sekali anda menanyakan. Kami juga ga akan bosan-bosannya untuk mengunggah Arsip Nasional ini.

Ini kalau ada buzzer yang komen, ""alah, video dipotong-potong aja jadi bahan cemoohan."" bakalan epic banget sih.

Monggo buzzer-buzzer. Pegawe embege juga monggo~ https://t.co/xTZ22ijRsU",ah kebetulan sekali anda menanyakan kami juga ga akan bosan bosannya untuk mengunggah arsip nasional ini ini kalau ada buzzer yang komen alah video dipotong potong aja jadi bahan cemoohan bakalan epic banget sih monggo buzzer buzzer pegawe embege juga monggo,in,12079,4065,273,380,575465,0,1_root,embege[Top],,netral,0,https://x.com/menuembegejelek/status/2056163531897319847
2027687655543325106,2026-02-28 10:09:44,menuembegejelek,MBG Jelek,61659,"Sungguh sebuah video sepanjang 5 menit yg amat sangat sepadan untuk ditonton. 🙂

Kami benar-benar menaruh hormat pada setiap wali murid, guru, dan/atau segenap warga sipil yang marah, melawan kubangan lumpur (sppg) atas kesewenang-wenangannya dalam membagikan embege. ✊🏻 https://t.co/m9kjZATZK6",sungguh sebuah video sepanjang 5 menit yg amat sangat sepadan untuk ditonton kami benar benar menaruh hormat pada setiap wali murid guru dan atau segenap warga sipil yang marah melawan kubangan lumpur sppg atas kesewenang wenangannya dalam membagikan embege,in,16068,7021,597,322,418508,0,1_root,embege[Top],,negatif,-1,https://x.com/menuembegejelek/status/2027687655543325106
2093566379899392343,2026-08-29 05:08:16,frontgent,Eden☆🧸,374,"Bencana dimana-mana, tapi di luar sana masih ada orang yang kepikiran nanem sawit dan kekeh embege bergiji",bencana dimana mana tapi di luar sana masih ada orang yang kepikiran nanem sawit dan kekeh embege bergiji,in,7,1,2,0,173,0,1_root,embege[Top],,negatif,-1,https://x.com/frontgent/status/2093566379899392343
2039606029462470866,2026-04-02 07:29:06,menuembegejelek,MBG Jelek,61659,"TNI PENGECUT!

Mau megang bedil kek, mau pake sepatu lars kek, mau ngelola ribuan dapur embege kek, kalian tetap pengecut.

TNI PENGECUT! https://t.co/sEJPVoU27O",tni pengecut mau megang bedil kek mau pake sepatu lars kek mau ngelola ribuan dapur embege kek kalian tetap pengecut tni pengecut,in,15952,5585,122,49,209575,0,1_root,embege[Top],,netral,0,https://x.com/menuembegejelek/status/2039606029462470866
2046213800840606131,2026-04-20 13:06:01,menuembegejelek,MBG Jelek,61659,"Daftar profesi yang terang-terangan dilecehin marwahnya karena kehadiran embege sejauh ini:

- Guru ✅
- Nakes ✅
- Pegawai Dinkes ✅
- Ahli Gizi ✅
- Jajaran Pegawai BPOM ✅ https://t.co/fADVp46flg",daftar profesi yang terang terangan dilecehin marwahnya karena kehadiran embege sejauh ini guru nakes pegawai dinkes ahli gizi jajaran pegawai bpom,in,23139,9085,540,228,289340,0,1_root,embege[Top],,netral,0,https://x.com/menuembegejelek/status/2046213800840606131
2069133800056222088,2026-06-22 19:01:55,myshawti,Catholic 𐕣,59261,Mau melindungi negara apa dapur embege kumendan? 😹😹😹 https://t.co/CHinpBTbPd,mau melindungi negara apa dapur embege kumendan,in,19961,1935,146,39,237933,0,1_root,embege[Top],,netral,0,https://x.com/myshawti/status/2069133800056222088
2044207928954237028,2026-04-15 00:15:24,kenhans03,Ken Hans,37145,"Nikmat mana lagi yang engkau dustakan wahai karyawan embege ?

6 jt perhari  ✅
Motor listrik ✅
Kaos kaki ✅
Piring dan sendok ✅
Rumah subsidi ✅

Terus besok apa lagi yaa ? https://t.co/q6n0SrZFJF",nikmat mana lagi yang engkau dustakan wahai karyawan embege 6 jt perhari motor listrik kaos kaki piring dan sendok rumah subsidi terus besok apa lagi yaa,in,3101,1422,564,356,191235,0,1_root,embege[Top],,netral,0,https://x.com/kenhans03/status/2044207928954237028
2092402599123460101,2026-08-26 00:03:49,P3gEl,5tePh3N,64016,"Komentar dan cuitan netizen Malaysia terkait penanganan Karhutla di Indonesia. Mereka juga komentari netizen kita sampai kasih saran berhenti embege 2 hari untuk beli pesawat bom air, cuma pemerintahnya malah gak paham, malah lebih pilih tepung, kurang lebih gitu komentarnya🙂 https://t.co/xuSHwuRB3c",komentar dan cuitan netizen malaysia terkait penanganan karhutla di indonesia mereka juga komentari netizen kita sampai kasih saran berhenti embege 2 hari untuk beli pesawat bom air cuma pemerintahnya malah gak paham malah lebih pilih tepung kurang lebih gitu komentarnya,in,52,22,13,3,12525,0,1_root,embege[Top],,negatif,-1,https://x.com/P3gEl/status/2092402599123460101
2094257500371701947,2026-08-31 02:54:32,lanangwn,lawn,6778,gak sia sia main x akhirnya bisa kebeli ompreng https://t.co/KEHyO9McPK,gak sia sia main x akhirnya bisa kebeli ompreng,in,75,22,96,0,1437,0,1_root,embege[Top],,netral,0,https://x.com/lanangwn/status/2094257500371701947
2020328644263178540,2026-02-08 02:47:39,menuembegejelek,MBG Jelek,61659,"""Jangan salahin programnya! Salahin tuh yayasannya, SPPGnya, pegawe²nya. BGN ga salah, presiden ga salah. Pasti ada yang nyabotase biar dikira embege gak sukses!""

Nah itu dia, kalo udah tau programnya rawan sabotase dan minim tindakan preventif, kenapa dipaksa terus jalan??",jangan salahin programnya salahin tuh yayasannya sppgnya pegawe²nya bgn ga salah presiden ga salah pasti ada yang nyabotase biar dikira embege gak sukses nah itu dia kalo udah tau programnya rawan sabotase dan minim tindakan preventif kenapa dipaksa terus jalan,in,16285,5264,121,74,205089,0,1_root,embege[Top],,negatif,-1,https://x.com/menuembegejelek/status/2020328644263178540
2035659342687715477,2026-03-22 10:06:22,myshawti,Catholic 𐕣,59261,"Pantes dapet 6 juta perhari dari embege dapurnya bersih dan higienis gini mint, dari pleciden sampai yang punya dapur suka joget gemoy 🗿 https://t.co/FYypcclA70",pantes dapet 6 juta perhari dari embege dapurnya bersih dan higienis gini mint dari pleciden sampai yang punya dapur suka joget gemoy,in,3526,762,482,158,631584,0,1_root,embege[Top],,positif,3,https://x.com/myshawti/status/2035659342687715477
2092765463688446132,2026-08-27 00:05:42,Nobikuriji,Dzikry Han🇵🇸🍉,1308,"Iya kak... dia nangis soalnya sekarang apa-apa mahal, termasuk sayur",iya kak dia nangis soalnya sekarang apa apa mahal termasuk sayur,in,4,0,2,0,119,0,1_root,embege[Top],,netral,0,https://x.com/Nobikuriji/status/2092765463688446132
2092735609635061986,2026-08-26 22:07:05,aniqardyy,Ardyy,8303,https://t.co/RcDl7ak4g5,,zxx,4353,101,50,17,88328,0,1_root,embege[Top],,netral,0,https://x.com/aniqardyy/status/2092735609635061986
2092768628395622704,2026-08-27 00:18:17,tukang_ojool,Kang Ojol,4454,@Nobikuriji Gara gara embege,gara gara embege,in,1,0,1,0,14,0,1_root,embege[Top],,netral,0,https://x.com/tukang_ojool/status/2092768628395622704
2092981837497070007,2026-08-27 14:25:30,ardisatriawan,Ardianto Satriawan,102701,"Terkabul bang.

Ini di Muktamar bahas MBG.

Saya tunggu video nampolnya ya.",terkabul bang ini di muktamar bahas mbg saya tunggu video nampolnya ya,in,4762,1312,104,38,141847,0,1_root,embege[Top],,netral,0,https://x.com/ardisatriawan/status/2092981837497070007
2092841656110420166,2026-08-27 05:08:28,thoriqatuna,Rois Faisal Ridho 🇵🇸,69005,"Entar di Muktamar kalo yg lu bahas MBG, gua tampol lu ya wo!",entar di muktamar kalo yg lu bahas mbg gua tampol lu ya wo,in,77,15,14,2,202667,0,1_root,embege[Top],,netral,0,https://x.com/thoriqatuna/status/2092841656110420166
2093125050572615884,2026-08-27 23:54:35,P3gEl,5tePh3N,64016,@ardisatriawan Bencana aja bahas embege,bencana aja bahas embege,in,5,0,0,0,489,0,1_root,embege[Top],,negatif,-1,https://x.com/P3gEl/status/2093125050572615884
2088786791344316870,2026-08-16 00:35:53,menuembegejelek,MBG Jelek,61659,"⚠️KABAR PERACUNAN EMBEGE⚠️

Di usianya yang sudah genap 2 tahun, alih-alih berbenah, memperbaiki pelbagai kekurangan, BGN malah meracuni 134 (SERATUS TIGA PULUH EMPAT) santri Ponpes Baitu Jannati, Sukabumi, pada Jumat, 14 Agustus 2026.

*Korban kemungkinan masih bisa bertambah. https://t.co/W5CIzQSiop",kabar peracunan embege di usianya yang sudah genap 2 tahun alih alih berbenah memperbaiki pelbagai kekurangan bgn malah meracuni 134 seratus tiga puluh empat santri ponpes baitu jannati sukabumi pada jumat 14 agustus 2026 korban kemungkinan masih bisa bertambah,in,1013,570,244,6,14825,0,1_root,embege[Top],,netral,0,https://x.com/menuembegejelek/status/2088786791344316870
2088687135859826810,2026-08-15 17:59:53,menuembegejelek,MBG Jelek,61659,"Ponpes Baiti Jannati, Sukabumi 😓🥀🥀",ponpes baiti jannati sukabumi,ht,697,55,11,4,148524,0,1_root,embege[Top],,netral,0,https://x.com/menuembegejelek/status/2088687135859826810
2038549532955304349,2026-03-30 09:30:57,menuembegejelek,MBG Jelek,61659,"‼️ KABAR PERLAWANAN ‼️

Seorang pemuda yang diduga adalah salah seorang siswa dari SMA Negeri 1 Parung bernama M Nabil Ikhwan menulis, menyampaikan, dan menyebarkan surat terbuka kepada pimpinan sekolahnya.

Ia menuntut, atas bentuk ketidakadilan yang masih menyelimuti para pekerja pendidikan di sekolahnya serta sajian embege yang dari kualitas gizi dan keamanan pangannya sangat layak untuk dipertanyakan, agar sekolah tidak ikut andil dan menghentikan partisipasinya dalam penerimaan embege.

Perhatikan diksi per diksi dan kalimatnya, pemuda ini jelas amat sangat jauh lebih bijak dan bermartabat ketimbang siapapun yang masih berdiri tegap di barisan para pendukung embege.

#SampaiMenang✊🏻",kabar perlawanan seorang pemuda yang diduga adalah salah seorang siswa dari sma negeri 1 parung bernama m nabil ikhwan menulis menyampaikan dan menyebarkan surat terbuka kepada pimpinan sekolahnya ia menuntut atas bentuk ketidakadilan yang masih menyelimuti para pekerja pendidikan di sekolahnya serta sajian embege yang dari kualitas gizi dan keamanan pangannya sangat layak untuk dipertanyakan agar sekolah tidak ikut andil dan menghentikan partisipasinya dalam penerimaan embege perhatikan diksi per diksi dan kalimatnya pemuda ini jelas amat sangat jauh lebih bijak dan bermartabat ketimbang siapapun yang masih berdiri tegap di barisan para pendukung embege sampaimenang,in,10669,4149,75,79,263737,0,1_root,embege[Top],,netral,0,https://x.com/menuembegejelek/status/2038549532955304349
2042894381435257121,2026-04-11 09:15:50,kdrama_menfess,K-Drama Menfess,1313240,"•kdm• TERUNGKAP ! Reza Rahadian dan Dian Sastro , Cast Remake DESCENDANT OF THE SUN 🤭 https://t.co/pBRxOtGEbm",kdm terungkap reza rahadian dan dian sastro cast remake descendant of the sun,in,6686,288,858,1457,908445,0,1_root,embege[Top],,netral,0,https://x.com/kdrama_menfess/status/2042894381435257121
2042908391736250824,2026-04-11 10:11:30,k0pl4kPoll,Kun_thet,15,"@kdrama_menfess DOTS versi lokal ngapain ya, militernya lho nanem singkong ma ngurus embege, bayangin scene operasi darurat pemimpin timur tengah itu  yang saling todong pistol ntar diganti sidak dapur saling todong ompreng",dots versi lokal ngapain ya militernya lho nanem singkong ma ngurus embege bayangin scene operasi darurat pemimpin timur tengah itu yang saling todong pistol ntar diganti sidak dapur saling todong ompreng,in,6676,1267,159,329,120828,0,1_root,embege[Top],,netral,0,https://x.com/k0pl4kPoll/status/2042908391736250824
2087348533909426499,2026-08-12 01:20:46,menuembegejelek,MBG Jelek,61659,"Beberapa hari silam maba UI mencecar Wamendagri bima arya dengan pertanyaan, ""mana yang lebih penting, pengembangan pendidikan atau pengembangan embege?""

Kali ini karpet merah digelar untuk maba Unpad ini, yang secara mentah-mentah bilang wegah pada tawaran bantuan si gubernur konten.

Api perlawanan tidak akan pernah padam. Akun kami akan terus lestari sebab eksistensi maba-maba dan masyarakat sipil yang masih memelihara akal sehat dengan baik. Jadi, tolong terus pelihara akal sehat dengan baik ya, Kawan-kawan. #SampaiMenang✊🏻

🔥🔥🔥",beberapa hari silam maba ui mencecar wamendagri bima arya dengan pertanyaan mana yang lebih penting pengembangan pendidikan atau pengembangan embege kali ini karpet merah digelar untuk maba unpad ini yang secara mentah mentah bilang wegah pada tawaran bantuan si gubernur konten api perlawanan tidak akan pernah padam akun kami akan terus lestari sebab eksistensi maba maba dan masyarakat sipil yang masih memelihara akal sehat dengan baik jadi tolong terus pelihara akal sehat dengan baik ya kawan kawan sampaimenang,in,7763,1694,18,10,292297,0,1_root,embege[Top],,positif,4,https://x.com/menuembegejelek/status/2087348533909426499
2087103627085443573,2026-08-11 09:07:35,reftif_,Reftif,6157,"Momen Maba Unpad menolak bantuan biaya kos dari KDM karena merasa mampu

Maba tersebut juga berujar bahwa dirinya masuk Unpad melalui jalur Mandiri, oleh karena itu dia ingin memberikan bantuan kepada maba lain yang lebih membutuhkan.

dia menawarkan kepada yang lebih berhak menerima bantuan

Rispek dek

The ril orang kaya yang ga miskin☝️🫡",momen maba unpad menolak bantuan biaya kos dari kdm karena merasa mampu maba tersebut juga berujar bahwa dirinya masuk unpad melalui jalur mandiri oleh karena itu dia ingin memberikan bantuan kepada maba lain yang lebih membutuhkan dia menawarkan kepada yang lebih berhak menerima bantuan rispek dek the ril orang kaya yang ga miskin,in,15192,1150,136,538,4391863,0,1_root,embege[Top],,negatif,-1,https://x.com/reftif_/status/2087103627085443573
2009100069522559063,2026-01-08 03:09:18,karirfess,Kr,233229,"List gawean yg bisa jadi cuma ada di Indonesia..

- jasa screenshot iphone
- joki strava
- joki skripsi
- jastip merch
- jastip tiket konser
- seller app premium
- kang parkir
- ojek payung
- kang cilok
- manusia silver
- pak ogah
- pawang ujan
- dukun beranak
- buzzer
- pegawai embege",list gawean yg bisa jadi cuma ada di indonesia jasa screenshot iphone joki strava joki skripsi jastip merch jastip tiket konser seller app premium kang parkir ojek payung kang cilok manusia silver pak ogah pawang ujan dukun beranak buzzer pegawai embege,in,27851,3246,464,794,723457,0,1_root,embege[Top],,netral,0,https://x.com/karirfess/status/2009100069522559063
2094082752882921881,2026-08-30 15:20:09,menuembegejelek,MBG Jelek,61659,"Kegeraman kita dengan jilatan lidah bupati Nagekeo beberapa hari silam masih belum redam, ini malah ada lagi seorang Kepala Dinas yang berusaha memancing angkara murka lewat pernyataan bodohnya.

Seenak apa lubang pantat presiden sehingga musti dijilati sebegitunya?",kegeraman kita dengan jilatan lidah bupati nagekeo beberapa hari silam masih belum redam ini malah ada lagi seorang kepala dinas yang berusaha memancing angkara murka lewat pernyataan bodohnya seenak apa lubang pantat presiden sehingga musti dijilati sebegitunya,in,1026,391,44,2,21448,0,1_root,embege[Top],,netral,0,https://x.com/menuembegejelek/status/2094082752882921881
2094084730413289495,2026-08-30 15:28:00,txtdarimbak,karin.,458,@menuembegejelek ga takut ISPA tapi takut embege ga jalan 🤣,ga takut ispa tapi takut embege ga jalan,in,4,0,0,0,405,0,1_root,embege[Top],,netral,0,https://x.com/txtdarimbak/status/2094084730413289495
2078096538782585342,2026-07-17 12:36:38,MuhadklyAcho,Acho,71086,"“Saya menghabiskan belasan tahun meneliti tentang perlindungan sosial di banyak negara. Saya menyelesaikan S2 dan S3 saya di inggris. Tidak ada satu pun negara di dunia yg program makan bergizi gratisnya dilakukan oleh aparat keamanan. Dari semua program perlindungan sosial di seluruh dunia, MBG adalah program terbesar dari segi anggaran, inefisiensi dan potensi korupsinya, di seluruh dunia.”

Video ini adalah paparan paling clear soal kekacauan tata kelola embege. Kalo ada yg nanya “emang apa salahnya sih embege?”, cukup suruh nonton video ini. https://t.co/RdE6HPX4Jx",saya menghabiskan belasan tahun meneliti tentang perlindungan sosial di banyak negara saya menyelesaikan s2 dan s3 saya di inggris tidak ada satu pun negara di dunia yg program makan bergizi gratisnya dilakukan oleh aparat keamanan dari semua program perlindungan sosial di seluruh dunia mbg adalah program terbesar dari segi anggaran inefisiensi dan potensi korupsinya di seluruh dunia video ini adalah paparan paling clear soal kekacauan tata kelola embege kalo ada yg nanya emang apa salahnya sih embege cukup suruh nonton video ini,in,16842,10597,239,171,387904,0,1_root,embege[Top],,positif,2,https://x.com/MuhadklyAcho/status/2078096538782585342
2091902021142294777,2026-08-24 14:54:42,kenhans03,Ken Hans,37145,"Kasus eMBeGe 
Kasus kuota haji
Kasus Febrie

Gimana kabarnya, gimana kelanjutannya ?
Apakah rekening koruptor sudah di blokir ? https://t.co/RPhTeLN1KY",kasus embege kasus kuota haji kasus febrie gimana kabarnya gimana kelanjutannya apakah rekening koruptor sudah di blokir,in,1140,493,25,11,10024,0,1_root,embege[Top],,netral,0,https://x.com/kenhans03/status/2091902021142294777
2092184796814524557,2026-08-25 09:38:21,menuembegejelek,MBG Jelek,61659,"Nothing to say, just trust him. That's 100% absolutely true. Embege will forever be damned.",nothing to say just trust him that s 100 absolutely true embege will forever be damned,en,523,127,5,1,16119,0,1_root,embege[Top],,netral,0,https://x.com/menuembegejelek/status/2092184796814524557
2092180199597314058,2026-08-25 09:20:05,gastronusa,gastronusa,16745,Waduh gimana nih min @menuembegejelek https://t.co/ktkluTLHvM,waduh gimana nih min,in,332,91,7,10,44235,0,1_root,embege[Top],,netral,0,https://x.com/gastronusa/status/2092180199597314058
2019661889232597376,2026-02-06 06:38:12,menuembegejelek,MBG Jelek,61659,"⚠️TRIGGER WARNING⚠️

Bukan hanya menu² jelek dan gak bergizi aja, menurut laporan yg kami himpun, dapur² embege / SPPG ternyata jg turut menghasilkan kasus-kasus jorok lain, di antaranya: perselingkuhan, pelecehan seksual, perzinahan dengan konsen dan tanpa konsen.

Muntahh!!🤢🤮",trigger warning bukan hanya menu² jelek dan gak bergizi aja menurut laporan yg kami himpun dapur² embege sppg ternyata jg turut menghasilkan kasus kasus jorok lain di antaranya perselingkuhan pelecehan seksual perzinahan dengan konsen dan tanpa konsen muntahh,in,15133,2849,162,249,762512,0,1_root,embege[Top],,negatif,-1,https://x.com/menuembegejelek/status/2019661889232597376
2038397041261584547,2026-03-29 23:25:00,menuembegejelek,MBG Jelek,61659,"Kan, sepekan lebih tanpa ada pendistribusian embege ternyata enggapapa, kan? 🙂",kan sepekan lebih tanpa ada pendistribusian embege ternyata enggapapa kan,in,39436,7583,353,208,910648,0,1_root,embege[Top],,netral,0,https://x.com/menuembegejelek/status/2038397041261584547
2047263211838415216,2026-04-23 10:36:00,menuembegejelek,MBG Jelek,61659,"CKCKCKCKCKCKCK

Brengsek! Parahh bangett anjirr. Espepege goblok mana ini yang nambah-nambahin kerjaannya Pandawara??

Pemenuhan gizi omong kosong. Inimah namanya menuh-menuhin volume sampah dalam negeri. Embege penuh omong kosong!

(Sc: IG/pandawaragroup) https://t.co/Kl4V6qIxAf",ckckckckckckck brengsek parahh bangett anjirr espepege goblok mana ini yang nambah nambahin kerjaannya pandawara pemenuhan gizi omong kosong inimah namanya menuh menuhin volume sampah dalam negeri embege penuh omong kosong sc ig pandawaragroup,in,35841,12958,208,204,1153677,0,1_root,embege[Top],,netral,0,https://x.com/menuembegejelek/status/2047263211838415216
2094364484894896180,2026-08-31 09:59:39,drakulatipsy,𝓭𝓪𝓷𝓭𝓮𝓵𝓲𝓸𝓷,77,"embege nih mempengaruhi kinerja otak ya? gak atasan gak bawahan yang dipikirin embegeeeeee mulu, heran",embege nih mempengaruhi kinerja otak ya gak atasan gak bawahan yang dipikirin embegeeeeee mulu heran,in,0,0,0,0,1,0,1_root,embege[Top],,netral,0,https://x.com/drakulatipsy/status/2094364484894896180
2092856719995273659,2026-08-27 06:08:20,satirnesia,dow,3724,i think i've seen this film before and i didn't like the ending... https://t.co/gNXUojMqiD,i think i ve seen this film before and i didn t like the ending,en,43889,9629,194,204,717106,0,1_root,embege[Top],,netral,0,https://x.com/satirnesia/status/2092856719995273659
2092901194058629565,2026-08-27 09:05:03,satirnesia,dow,3724,"medan sulit udah sejelas ini, tapi yang dimajukan tetap embege.",medan sulit udah sejelas ini tapi yang dimajukan tetap embege,in,508,44,4,1,75119,0,1_root,embege[Top],,netral,0,https://x.com/satirnesia/status/2092901194058629565
2092882627070251340,2026-08-27 07:51:16,satirnesia,dow,3724,"kok gak maju-maju sih, ragu ya? kalah sama anak-anak sekolah itu yang menyebrangi sungai setiap hari... https://t.co/vJBwcQND2S",kok gak maju maju sih ragu ya kalah sama anak anak sekolah itu yang menyebrangi sungai setiap hari,in,120,39,44,2,104296,0,1_root,embege[Top],,positif,2,https://x.com/satirnesia/status/2092882627070251340
2093803849073172945,2026-08-29 20:51:53,apisherex,²⁶🔥pi,340,TIBA-TIBA GUE KEPIKIRAN KENAPA GUE ENGGA PERNAH MASUKIN PENGALAMAN KERACUNAN EMBEGE SEBAGAI FUN FACT GUE YH💜 (walaupun gx fun),tiba tiba gue kepikiran kenapa gue engga pernah masukin pengalaman keracunan embege sebagai fun fact gue yh walaupun gx fun,in,3,0,0,0,113,0,1_root,embege[Top],,negatif,-1,https://x.com/apisherex/status/2093803849073172945
2024419404428320903,2026-02-19 09:42:52,mkusumawijaya,Kota-kota Indonesia: Pengantar untuk Orang Banyak,46757,"Jangan berhenti bicarakan:
- Papua
- Aceh
- Palestina
- Ukraina
- Pemanasan Bumi
- Embege
- Perumahan Sosial
- Angkutan Umum
- …",jangan berhenti bicarakan papua aceh palestina ukraina pemanasan bumi embege perumahan sosial angkutan umum,in,23842,6348,49,15,182780,0,1_root,embege[Top],,netral,0,https://x.com/mkusumawijaya/status/2024419404428320903
2092806114664681893,2026-08-27 02:47:14,mylittlebossy,Little boss,1238,Lucu bgt sw bocah sma penikmat embege https://t.co/nEIJ7wnakt,lucu bgt sw bocah sma penikmat embege,in,5,0,0,0,127,0,1_root,embege[Top],,netral,0,https://x.com/mylittlebossy/status/2092806114664681893
2033137593584697515,2026-03-15 11:05:50,menuembegejelek,MBG Jelek,61659,"Alih-alih bandeng presto, kakap fillet, dada ayam, daging sapi matang yang dikemas vacum terstandardisasi supaya daya tahan panganannya lebih awet, penerima manfaat embege malah disodorin donat Jco dengan topping full gula begini.

Tau kenapa alasannya?

Karena embege dibikin tidak hanya menyasar pada masyarakat miskin, tapi dipaksakan pada semua kelas masyarakat. Hal ini jelas bikin anggaran jauh lebih bengkak, boncos, budget perporsi menjadi minim, seminim-minimnya, ahli gizi sulit untuk melakukan improvisasi menu bernutrisi, dan yayasan pemilik kubangan lumpur (SPPG) menjadi lebih semena-mena, sakkarepe dewe.

Atas dasar itu juga mereka memanfaatkan celah pengalaman hidup miskin anak-anak sekolah yang ortunya tak pernah membelikan mereka jajanan-jajanan mahal, sekalipun jajanan itu tidak sesuai standar nilai gizi. Ini jahat banget sih sebetulnya. Karena ini program super prioritas, mereka merasa mendapat impunitas dari negara.

Kedengarannya sederhana, ya? Tapi hal sesederhana ini bakal ditolak mentah-mentah sama naluri buzzer embege. Mau heran, tapi ya namanya juga buzzer. 🤷🏻‍♀️",alih alih bandeng presto kakap fillet dada ayam daging sapi matang yang dikemas vacum terstandardisasi supaya daya tahan panganannya lebih awet penerima manfaat embege malah disodorin donat jco dengan topping full gula begini tau kenapa alasannya karena embege dibikin tidak hanya menyasar pada masyarakat miskin tapi dipaksakan pada semua kelas masyarakat hal ini jelas bikin anggaran jauh lebih bengkak boncos budget perporsi menjadi minim seminim minimnya ahli gizi sulit untuk melakukan improvisasi menu bernutrisi dan yayasan pemilik kubangan lumpur sppg menjadi lebih semena mena sakkarepe dewe atas dasar itu juga mereka memanfaatkan celah pengalaman hidup miskin anak anak sekolah yang ortunya tak pernah membelikan mereka jajanan jajanan mahal sekalipun jajanan itu tidak sesuai standar nilai gizi ini jahat banget sih sebetulnya karena ini program super prioritas mereka merasa mendapat impunitas dari negara kedengarannya sederhana ya tapi hal sesederhana ini bakal ditolak mentah mentah sama naluri buzzer embege mau heran tapi ya namanya juga buzzer,in,8271,2581,94,44,375325,0,1_root,embege[Top],,netral,0,https://x.com/menuembegejelek/status/2033137593584697515
2036732173223628880,2026-03-25 09:09:25,menuembegejelek,MBG Jelek,61659,"""Uang kita ada.""
""Saya masih mampu.""
""Daripada dikorupsi, lebih baik digunakan untuk memberi makan rakyat saya.""

F*ck ekonom, f*ck pakar dan ahli, f*ck pekerja pendidikan, f*ck ahli gizi, f*ck tukang kritik embege! Anak-anak sekolah dan Ibu menyusui masih butuh roti abon! 🫵🏻",uang kita ada saya masih mampu daripada dikorupsi lebih baik digunakan untuk memberi makan rakyat saya f ck ekonom f ck pakar dan ahli f ck pekerja pendidikan f ck ahli gizi f ck tukang kritik embege anak anak sekolah dan ibu menyusui masih butuh roti abon,in,13605,6116,108,65,250293,0,1_root,embege[Top],,positif,1,https://x.com/menuembegejelek/status/2036732173223628880
2094363700375482847,2026-08-31 09:56:32,Zaressta,Tata,1,Embege,embege,en,0,0,0,0,0,0,1_root,embege[Top],,netral,0,https://x.com/Zaressta/status/2094363700375482847
2092095374144250033,2026-08-25 03:43:01,satirnesia,dow,3724,"memadamkan api besar mau pake tepung, lu mau hutannya jadi gorengan bakwan atau gimana sih? 

kenapa ya gak mikir buat beli pesawat/heli kayak yang dimiliki malaysia aja, bisa digunakan jangka panjang juga. nalarnya emang gak ada bgt.",memadamkan api besar mau pake tepung lu mau hutannya jadi gorengan bakwan atau gimana sih kenapa ya gak mikir buat beli pesawat heli kayak yang dimiliki malaysia aja bisa digunakan jangka panjang juga nalarnya emang gak ada bgt,in,144,38,24,0,1818,0,1_root,embege[Top],,netral,0,https://x.com/satirnesia/status/2092095374144250033
2092107936608952348,2026-08-25 04:32:56,sahza____,Sahza,2637,@satirnesia padahal ada wacana mau beli pesawat rancangan rusia beriev be-200 cuma gagal karena anggarannya dipake buat embege😔,padahal ada wacana mau beli pesawat rancangan rusia beriev be 200 cuma gagal karena anggarannya dipake buat embege,in,2,0,1,0,92,0,1_root,embege[Top],,negatif,-1,https://x.com/sahza____/status/2092107936608952348
2029028398610464822,2026-03-04 02:57:22,menuembegejelek,MBG Jelek,61659,"Si gendut delusional itu mustinya mengucapkan bela sungakawa secara resmi kepada: korban bencana alam, korban keracunan embege, korban kebrutalan polisi, anak-anak korban meninggal karena campak, juga atas meninggalnya martir Republik Islam Iran, Ayatollah Ali Khamenei.

Entah apa yang ada di kepalanya, apa yang ada di kepala divisi konten, atau apa yang ada di kepala jajaran staf kepresidenan, urusan tersepele untuk sekadar menunjukkan empati dan duka cita aja seolah-olah wegah untuk dilakoni.

Apa jangan-jangan memang ada keinginan dari segelintir orang, agar publik paham bahwa kita semua memang sedang dipimpin oleh seorang monster?

Tolonglah. 🙂",si gendut delusional itu mustinya mengucapkan bela sungakawa secara resmi kepada korban bencana alam korban keracunan embege korban kebrutalan polisi anak anak korban meninggal karena campak juga atas meninggalnya martir republik islam iran ayatollah ali khamenei entah apa yang ada di kepalanya apa yang ada di kepala divisi konten atau apa yang ada di kepala jajaran staf kepresidenan urusan tersepele untuk sekadar menunjukkan empati dan duka cita aja seolah olah wegah untuk dilakoni apa jangan jangan memang ada keinginan dari segelintir orang agar publik paham bahwa kita semua memang sedang dipimpin oleh seorang monster tolonglah,in,10537,3403,124,54,160093,0,1_root,embege[Top],,negatif,-2,https://x.com/menuembegejelek/status/2029028398610464822
2092436773519741037,2026-08-26 02:19:37,rubyrubyjane__,biannnnnn,4308,1 bulan embege bisa beli berapa banyak heli wo https://t.co/MTsPWSx7lO,1 bulan embege bisa beli berapa banyak heli wo,in,19,6,2,0,831,0,1_root,embege[Top],,netral,0,https://x.com/rubyrubyjane__/status/2092436773519741037
2091676803303891318,2026-08-23 23:59:46,unmagnetism,unmag,805720,semoga makin banyak orang yg nolak seperti ini hehehe https://t.co/1bIyKlgnHa,semoga makin banyak orang yg nolak seperti ini hehehe,in,15665,1384,151,145,1245127,0,1_root,embege[Top],,netral,0,https://x.com/unmagnetism/status/2091676803303891318
2091683779496849674,2026-08-24 00:27:29,satirnesia,dow,3724,"@unmagnetism mau diendorse atau gak, kok ada yang pengen makan embege. dari omprengnya aja gua kayak udah gak napsu 😭😭",mau diendorse atau gak kok ada yang pengen makan embege dari omprengnya aja gua kayak udah gak napsu,in,199,3,2,0,63545,0,1_root,embege[Top],,netral,0,https://x.com/satirnesia/status/2091683779496849674
2044586045292126477,2026-04-16 01:17:54,menuembegejelek,MBG Jelek,61659,"Maaf, ada kabar keracunan embege di Jetis, Bantul, DIY sekira 2 hari lalu. Korbannya mencapai 80 orang, mencakup murid dan guru. Ini faktual, akan kami dengungkan beritanya segera. 🙏🏻",maaf ada kabar keracunan embege di jetis bantul diy sekira 2 hari lalu korbannya mencapai 80 orang mencakup murid dan guru ini faktual akan kami dengungkan beritanya segera,in,26072,7725,262,124,353039,0,1_root,embege[Top],,negatif,-1,https://x.com/menuembegejelek/status/2044586045292126477
2092115424574063104,2026-08-25 05:02:41,meikeljordanss,meikeljordanss,3813,"embege hari ini, namanya juga wni swasta mau tanggal merah tetep kerja.

kamu udh makan siang? https://t.co/ukKljJrdiX",embege hari ini namanya juga wni swasta mau tanggal merah tetep kerja kamu udh makan siang,in,55,15,61,0,641,0,1_root,embege[Top],,netral,0,https://x.com/meikeljordanss/status/2092115424574063104
2062177906982637857,2026-06-03 14:21:41,menuembegejelek,MBG Jelek,61659,"Halo, presiden biadab @prabowo. Saat mengundang 7 pemred kenamaan ke Hambalang sampean dicecar perihal keberlanjutan embege di saat negara berpotensi menghadapi problema moneter dan fiskal karena perang yang berkecamuk di timteng. Dengan lantang sampean mengatakan, ""Tetap saya jalankan! Lebih baik saya memberi makan rakyat saya daripada uang itu dikorupsi!""

Lihat ini. Pemberian makan sampean tak sesuai target, tak bergizi, yang diamanahkan ketahuan basah korupsi, dan ekonomi negara yang sampean pimpin carut-marut!

Mundur!",halo presiden biadab saat mengundang 7 pemred kenamaan ke hambalang sampean dicecar perihal keberlanjutan embege di saat negara berpotensi menghadapi problema moneter dan fiskal karena perang yang berkecamuk di timteng dengan lantang sampean mengatakan tetap saya jalankan lebih baik saya memberi makan rakyat saya daripada uang itu dikorupsi lihat ini pemberian makan sampean tak sesuai target tak bergizi yang diamanahkan ketahuan basah korupsi dan ekonomi negara yang sampean pimpin carut marut mundur,in,55487,20662,465,259,1273512,0,1_root,embege[Top],,positif,1,https://x.com/menuembegejelek/status/2062177906982637857
2062137736006648127,2026-06-03 11:42:03,kresbung,krestenisasi terselubung,25701,"@ardisatriawan SEGERRR, SEGER BETULLLLL https://t.co/zYhty9q4XP",segerrr seger betulllll,in,5279,1505,628,2735,5216438,0,1_root,embege[Top],,netral,0,https://x.com/kresbung/status/2062137736006648127
2034530664863953000,2026-03-19 07:21:24,ohrobiiin,Robin,12403,"Lupain sejenak embege, bop, dan atraksi2 boomer di pemerenta kita karena SENJA DI AKHIR RAMADHAN TAHUN INI CAKEP-CAKEP CUYY 😭🥹 https://t.co/sMgu9TTYLy",lupain sejenak embege bop dan atraksi2 boomer di pemerenta kita karena senja di akhir ramadhan tahun ini cakep cakep cuyy,in,22941,2835,88,166,213204,0,1_root,embege[Top],,netral,0,https://x.com/ohrobiiin/status/2034530664863953000
2047563995553657130,2026-04-24 06:31:13,kenhans03,Ken Hans,37145,"Liat kan gimana usaha guru supaya eMBeGe itu tidak terbuang sia-sia atau mubazir....
Aku pun yakin para guru udh menasehati anak supaya menghargai eMBeGe dgn menghabiskan makanan yg diberikan.. bahkan guru pun hrus meluangkan waktu tambahan di jam mengajar mereka cm untuk ngurusin eMBeGe datang sampai urusan selesai.....🥺",liat kan gimana usaha guru supaya embege itu tidak terbuang sia sia atau mubazir aku pun yakin para guru udh menasehati anak supaya menghargai embege dgn menghabiskan makanan yg diberikan bahkan guru pun hrus meluangkan waktu tambahan di jam mengajar mereka cm untuk ngurusin embege datang sampai urusan selesai,in,7279,2959,524,524,1011563,0,1_root,embege[Top],,netral,0,https://x.com/kenhans03/status/2047563995553657130
2026802711891726744,2026-02-25 23:33:17,menuembegejelek,MBG Jelek,61659,"⚠️ Kabar Keracunan Embege! ⚠️

Silakan sebar luaskan! Rabu, 25 Februari 2026. Sebanyak 23 anak-anak tak berdosa telah diracun oleh negara lewat proyek embege dengan perencanaan yang SUPER MENTAH.

Hingga saat ini, anak-anak yang terdaftar sebagai murid di SDN Karang Mekar, Cimahi itu sedang dirawat secara intensif di RS Cibabat. Gejala yang mereka alami adalah pusing, mual, nyeri perut, hingga muntah-muntah.

""Pihak SPPG udah ngasih keterangan sama nerima konsekuensinya Min?""

Tentu saja, seperti biasa, BELUM.

Lanjutkan terus proyek kotor super prioritasmu ini @prabowo, @Gerindra, tanpa ada evaluasi dan tindakan tegas sedikitpun, dan kami harap kalian beserta kroni kalian akan mendapatkan balasan 100x lipat dari derita anak-anak ini. 🫵🏻🙂",kabar keracunan embege silakan sebar luaskan rabu 25 februari 2026 sebanyak 23 anak anak tak berdosa telah diracun oleh negara lewat proyek embege dengan perencanaan yang super mentah hingga saat ini anak anak yang terdaftar sebagai murid di sdn karang mekar cimahi itu sedang dirawat secara intensif di rs cibabat gejala yang mereka alami adalah pusing mual nyeri perut hingga muntah muntah pihak sppg udah ngasih keterangan sama nerima konsekuensinya min tentu saja seperti biasa belum lanjutkan terus proyek kotor super prioritasmu ini tanpa ada evaluasi dan tindakan tegas sedikitpun dan kami harap kalian beserta kroni kalian akan mendapatkan balasan 100x lipat dari derita anak anak ini,in,5152,3040,142,62,81490,0,1_root,embege[Top],,negatif,-2,https://x.com/menuembegejelek/status/2026802711891726744
2093113456266518612,2026-08-27 23:08:30,valevieze,Valeria ✧ ๋࣭ ⭑,773,"Gue mau punya kekuatannya Ichibe, trus menghapus nama embege, atau ngubah nama tsb jadi haram/tabu 😒 aagghhhh muak kali.. https://t.co/5WqPonq7Nm",gue mau punya kekuatannya ichibe trus menghapus nama embege atau ngubah nama tsb jadi haram tabu aagghhhh muak kali,in,12,0,0,0,660,0,1_root,embege[Top],,netral,0,https://x.com/valevieze/status/2093113456266518612
2093504315055030573,2026-08-29 01:01:38,MiskinTV_,SobatMiskinTV,142768,"Selain 'pesugihan', apa sih yang bisa bikin kita kaya mendadak?",selain pesugihan apa sih yang bisa bikin kita kaya mendadak,in,22,2,56,4,6251,0,1_root,embege[Top],,netral,0,https://x.com/MiskinTV_/status/2093504315055030573
2093709872802275630,2026-08-29 14:38:27,solowae1,susufullcream,169796,@MiskinTV_ hmmm apa ya kak? jadi owner dapur eMBeGe kayaknya.,hmmm apa ya kak jadi owner dapur embege kayaknya,in,1,0,0,0,37,0,1_root,embege[Top],,netral,0,https://x.com/solowae1/status/2093709872802275630
2050806306353910080,2026-05-03 05:15:00,Mi9aWempy,ᵂᵉMpy 𝙼𝚒𝚐𝚊™,16586,"Nikmat embege mana lagi yg di dustakan..??? 
.. 
.. https://t.co/aARsqpf6sJ",nikmat embege mana lagi yg di dustakan,in,19336,6542,858,639,332113,0,1_root,embege[Top],,netral,0,https://x.com/Mi9aWempy/status/2050806306353910080
2094201570854326353,2026-08-30 23:12:17,NyaiNeneng,Ibu_Neneng,8161,Putri Salju kenapa? Turun bero kah? 🤭 https://t.co/jI4o3NQA0V,putri salju kenapa turun bero kah,in,4140,480,491,198,266230,0,1_root,embege[Top],,netral,0,https://x.com/NyaiNeneng/status/2094201570854326353
2092764452211114340,2026-08-27 00:01:41,gagahnyantai,A'a Gagahesto☀️,750,EMBEGE EMBEGE IS THAT YOU EVER SAY?? THSTS ALL I HEAR WNYMOREI CANT TAKE IT ANYMORE! ;#$! 2$? I HATE EMBEEGGEEEEEEE,embege embege is that you ever say thsts all i hear wnymorei cant take it anymore 2 i hate embeeggeeeeeee,en,4,0,0,0,70,0,1_root,embege[Top],,netral,0,https://x.com/gagahnyantai/status/2092764452211114340
2046018162244858084,2026-04-20 00:08:37,rizkidwika,Riz,40013,"Embege akan sangat bagus jika:
-yang diupgrade itu kantin sekolah
-pemasaknya yang ada di kantin
-dapurnya decenterized tiap sekolah
-beli bahan di pasar terdekat
-ga bakal basi karena ga perlu nganter2

Bukannya bikin dapur katering 2 miliar bonus motor trail sama semir sepatu.",embege akan sangat bagus jika yang diupgrade itu kantin sekolah pemasaknya yang ada di kantin dapurnya decenterized tiap sekolah beli bahan di pasar terdekat ga bakal basi karena ga perlu nganter2 bukannya bikin dapur katering 2 miliar bonus motor trail sama semir sepatu,in,18650,7444,200,180,230817,0,1_root,embege[Top],,netral,0,https://x.com/rizkidwika/status/2046018162244858084
2036792428246774098,2026-03-25 13:08:51,menuembegejelek,MBG Jelek,61659,"Obes + perokok berat + berkacamata + berseragam polri + institusinya punya ribuan dapur embege. Menantu idaman banget, bukan? 🙂",obes perokok berat berkacamata berseragam polri institusinya punya ribuan dapur embege menantu idaman banget bukan,in,9929,2303,117,20,228216,0,1_root,embege[Top],,netral,0,https://x.com/menuembegejelek/status/2036792428246774098
2036330052959576185,2026-03-24 06:31:32,myshawti,Catholic 𐕣,59261,Kasian rekannya yang gotong semisal pingsan di medan perang https://t.co/jfsq3h37Md,kasian rekannya yang gotong semisal pingsan di medan perang,in,10552,1374,932,424,1998852,0,1_root,embege[Top],,netral,0,https://x.com/myshawti/status/2036330052959576185
2094272088957915381,2026-08-31 03:52:30,samhugget,Coco,9580,"Saya kok ndak begitu mengikuti dan tak peduli dengan acara NU ya, apa karena nggak sebegitu berpengaruhnya NU dalam hidupku 😂
NB ; Muslim tapi tidak masuk ormas manapun ☝🏼",saya kok ndak begitu mengikuti dan tak peduli dengan acara nu ya apa karena nggak sebegitu berpengaruhnya nu dalam hidupku nb muslim tapi tidak masuk ormas manapun,in,6,0,2,0,146,0,1_root,embege[Top],,netral,0,https://x.com/samhugget/status/2094272088957915381
2094258073833820634,2026-08-31 02:56:48,Piyusaja2,Mas P1yu🍉🇮🇩,28239,Selamat dan sukses atas terpilihnya KH. Miftachul Akhyar sebagai Rais Aam PBNU dan KH. Abdul Hakim Mahfudz sebagai Ketua Umum PBNU masa khidmat 2026–2031. https://t.co/WABCwqq5iY,selamat dan sukses atas terpilihnya kh miftachul akhyar sebagai rais aam pbnu dan kh abdul hakim mahfudz sebagai ketua umum pbnu masa khidmat 2026 2031,in,28,11,0,2,900,0,1_root,embege[Top],,positif,1,https://x.com/Piyusaja2/status/2094258073833820634
2094364782925357136,2026-08-31 10:00:50,signal__exp,Signal Experiments,7,"Jadi, standar menu dan jangkauan luas sudah cukup jadi ukuran keberhasilan, atau kita masih perlu menunggu datanya bicara?
Signal Experiment menelusuri pertanyaan itu.

#SignalExperiment #MBG #Gizi #Kesehatan #KebijakanPublik https://t.co/jFUplKHkVw",jadi standar menu dan jangkauan luas sudah cukup jadi ukuran keberhasilan atau kita masih perlu menunggu datanya bicara signal experiment menelusuri pertanyaan itu signalexperiment mbg gizi kesehatan kebijakanpublik,in,0,0,0,0,1,0,1_root,#MBG[Latest],,positif,1,https://x.com/signal__exp/status/2094364782925357136
2094364334990504406,2026-08-31 09:59:03,dppPRI,DPP PARTAI RAKYAT INDONESIA,153,"Real bersih sampai akar-akar. ☺️

#PartaiRakyatIndonesia
#MBG
#IndonesiaMaju https://t.co/fP83IZikBP",real bersih sampai akar akar partairakyatindonesia mbg indonesiamaju,in,0,0,0,0,2,0,1_root,#MBG[Latest],,positif,1,https://x.com/dppPRI/status/2094364334990504406
2094362795106250862,2026-08-31 09:52:56,kabarnesiacom,kabarnesiacom,3554,"🍗 Harga ayam &amp; telur naik di Bandung.

Pedagang minta MBG dievaluasi!

Apakah MBG ikut memengaruhi harga bahan pangan, atau ada faktor lain? 🤔

#MBG #Bandung #HargaPangan https://t.co/M5AzErUVfO",harga ayam amp telur naik di bandung pedagang minta mbg dievaluasi apakah mbg ikut memengaruhi harga bahan pangan atau ada faktor lain mbg bandung hargapangan,in,0,0,0,0,5,0,1_root,#MBG[Latest],,netral,0,https://x.com/kabarnesiacom/status/2094362795106250862
2094362680979026045,2026-08-31 09:52:29,dppPRI,DPP PARTAI RAKYAT INDONESIA,153,"Menu Roti Bakar selai Strawberry &amp; Kacang siap menamani kalian di hari terakhir di minggu ini😋
#PartaiRakyatIndonesia
#MBG
#IndonesiaMaju https://t.co/vOWGFwT3ST",menu roti bakar selai strawberry amp kacang siap menamani kalian di hari terakhir di minggu ini partairakyatindonesia mbg indonesiamaju,in,0,0,0,0,5,0,1_root,#MBG[Latest],,netral,0,https://x.com/dppPRI/status/2094362680979026045
2094344316949008476,2026-08-31 08:39:30,Iovarchives,WELCOME! 𖹭,497,"@NikiIssue Maksud e ini adalah kamu ceritain si ""seseorang"" di balik cerita kamu, boleh cerita kamu waktu form kemarin atauu mungkin kamu mau build cerita baru. Seolah-olah kamu udah punya target idaman #MBG #MMG #MYTYPE gitu!",maksud e ini adalah kamu ceritain si seseorang di balik cerita kamu boleh cerita kamu waktu form kemarin atauu mungkin kamu mau build cerita baru seolah olah kamu udah punya target idaman mbg mmg mytype gitu,in,0,0,3,0,135,0,1_root,#MBG[Latest],,netral,0,https://x.com/Iovarchives/status/2094344316949008476
2094343787870867690,2026-08-31 08:37:24,signal__daily,Signal Daily,16,"Menurutmu, siapa yang paling diuntungkan dari multiplier effect MBG?
#SignalDaily #MBG #MultiplierEffect #EkonomiLokal https://t.co/F45TQO9StD",menurutmu siapa yang paling diuntungkan dari multiplier effect mbg signaldaily mbg multipliereffect ekonomilokal,in,0,0,0,0,9,0,1_root,#MBG[Latest],,netral,0,https://x.com/signal__daily/status/2094343787870867690
2094342829225214038,2026-08-31 08:33:36,NusantaraHukum,Nusantara Hukum,66,"Pengawasan Program MBG diperketat melalui kehadiran wajib kepala SPPG, pengawasan berlapis, sanksi tegas, serta perluasan prioritas ke wilayah 3T demi memastikan program berjalan aman, disiplin, berkualitas, dan tepat sasaran.

#MakanBergiziGratis #MBG #IndonesiaSehat #ProgranMBG https://t.co/5ByRGT8qoy",pengawasan program mbg diperketat melalui kehadiran wajib kepala sppg pengawasan berlapis sanksi tegas serta perluasan prioritas ke wilayah 3t demi memastikan program berjalan aman disiplin berkualitas dan tepat sasaran makanbergizigratis mbg indonesiasehat progranmbg,in,1,0,0,0,4,0,1_root,#MBG[Latest],,positif,2,https://x.com/NusantaraHukum/status/2094342829225214038
2094342189388308620,2026-08-31 08:31:03,NusantaraHukum,Nusantara Hukum,66,"Pengawasan Program MBG diperketat melalui kehadiran wajib kepala SPPG, pengawasan berlapis, sanksi tegas, serta perluasan prioritas ke wilayah 3T demi memastikan program berjalan aman, disiplin, berkualitas, dan tepat sasaran.

#MakanBergiziGratis #MBG #IndonesiaSehat #ProgranMBG https://t.co/tvKdgqhFSQ",pengawasan program mbg diperketat melalui kehadiran wajib kepala sppg pengawasan berlapis sanksi tegas serta perluasan prioritas ke wilayah 3t demi memastikan program berjalan aman disiplin berkualitas dan tepat sasaran makanbergizigratis mbg indonesiasehat progranmbg,in,1,0,0,0,6,0,1_root,#MBG[Latest],,positif,2,https://x.com/NusantaraHukum/status/2094342189388308620
2094342078113427892,2026-08-31 08:30:37,NusantaraHukum,Nusantara Hukum,66,"Pengawasan Program MBG diperketat melalui kehadiran wajib kepala SPPG, pengawasan berlapis, sanksi tegas, serta perluasan prioritas ke wilayah 3T demi memastikan program berjalan aman, disiplin, berkualitas, dan tepat sasaran.

#MakanBergiziGratis #MBG #IndonesiaSehat #ProgranMBG https://t.co/TANpOtopaJ",pengawasan program mbg diperketat melalui kehadiran wajib kepala sppg pengawasan berlapis sanksi tegas serta perluasan prioritas ke wilayah 3t demi memastikan program berjalan aman disiplin berkualitas dan tepat sasaran makanbergizigratis mbg indonesiasehat progranmbg,in,1,0,0,0,4,0,1_root,#MBG[Latest],,positif,2,https://x.com/NusantaraHukum/status/2094342078113427892
2094336474363863091,2026-08-31 08:08:21,signal__daily,Signal Daily,16,"Menurutmu, siapa yang paling diuntungkan dari multiplier effect MBG?
#SignalDaily #MBG #MultiplierEffect #EkonomiLokal https://t.co/tDvxZKRZRO",menurutmu siapa yang paling diuntungkan dari multiplier effect mbg signaldaily mbg multipliereffect ekonomilokal,in,0,0,0,0,8,0,1_root,#MBG[Latest],,netral,0,https://x.com/signal__daily/status/2094336474363863091
2094336338380431687,2026-08-31 08:07:48,watchdoc_ID,Watchdoc Documentary,86512,"SEGERA.

Watchdoc berkolaborasi bersama The BRNDLS.
Tayang di YouTube Watchdoc Image.

#MBG #Watchdoc https://t.co/EGdvlwU9v0",segera watchdoc berkolaborasi bersama the brndls tayang di youtube watchdoc image mbg watchdoc,tl,8,3,0,0,470,0,1_root,#MBG[Latest],,netral,0,https://x.com/watchdoc_ID/status/2094336338380431687
2094335562127978908,2026-08-31 08:04:43,kabarnesiacom,kabarnesiacom,3554,"🤔 Sudaryono pimpin MBG, tapi pengamat masih ragu.

Kenapa?

Skala programnya sangat besar, anggarannya besar, dan masalah di lapangan juga kompleks.

Mampukah Sudaryono membuktikan? 👀

#Sudaryono #MBG #BGN https://t.co/KMyjCyuLAp",sudaryono pimpin mbg tapi pengamat masih ragu kenapa skala programnya sangat besar anggarannya besar dan masalah di lapangan juga kompleks mampukah sudaryono membuktikan sudaryono mbg bgn,in,0,0,0,0,16,0,1_root,#MBG[Latest],,negatif,-1,https://x.com/kabarnesiacom/status/2094335562127978908
2094334374041035063,2026-08-31 08:00:00,felycyaan,felyyy,52,"6 juta per hari jadi sorotan, Menanggapi hal tersebut, pihak pengelola siap mengevaluasi dan merombak skema insentif agar lebih transparan, tepat sasaran, serta berkeadilan bagi seluruh pihak yang terlibat.
​#jagaindonesia #MakanBergiziGratis #MBG #Transparansi #BeritaTerkini https://t.co/8a8gQOzdxX",6 juta per hari jadi sorotan menanggapi hal tersebut pihak pengelola siap mengevaluasi dan merombak skema insentif agar lebih transparan tepat sasaran serta berkeadilan bagi seluruh pihak yang terlibat jagaindonesia makanbergizigratis mbg transparansi beritaterkini,in,0,0,0,0,6,0,1_root,#MBG[Latest],,positif,2,https://x.com/felycyaan/status/2094334374041035063
2094326334701043850,2026-08-31 07:28:03,sumutco,Limitnews.net,113,https://t.co/CHWr2ZSCIF #Polri #BGN #MBG,polri bgn mbg,qme,1,0,0,0,5,0,1_root,#MBG[Latest],,netral,0,https://x.com/sumutco/status/2094326334701043850
2094314471829463118,2026-08-31 06:40:55,Agreesfita,Agrees Fita,9,"Langkah Nyata untuk Kesejahteraan: pemenuhan gizi anak perlu didukung dengan makanan yang aman dan berkualitas. Semoga MBG terus diperbaiki berdasarkan kondisi di lapangan agar manfaatnya makin optimal bagi penerima.

#MBG #GenerasiSehat #Kesejahteraan https://t.co/14SY7bEdQ4",langkah nyata untuk kesejahteraan pemenuhan gizi anak perlu didukung dengan makanan yang aman dan berkualitas semoga mbg terus diperbaiki berdasarkan kondisi di lapangan agar manfaatnya makin optimal bagi penerima mbg generasisehat kesejahteraan,in,0,0,0,0,1106,0,1_root,#MBG[Latest],,positif,1,https://x.com/Agreesfita/status/2094314471829463118
2094314063350386975,2026-08-31 06:39:17,Agreesfita,Agrees Fita,9,"Cerita Manfaat dari Masyarakat: MBG menjadi salah satu upaya pemenuhan gizi anak. Semoga pelaksanaannya terus dievaluasi, kualitas makanan dan distribusinya makin baik, serta manfaatnya bisa dirasakan secara merata. 🙌

#MBG #GiziAnak #IndonesiaSehat https://t.co/lbRCxDuEuW",cerita manfaat dari masyarakat mbg menjadi salah satu upaya pemenuhan gizi anak semoga pelaksanaannya terus dievaluasi kualitas makanan dan distribusinya makin baik serta manfaatnya bisa dirasakan secara merata mbg gizianak indonesiasehat,in,1,0,1,0,1109,0,1_root,#MBG[Latest],,positif,1,https://x.com/Agreesfita/status/2094314063350386975
2094290809776747005,2026-08-31 05:06:53,BsatrioM32,Bsatrio,2,"Dua Sisi Program MBG
persepsi masyarakat

#mbg #programpemerintah #indonesia https://t.co/a8zsbQywZA",dua sisi program mbg persepsi masyarakat mbg programpemerintah indonesia,in,1,0,0,0,4,0,1_root,#MBG[Latest],,netral,0,https://x.com/BsatrioM32/status/2094290809776747005
2094288194812748095,2026-08-31 04:56:30,BsatrioM32,Bsatrio,2,"Dua Sisi Program MBG
persepsi masyarakat

#mbg #programpemerintah #indonesia https://t.co/tjUJtEKxV5",dua sisi program mbg persepsi masyarakat mbg programpemerintah indonesia,in,1,0,0,0,2,0,1_root,#MBG[Latest],,netral,0,https://x.com/BsatrioM32/status/2094288194812748095
2094285899270062206,2026-08-31 04:47:22,terviralin,Terviral,45649,#Viral #Siswa SD Temukan Benda Diduga Peluru dalam Daging Menu #MBG di Lampung Utara https://t.co/Q9S3m7Jg6W,viral siswa sd temukan benda diduga peluru dalam daging menu mbg di lampung utara,in,0,0,1,0,100,0,1_root,#MBG[Latest],,netral,0,https://x.com/terviralin/status/2094285899270062206
2094283913237803350,2026-08-31 04:39:29,mia1485373,mia,2,"Dua sisi Program MBG (Agustus 2026): Gelombang protes &amp; evaluasi di Jakarta vs. realita manfaat di Papua seperti peningkatan kehadiran siswa, pemberdayaan ekonomi lokal, dan intervensi stunting. Namun, keterbatasan dapur logistik masih menjadi tantangan. #MBG #Papua https://t.co/s82hCVbEXI",dua sisi program mbg agustus 2026 gelombang protes amp evaluasi di jakarta vs realita manfaat di papua seperti peningkatan kehadiran siswa pemberdayaan ekonomi lokal dan intervensi stunting namun keterbatasan dapur logistik masih menjadi tantangan mbg papua,in,0,0,0,0,10,0,1_root,#MBG[Latest],,netral,0,https://x.com/mia1485373/status/2094283913237803350
2094270059372027905,2026-08-31 03:44:26,ngopiedikayue,Kopi Kayu,24,"Makan bergizi hari ini, investasi untuk masa depan. Dukung MBG agar generasi Indonesia tumbuh sehat, cerdas, kuat, dan siap meraih cita-cita. #MBG #MakanBergiziGratis #GenerasiSehat https://t.co/mL0AQc3u5c",makan bergizi hari ini investasi untuk masa depan dukung mbg agar generasi indonesia tumbuh sehat cerdas kuat dan siap meraih cita cita mbg makanbergizigratis generasisehat,in,0,0,0,0,11,0,1_root,#MBG[Latest],,positif,3,https://x.com/ngopiedikayue/status/2094270059372027905
2094269018157035710,2026-08-31 03:40:18,Fatimahbnda,Bnd Ftimh,53,"SPPG dapat Rp6 juta per hari? Jangan salah paham dulu. 👀 Pahami konteks dan ketentuannya, jangan langsung dianggap sebagai keuntungan pribadi. Yuk, cek fakta sebelum menyimpulkan. 
#jagaIndonesia #SPPG #MBG #CekFakta #MakanBergiziGratis https://t.co/QXiOhFK3wU",sppg dapat rp6 juta per hari jangan salah paham dulu pahami konteks dan ketentuannya jangan langsung dianggap sebagai keuntungan pribadi yuk cek fakta sebelum menyimpulkan jagaindonesia sppg mbg cekfakta makanbergizigratis,in,0,0,0,0,22,0,1_root,#MBG[Latest],,negatif,-1,https://x.com/Fatimahbnda/status/2094269018157035710
2094257139372146809,2026-08-31 02:53:06,hariyanfebrii,hariyanfebri,24,"Jangan cuma baca judul berita terus emosi guys 🙈 Angka 6 juta/hari SPPG itu biaya operasional dapur MBG dari gaji staf, logistik, sampe pengangkutan. Tata kelolanya juga lagi terus dievaluasi BGN biar makin efisien &amp; tepat sasaran 🥣
#jagaindonesia #MBG #SPPG #MakanGizi https://t.co/3nZo7RqfQ7",jangan cuma baca judul berita terus emosi guys angka 6 juta hari sppg itu biaya operasional dapur mbg dari gaji staf logistik sampe pengangkutan tata kelolanya juga lagi terus dievaluasi bgn biar makin efisien amp tepat sasaran jagaindonesia mbg sppg makangizi,in,0,0,0,0,14,0,1_root,#MBG[Latest],,positif,2,https://x.com/hariyanfebrii/status/2094257139372146809
2094254497631781202,2026-08-31 02:42:36,idnscope_,idn scope,11,"Biar gak salah paham, 6 juta per hari SPPG itu total operasional dapur MBG (gaji staf, pengangkutan, logistik), bukan gaji perorangan ya🥣 BGN juga lagi rapiin skemanya biar anggaran makin efisien &amp; tepat sasaran.

#jagaindonesia #MBG #SPPG #MakanGizi #Transparansi https://t.co/cnVKhUPGwm",biar gak salah paham 6 juta per hari sppg itu total operasional dapur mbg gaji staf pengangkutan logistik bukan gaji perorangan ya bgn juga lagi rapiin skemanya biar anggaran makin efisien amp tepat sasaran jagaindonesia mbg sppg makangizi transparansi,in,0,0,0,0,13,0,1_root,#MBG[Latest],,positif,1,https://x.com/idnscope_/status/2094254497631781202
2094244362800767406,2026-08-31 02:02:19,anekambgjrbc,anekambg,52,@radarmasnetwork Program MBG Mendukung tumbuh kembang &amp; kesehatan anak. #mbg #makanbergizigratis #nawacita https://t.co/M5KrFnLhCr,program mbg mendukung tumbuh kembang amp kesehatan anak mbg makanbergizigratis nawacita,in,0,0,0,0,9,0,1_root,#MBG[Latest],,positif,1,https://x.com/anekambgjrbc/status/2094244362800767406
2094244330353701275,2026-08-31 02:02:12,anekambgjrbc,anekambg,52,"@radarmasnetwork MBG menggerakan ekonomi lokal memberdayakan petani, nelayan, peternak &amp; UMKM. #mbg #makanbergizigratis #nawacita https://t.co/50pT6hLiGx",mbg menggerakan ekonomi lokal memberdayakan petani nelayan peternak amp umkm mbg makanbergizigratis nawacita,in,0,0,0,0,15,0,1_root,#MBG[Latest],,netral,0,https://x.com/anekambgjrbc/status/2094244330353701275
2094244297172464017,2026-08-31 02:02:04,anekambgjrbc,anekambg,52,"@radarmasnetwork MBG gizi hari ini, SDM unggul esok hari. Pemenuhan gizi anak dan kelompok rentan untuk Indonesia. #mbg #makanbergizigratis #nawacita https://t.co/hDsSu357Ib",mbg gizi hari ini sdm unggul esok hari pemenuhan gizi anak dan kelompok rentan untuk indonesia mbg makanbergizigratis nawacita,in,0,0,0,0,9,0,1_root,#MBG[Latest],,netral,0,https://x.com/anekambgjrbc/status/2094244297172464017
2094243719453315338,2026-08-31 01:59:46,dppPRI,DPP PARTAI RAKYAT INDONESIA,153,"Sebagai bentuk komitmen menghadirkan makanan yang halal, aman, bergizi, dan berkualitas, SPPG Polman Polewali Takatidung 1 melaksanakan proses audit sertifikasi halal sebagai upaya memastikan seluruh bahan dan proses penyelenggaraan makanan memenuhi standar yang ditetapkan.
#MBG https://t.co/dU2DT3G1dn",sebagai bentuk komitmen menghadirkan makanan yang halal aman bergizi dan berkualitas sppg polman polewali takatidung 1 melaksanakan proses audit sertifikasi halal sebagai upaya memastikan seluruh bahan dan proses penyelenggaraan makanan memenuhi standar yang ditetapkan mbg,in,7,3,2,0,136,0,1_root,#MBG[Latest],,positif,2,https://x.com/dppPRI/status/2094243719453315338
2094243463210704932,2026-08-31 01:58:45,kellytiemikino,kelly 🇮🇩,258,Membangun sumber daya manusia unggul dimulai dari perhatian terhadap pemenuhan gizi. Program MBG menjadi salah satu langkah yang patut didukung agar semakin banyak anak Indonesia memiliki kesempatan tumbuh sehat dan berkembang secara optimal. #MBG #GiziAnak https://t.co/Omwvf8zqrM,membangun sumber daya manusia unggul dimulai dari perhatian terhadap pemenuhan gizi program mbg menjadi salah satu langkah yang patut didukung agar semakin banyak anak indonesia memiliki kesempatan tumbuh sehat dan berkembang secara optimal mbg gizianak,in,0,0,0,0,12,0,1_root,#MBG[Latest],,positif,1,https://x.com/kellytiemikino/status/2094243463210704932
2094243451764359417,2026-08-31 01:58:42,kellytiemikino,kelly 🇮🇩,258,Membangun sumber daya manusia unggul dimulai dari perhatian terhadap pemenuhan gizi. Program MBG menjadi salah satu langkah yang patut didukung agar semakin banyak anak Indonesia memiliki kesempatan tumbuh sehat dan berkembang secara optimal. #MBG #GiziAnak https://t.co/wSTcZmovht,membangun sumber daya manusia unggul dimulai dari perhatian terhadap pemenuhan gizi program mbg menjadi salah satu langkah yang patut didukung agar semakin banyak anak indonesia memiliki kesempatan tumbuh sehat dan berkembang secara optimal mbg gizianak,in,0,0,0,0,10,0,1_root,#MBG[Latest],,positif,1,https://x.com/kellytiemikino/status/2094243451764359417
2094243440494284986,2026-08-31 01:58:40,kellytiemikino,kelly 🇮🇩,258,Membangun sumber daya manusia unggul dimulai dari perhatian terhadap pemenuhan gizi. Program MBG menjadi salah satu langkah yang patut didukung agar semakin banyak anak Indonesia memiliki kesempatan tumbuh sehat dan berkembang secara optimal. #MBG #GiziAnak https://t.co/hQmM2GPvIC,membangun sumber daya manusia unggul dimulai dari perhatian terhadap pemenuhan gizi program mbg menjadi salah satu langkah yang patut didukung agar semakin banyak anak indonesia memiliki kesempatan tumbuh sehat dan berkembang secara optimal mbg gizianak,in,0,0,0,0,7,0,1_root,#MBG[Latest],,positif,1,https://x.com/kellytiemikino/status/2094243440494284986
2094107246271881282,2026-08-30 16:57:28,tishaaputri,tishaputrii,501,"@aldoputra1020 @itskaesha dikasih solusi tapi gak didengerin....
tuh #MBG #kopdessolusidesa 
nyenyenyeeee",dikasih solusi tapi gak didengerin tuh mbg kopdessolusidesa nyenyenyeeee,in,0,0,0,0,18,0,1_root,#MBG[Latest],,positif,1,https://x.com/tishaaputri/status/2094107246271881282
2094094263604711626,2026-08-30 16:05:53,MrBulldozerGamN,MrBulldozer Gaming,138,"#Fortnite #MBG #EpicPartner #fortnitechapter7season4 #FortniteC7S4 #FortniteVictoryRoyale #C7S4 #Gaming #Xbox #FortniteOverload #sonicthehedgehog
🔶🔶 UNLOCKING CHEAT MASTER CROWN SPRITE AND FINISHING OFF ALL FEKINA RANK SKINS #OVERLOAD #SHORTS 🔶🔶
https://t.co/zNExxswvoX via @YouTube",fortnite mbg epicpartner fortnitechapter7season4 fortnitec7s4 fortnitevictoryroyale c7s4 gaming xbox fortniteoverload sonicthehedgehog unlocking cheat master crown sprite and finishing off all fekina rank skins overload shorts via,en,1,0,0,0,173,0,1_root,#MBG[Latest],,netral,0,https://x.com/MrBulldozerGamN/status/2094094263604711626
2094074821143564735,2026-08-30 14:48:38,SufiHealingSong,Sufi Healing,1247,"Saya Bisa Beri Makan Gratis Seluruh Warga Indonesia Selamanya, Tanpa Pakai Uang Rakyat, Ini Caranya! #makangratis #mbg #makangratistanpauangrakyat #petaniorganik #petani #PetaniOrganikCerdas #makanGratisTanpaUangPajak #PetaniBisa  https://t.co/lHu5lmLUVy lewat @YouTube",saya bisa beri makan gratis seluruh warga indonesia selamanya tanpa pakai uang rakyat ini caranya makangratis mbg makangratistanpauangrakyat petaniorganik petani petaniorganikcerdas makangratistanpauangpajak petanibisa lewat,in,1,0,0,0,55,0,1_root,#MBG[Latest],,positif,1,https://x.com/SufiHealingSong/status/2094074821143564735
2094072423788507406,2026-08-30 14:39:06,nataliasuebu_,Natalia,155,Momen yang selalu ditunggu-tunggu oleh anak Papua adalah saat MBG dibagikan. Gizi terpenuhi dan semangat belajar pun tumbuh. #MBG #PapuaSejahtera #PapuaNKRI https://t.co/qFeSSXBS6c,momen yang selalu ditunggu tunggu oleh anak papua adalah saat mbg dibagikan gizi terpenuhi dan semangat belajar pun tumbuh mbg papuasejahtera papuankri,in,0,0,0,0,283,0,1_root,#MBG[Latest],,positif,2,https://x.com/nataliasuebu_/status/2094072423788507406
2094062449876230602,2026-08-30 13:59:28,rahasiane_gara,rahasianegara,2,"Keduanya adalah hak mutlak yang tak bisa ditawar atau dikorbankan demi alasan apa pun. Wujudkan gizi seimbang dan pendidikan berkualitas sekarang juga, karena anak-anak kita berhak atas keduanya! ✊🔥
#jagaindonesia #fypage #mbg #pendidikan #nu https://t.co/igZIxBqOiQ",keduanya adalah hak mutlak yang tak bisa ditawar atau dikorbankan demi alasan apa pun wujudkan gizi seimbang dan pendidikan berkualitas sekarang juga karena anak anak kita berhak atas keduanya jagaindonesia fypage mbg pendidikan nu,in,0,0,0,0,7,0,1_root,#MBG[Latest],,netral,0,https://x.com/rahasiane_gara/status/2094062449876230602
2094059940453249510,2026-08-30 13:49:30,MrBulldozerGamN,MrBulldozer Gaming,138,"#Fortnite #MBG #EpicPartner #fortnitechapter7season3 #FortniteC7S3 #FortniteVictoryRoyale #C7S3 #Gaming #Xbox #FortniteRunner
👑👑 SUNFLOWER IVY CROWN Solo Victory Royale 102 (1997 Total) of Chapter 7 Season 3 #SHORTS 👑👑
https://t.co/GEAvpJERiO via @YouTube",fortnite mbg epicpartner fortnitechapter7season3 fortnitec7s3 fortnitevictoryroyale c7s3 gaming xbox fortniterunner sunflower ivy crown solo victory royale 102 1997 total of chapter 7 season 3 shorts via,en,1,0,1,0,114,0,1_root,#MBG[Latest],,netral,0,https://x.com/MrBulldozerGamN/status/2094059940453249510
2094059920836501972,2026-08-30 13:49:25,MrBulldozerGamN,MrBulldozer Gaming,138,"#Fortnite #MBG #EpicPartner #fortnitechapter7season3 #FortniteC7S3 #FortniteVictoryRoyale #C7S3 #Gaming #Xbox #FortniteRunner
👑👑 SUNFLOWER IVY CROWN Solo Victory Royale 101 (1996 Total) of Chapter 7 Season 3 #SHORTS 👑👑
https://t.co/zU9cdQdAJt via @YouTube",fortnite mbg epicpartner fortnitechapter7season3 fortnitec7s3 fortnitevictoryroyale c7s3 gaming xbox fortniterunner sunflower ivy crown solo victory royale 101 1996 total of chapter 7 season 3 shorts via,en,1,0,0,0,177,0,1_root,#MBG[Latest],,netral,0,https://x.com/MrBulldozerGamN/status/2094059920836501972
2094059895855124981,2026-08-30 13:49:19,MrBulldozerGamN,MrBulldozer Gaming,138,"#Fortnite #MBG #EpicPartner #fortnitechapter7season3 #FortniteC7S3 #FortniteVictoryRoyale #C7S3 #Gaming #Xbox #FortniteRunner
🔹🔷 CHLOROPHYLL IVY Solo Victory Royale 100 (1995 Total) of Chapter 7 Season 3 #SHORTS 🔷🔹
https://t.co/N6kDlgasn9 via @YouTube",fortnite mbg epicpartner fortnitechapter7season3 fortnitec7s3 fortnitevictoryroyale c7s3 gaming xbox fortniterunner chlorophyll ivy solo victory royale 100 1995 total of chapter 7 season 3 shorts via,en,1,0,0,0,108,0,1_root,#MBG[Latest],,netral,0,https://x.com/MrBulldozerGamN/status/2094059895855124981
2094059869573718196,2026-08-30 13:49:13,MrBulldozerGamN,MrBulldozer Gaming,138,"#Fortnite #MBG #EpicPartner #fortnitechapter7season4 #FortniteC7S4 #FortniteVictoryRoyale #C7S4 #Gaming #Xbox #FortniteOverload #sonicthehedgehog
🔷🔶 ARCTIC STEALTH PHANTOM CROWN Solo Victory Royale 05 (2061 Total) #OVERLOAD #SHORTS 🔶🔷
https://t.co/a190pPJnHV via @YouTube",fortnite mbg epicpartner fortnitechapter7season4 fortnitec7s4 fortnitevictoryroyale c7s4 gaming xbox fortniteoverload sonicthehedgehog arctic stealth phantom crown solo victory royale 05 2061 total overload shorts via,en,1,0,0,0,143,0,1_root,#MBG[Latest],,netral,0,https://x.com/MrBulldozerGamN/status/2094059869573718196
2094059851357769792,2026-08-30 13:49:08,MrBulldozerGamN,MrBulldozer Gaming,138,"#Fortnite #MBG #EpicPartner #fortnitechapter7season3 #FortniteC7S3 #FortniteVictoryRoyale #C7S3 #Gaming #Xbox #FortniteRunner 
👑👑 CHLOROPHYLL IVY Solo Victory Royale 99 (1994 Total) of Chapter 7 Season 3 #SHORTS 👑👑
https://t.co/HcsTET4Mf2 via @YouTube",fortnite mbg epicpartner fortnitechapter7season3 fortnitec7s3 fortnitevictoryroyale c7s3 gaming xbox fortniterunner chlorophyll ivy solo victory royale 99 1994 total of chapter 7 season 3 shorts via,en,0,0,0,0,28,0,1_root,#MBG[Latest],,netral,0,https://x.com/MrBulldozerGamN/status/2094059851357769792
2094059836686160190,2026-08-30 13:49:05,MrBulldozerGamN,MrBulldozer Gaming,138,"#Fortnite #MBG #EpicPartner #fortnitechapter7season3 #FortniteC7S3 #FortniteVictoryRoyale #C7S3 #Gaming #Xbox #FortniteRunner 
🔹🔷 CHLOROPHYLL IVY Solo Victory Royale 98 (1993 Total) of Chapter 7 Season 3 #SHORTS 🔷🔹
https://t.co/lMphVi6kkZ via @YouTube",fortnite mbg epicpartner fortnitechapter7season3 fortnitec7s3 fortnitevictoryroyale c7s3 gaming xbox fortniterunner chlorophyll ivy solo victory royale 98 1993 total of chapter 7 season 3 shorts via,en,0,0,0,0,22,0,1_root,#MBG[Latest],,netral,0,https://x.com/MrBulldozerGamN/status/2094059836686160190
2094059357008724118,2026-08-30 13:47:11,signal__exp,Signal Experiments,7,"angkanya dibedah, ceritanya tidak sesederhana itu. Rp15.000 di rekening, atau tetap di dapur?
#SignalExperiment #ApaKataData #MBG https://t.co/8d9g09jyCB",angkanya dibedah ceritanya tidak sesederhana itu rp15 000 di rekening atau tetap di dapur signalexperiment apakatadata mbg,in,0,0,0,0,13,0,1_root,#MBG[Latest],,netral,0,https://x.com/signal__exp/status/2094059357008724118
2094043500665000391,2026-08-30 12:44:10,gemsblond,⊹,1335,#mbg #sedap #mantap #dinner #finedining #kenyang,mbg sedap mantap dinner finedining kenyang,qht,0,0,0,0,179,0,1_root,#MBG[Latest],,positif,2,https://x.com/gemsblond/status/2094043500665000391
2094032239298580834,2026-08-30 11:59:25,keonholds,𖤐,9329,#성현 #SEONGHYEON ★ First Pitch https://t.co/7yo9FjX75f,성현 seonghyeon first pitch,en,3542,1553,16,53,50374,0,1_root,#MBG[Latest],,netral,0,https://x.com/keonholds/status/2094032239298580834
2094029852815057121,2026-08-30 11:49:56,kabarterdepanID,Kabar Terdepan,10467,"Muktamar Ke-35 NU Beri Catatan Soal MBG dan KDMP

#MBG #KDMP #MuktamarNU35 #Muktamar #Kabarterdepan

https://t.co/WyeOJQiYGo https://t.co/tn7Sw122aZ",muktamar ke 35 nu beri catatan soal mbg dan kdmp mbg kdmp muktamarnu35 muktamar kabarterdepan,in,1,2,0,0,121,0,1_root,#MBG[Latest],,netral,0,https://x.com/kabarterdepanID/status/2094029852815057121
2094008479883112687,2026-08-30 10:25:01,BudiT13083,𓏵 . ʙʀᴏᴋᴇɴ chain (⸝⸝^ ᵕ ^⸝⸝),330,"⸝⸝^ ᵕ ^⸝⸝
Mbg
Mas Bahlil guanteng 
Buah apa yg paling manis
Buahlil
Tambah ganteng aja
My little bolu ketan
✦
#Randomshit #Indo #MBG https://t.co/S9YD6CqUSZ",ᵕ mbg mas bahlil guanteng buah apa yg paling manis buahlil tambah ganteng aja my little bolu ketan randomshit indo mbg,in,9,0,1,0,226,0,1_root,#MBG[Latest],,netral,0,https://x.com/BudiT13083/status/2094008479883112687
2093991256607305748,2026-08-30 09:16:34,mikirdoeloe,mikirdoeloe,41,"MBG bangun kebiasaan baik, menambah semangat belajar, sekaligus menggerakkan pangan lokal! Dari anak yang semakin terbiasa makan sayur, lebih bersemangat datang ke sekolah, hingga hasil tangkapan nelayan lokal yang ikut terserap.
#MBG #MakanBergiziGratis #DukungMBG https://t.co/laGmcHw3VS",mbg bangun kebiasaan baik menambah semangat belajar sekaligus menggerakkan pangan lokal dari anak yang semakin terbiasa makan sayur lebih bersemangat datang ke sekolah hingga hasil tangkapan nelayan lokal yang ikut terserap mbg makanbergizigratis dukungmbg,in,0,0,0,0,9,0,1_root,#MBG[Latest],,positif,1,https://x.com/mikirdoeloe/status/2093991256607305748
2093991225535910286,2026-08-30 09:16:27,mikirdoeloe,mikirdoeloe,41,"MBG bangun kebiasaan baik, menambah semangat belajar, sekaligus menggerakkan pangan lokal! Dari anak yang semakin terbiasa makan sayur, lebih bersemangat datang ke sekolah, hingga hasil tangkapan nelayan lokal yang ikut terserap.
#MBG #MakanBergiziGratis #DukungMBG https://t.co/VbXZ4OOIhe",mbg bangun kebiasaan baik menambah semangat belajar sekaligus menggerakkan pangan lokal dari anak yang semakin terbiasa makan sayur lebih bersemangat datang ke sekolah hingga hasil tangkapan nelayan lokal yang ikut terserap mbg makanbergizigratis dukungmbg,in,0,0,0,0,10,0,1_root,#MBG[Latest],,positif,1,https://x.com/mikirdoeloe/status/2093991225535910286
2093991193873109413,2026-08-30 09:16:19,mikirdoeloe,mikirdoeloe,41,"MBG bangun kebiasaan baik, menambah semangat belajar, sekaligus menggerakkan pangan lokal! Dari anak yang semakin terbiasa makan sayur, lebih bersemangat datang ke sekolah, hingga hasil tangkapan nelayan lokal yang ikut terserap.
#MBG #MakanBergiziGratis #DukungMBG https://t.co/4MZ34tcCBS",mbg bangun kebiasaan baik menambah semangat belajar sekaligus menggerakkan pangan lokal dari anak yang semakin terbiasa makan sayur lebih bersemangat datang ke sekolah hingga hasil tangkapan nelayan lokal yang ikut terserap mbg makanbergizigratis dukungmbg,in,0,0,0,0,13,0,1_root,#MBG[Latest],,positif,1,https://x.com/mikirdoeloe/status/2093991193873109413
2093982145849205054,2026-08-30 08:40:22,hafsyahaqilla,Asyaa,86,"MBG makin selektif! 80+ sekolah elit tak lagi dapat jatah, dan dialihkan untuk anak-anak yang lebih membutuhkan. #jagaindonesia #MBG #TepatSasaran https://t.co/xQIePZvIB8",mbg makin selektif 80 sekolah elit tak lagi dapat jatah dan dialihkan untuk anak anak yang lebih membutuhkan jagaindonesia mbg tepatsasaran,in,0,0,0,0,11,0,1_root,#MBG[Latest],,netral,0,https://x.com/hafsyahaqilla/status/2093982145849205054
2093981489314545928,2026-08-30 08:37:46,MrBulldozerGamN,MrBulldozer Gaming,138,"#Fortnite #MBG #EpicPartner #fortnitechapter7season4 #FortniteC7S4 #FortniteVictoryRoyale #C7S4 #Gaming #Xbox #FortniteOverload #sonicthehedgehog

👑👑 PHANTOM CROWN Solo Victory Royale 04 (2060 Total) #OVERLOAD #SHORTS 👑👑
 https://t.co/mONFBAp72V via @YouTube",fortnite mbg epicpartner fortnitechapter7season4 fortnitec7s4 fortnitevictoryroyale c7s4 gaming xbox fortniteoverload sonicthehedgehog phantom crown solo victory royale 04 2060 total overload shorts via,en,1,0,1,0,106,0,1_root,#MBG[Latest],,netral,0,https://x.com/MrBulldozerGamN/status/2093981489314545928
2093981446159397130,2026-08-30 08:37:35,MrBulldozerGamN,MrBulldozer Gaming,138,"#Fortnite #MBG #EpicPartner #fortnitechapter7season3 #FortniteC7S3 #FortniteVictoryRoyale #C7S3 #Gaming #Xbox #FortniteRunner 

👑👑 CHLOROPHYLL IVY Solo Victory Royale 97 (1992 Total) of Chapter 7 Season 3 #SHORTS 👑👑
https://t.co/mwOvuuXVOX via @YouTube",fortnite mbg epicpartner fortnitechapter7season3 fortnitec7s3 fortnitevictoryroyale c7s3 gaming xbox fortniterunner chlorophyll ivy solo victory royale 97 1992 total of chapter 7 season 3 shorts via,en,0,0,0,0,45,0,1_root,#MBG[Latest],,netral,0,https://x.com/MrBulldozerGamN/status/2093981446159397130
2093981436323795318,2026-08-30 08:37:33,MrBulldozerGamN,MrBulldozer Gaming,138,"#Fortnite #MBG #EpicPartner #fortnitechapter7season3 #FortniteC7S3 #FortniteVictoryRoyale #C7S3 #Gaming #Xbox #FortniteRunner 

👑👑 CHLOROPHYLL IVY Solo Victory Royale 96 (1991 Total) of Chapter 7 Season 3 #SHORTS 👑👑
https://t.co/5jClK9E10L via @YouTube",fortnite mbg epicpartner fortnitechapter7season3 fortnitec7s3 fortnitevictoryroyale c7s3 gaming xbox fortniterunner chlorophyll ivy solo victory royale 96 1991 total of chapter 7 season 3 shorts via,en,0,0,0,0,34,0,1_root,#MBG[Latest],,netral,0,https://x.com/MrBulldozerGamN/status/2093981436323795318
2093981427113099498,2026-08-30 08:37:31,MrBulldozerGamN,MrBulldozer Gaming,138,"#Fortnite #MBG #EpicPartner #fortnitechapter7season3 #FortniteC7S3 #FortniteVictoryRoyale #C7S3 #Gaming #Xbox #FortniteRunner 

🔹🔷 CHLOROPHYLL IVY Solo Victory Royale 95 (1990 Total) of Chapter 7 Season 3 #SHORTS 🔷🔹
https://t.co/CZ4ZVGdyM7 via @YouTube",fortnite mbg epicpartner fortnitechapter7season3 fortnitec7s3 fortnitevictoryroyale c7s3 gaming xbox fortniterunner chlorophyll ivy solo victory royale 95 1990 total of chapter 7 season 3 shorts via,en,0,0,0,0,42,0,1_root,#MBG[Latest],,netral,0,https://x.com/MrBulldozerGamN/status/2093981427113099498
2093980412057919835,2026-08-30 08:33:29,MrBulldozerGamN,MrBulldozer Gaming,138,"#Fortnite #MBG #EpicPartner #fortnitechapter7season4 #FortniteC7S4 #FortniteVictoryRoyale #C7S4 #Gaming #Xbox #FortniteOverload #sonicthehedgehogㅤㅤㅤ 
🔷🔶 FNC SKULL RAIDER COSMIC LEGACY Solo Victory Royale 03 (2059 Total) #OVERLOAD #SHORTS 🔶🔷
https://t.co/5pz56eDwj2 via @YouTube",fortnite mbg epicpartner fortnitechapter7season4 fortnitec7s4 fortnitevictoryroyale c7s4 gaming xbox fortniteoverload sonicthehedgehogㅤㅤㅤ fnc skull raider cosmic legacy solo victory royale 03 2059 total overload shorts via,en,0,0,0,0,35,0,1_root,#MBG[Latest],,netral,0,https://x.com/MrBulldozerGamN/status/2093980412057919835
2093980396677419472,2026-08-30 08:33:25,MrBulldozerGamN,MrBulldozer Gaming,138,"#Fortnite #MBG #EpicPartner #fortnitechapter7season3 #FortniteC7S3 #FortniteVictoryRoyale #C7S3 #Gaming #Xbox #FortniteRunner 
🔹🔷 CHLOROPHYLL IVY Solo Victory Royale 93 (1988 Total) of Chapter 7 Season 3 #SHORTS 🔷🔹
https://t.co/8QM7eVOhfU via @YouTube",fortnite mbg epicpartner fortnitechapter7season3 fortnitec7s3 fortnitevictoryroyale c7s3 gaming xbox fortniterunner chlorophyll ivy solo victory royale 93 1988 total of chapter 7 season 3 shorts via,en,0,0,0,0,31,0,1_root,#MBG[Latest],,netral,0,https://x.com/MrBulldozerGamN/status/2093980396677419472
2093978955812323422,2026-08-30 08:27:41,MrBulldozerGamN,MrBulldozer Gaming,138,"#Fortnite #MBG #EpicPartner #fortnitechapter7season3 #FortniteC7S3 #FortniteVictoryRoyale #C7S3 #Gaming #Xbox #FortniteRunner 
🔹🔷 CATWOMAN ZERO Solo Victory Royale 92 (1987 Total) of Chapter 7 Season 3 #SHORTS 🔷🔹
https://t.co/zjJm4DxZAy via @YouTube",fortnite mbg epicpartner fortnitechapter7season3 fortnitec7s3 fortnitevictoryroyale c7s3 gaming xbox fortniterunner catwoman zero solo victory royale 92 1987 total of chapter 7 season 3 shorts via,en,0,0,0,0,63,0,1_root,#MBG[Latest],,netral,0,https://x.com/MrBulldozerGamN/status/2093978955812323422
2093978912556560397,2026-08-30 08:27:31,MrBulldozerGamN,MrBulldozer Gaming,138,"#Fortnite #MBG #EpicPartner #fortnitechapter7season3 #FortniteC7S3 #FortniteVictoryRoyale #C7S3 #Gaming #Xbox #FortniteRunner 
👑👑 THE DARK KNIGHT MOVIE OUTFIT CROWN Solo Victory Royale 90 (1985 Total) of C7S3 #SHORTS 👑👑
https://t.co/0Nse8fHH75 via @YouTube",fortnite mbg epicpartner fortnitechapter7season3 fortnitec7s3 fortnitevictoryroyale c7s3 gaming xbox fortniterunner the dark knight movie outfit crown solo victory royale 90 1985 total of c7s3 shorts via,en,0,0,0,0,52,0,1_root,#MBG[Latest],,netral,0,https://x.com/MrBulldozerGamN/status/2093978912556560397
2093978150208238004,2026-08-30 08:24:29,MrBulldozerGamN,MrBulldozer Gaming,138,"#Fortnite #MBG #EpicPartner #fortnitechapter7season3 #FortniteC7S3 #FortniteVictoryRoyale #C7S3 #Gaming #Xbox #FortniteRunner 
🔹🔷 THE DARK KNIGHT MOVIE OUTFIT Solo Victory Royale 89 (1984 Total) of Chapter 7 Season 3 #SHORTS 🔷🔹
https://t.co/JTt4jGU9Sj via @YouTube",fortnite mbg epicpartner fortnitechapter7season3 fortnitec7s3 fortnitevictoryroyale c7s3 gaming xbox fortniterunner the dark knight movie outfit solo victory royale 89 1984 total of chapter 7 season 3 shorts via,en,0,0,0,0,55,0,1_root,#MBG[Latest],,netral,0,https://x.com/MrBulldozerGamN/status/2093978150208238004
2093977825518977085,2026-08-30 08:23:12,Faridaiu,Farida,15,"Keren nih, BGN mau buka dapur SPPG baru tanpa nambah anggaran 🍱 Jangkauannya dibikin makin luas ke wilayah 3T sampai pesantren.
Semoga pelaksanaannya tetep efektif, tepat sasaran &amp; gizi anak-anak tetep terjaga ya✊

#jagaindonesia #MakanBergiziGratis #MBG #BGN #GenerasiEmas2045 https://t.co/cT6fHpT1oJ",keren nih bgn mau buka dapur sppg baru tanpa nambah anggaran jangkauannya dibikin makin luas ke wilayah 3t sampai pesantren semoga pelaksanaannya tetep efektif tepat sasaran amp gizi anak anak tetep terjaga ya jagaindonesia makanbergizigratis mbg bgn generasiemas2045,in,0,0,0,0,23,0,1_root,#MBG[Latest],,positif,3,https://x.com/Faridaiu/status/2093977825518977085
2093977699240796515,2026-08-30 08:22:42,MrBulldozerGamN,MrBulldozer Gaming,138,"#Fortnite #MBG #EpicPartner #fortnitechapter7season4 #FortniteC7S4 #FortniteVictoryRoyale #C7S4 #Gaming #Xbox #FortniteOverload #sonicthehedgehog
👑👑 GRACE CLOWNE CROWN Solo Victory Royale 02 (2058 Total) #OVERLOAD #SHORTS 👑👑
https://t.co/Z67LzVexin via @YouTube",fortnite mbg epicpartner fortnitechapter7season4 fortnitec7s4 fortnitevictoryroyale c7s4 gaming xbox fortniteoverload sonicthehedgehog grace clowne crown solo victory royale 02 2058 total overload shorts via,en,0,0,0,0,92,0,1_root,#MBG[Latest],,netral,0,https://x.com/MrBulldozerGamN/status/2093977699240796515
2093977280393675032,2026-08-30 08:21:02,Fatimahbnda,Bnd Ftimh,53,"Pemerintah libatkan pengawasan internal untuk memperkuat akuntabilitas MBG.  Dengan pengawasan dan evaluasi rutin, program diharapkan berjalan transparan, tepat sasaran, dan semakin optimal.

#jagaIndonesia #MBG #MakanBergiziGratis #Akuntabilitas #IndonesiaMaju https://t.co/ZycTX4U4ay",pemerintah libatkan pengawasan internal untuk memperkuat akuntabilitas mbg dengan pengawasan dan evaluasi rutin program diharapkan berjalan transparan tepat sasaran dan semakin optimal jagaindonesia mbg makanbergizigratis akuntabilitas indonesiamaju,in,0,0,0,0,5,0,1_root,#MBG[Latest],,positif,2,https://x.com/Fatimahbnda/status/2093977280393675032
2093974459564908995,2026-08-30 08:09:49,alinearepublik,kabaridn,25,"Anggaran tetap, tapi dapur SPPG bertambah 🍱 BGN gerak cepat perluas program MBG ke daerah 3T &amp; pesantren tanpa nambah budget 👏
Harapannya kualitas &amp; tepat sasaran tetep terjaga👍

#jagaindonesia #MakanBergiziGratis #MBG #BGN #GenerasiEmas2045 https://t.co/gBUDztV46r",anggaran tetap tapi dapur sppg bertambah bgn gerak cepat perluas program mbg ke daerah 3t amp pesantren tanpa nambah budget harapannya kualitas amp tepat sasaran tetep terjaga jagaindonesia makanbergizigratis mbg bgn generasiemas2045,in,0,0,0,0,10,0,1_root,#MBG[Latest],,positif,2,https://x.com/alinearepublik/status/2093974459564908995
2093972539735429172,2026-08-30 08:02:12,wargerry_,Gerry Warsito,91,"Biar porsi makan bergizi tetap aman &amp; berkualitas setiap hari, SOP di dapur harus selalu diperkuat dan dijalankan dengan tertib! Semangat jaga mutu!
#jagaindonesia #makangratisindonesia #MBG #makanbergizigratis #giziindonesia https://t.co/A4h0oGevNZ",biar porsi makan bergizi tetap aman amp berkualitas setiap hari sop di dapur harus selalu diperkuat dan dijalankan dengan tertib semangat jaga mutu jagaindonesia makangratisindonesia mbg makanbergizigratis giziindonesia,in,0,0,0,0,15,0,1_root,#MBG[Latest],,positif,2,https://x.com/wargerry_/status/2093972539735429172
2093933194781581657,2026-08-30 05:25:51,Agreesfita,Agrees Fita,9,"Cerita Manfaat dari Masyarakat: kebutuhan gizi anak menjadi perhatian penting dalam pelaksanaan MBG. Semoga kualitas menu, kebersihan, distribusi, dan pengawasan terus ditingkatkan agar program berjalan semakin baik.

#MBG #GiziIndonesia #AnakSehat https://t.co/enLKZDBCNi",cerita manfaat dari masyarakat kebutuhan gizi anak menjadi perhatian penting dalam pelaksanaan mbg semoga kualitas menu kebersihan distribusi dan pengawasan terus ditingkatkan agar program berjalan semakin baik mbg giziindonesia anaksehat,in,0,0,0,0,11,0,1_root,#MBG[Latest],,positif,1,https://x.com/Agreesfita/status/2093933194781581657
2093933116100575448,2026-08-30 05:25:32,Agreesfita,Agrees Fita,9,"Harapan dan Dukungan Warga: masyarakat berharap pelaksanaan MBG semakin transparan, aman, dan berkualitas. Setiap kendala bisa jadi bahan evaluasi supaya program ke depan semakin efektif dan sesuai kebutuhan penerima manfaat.

#MBG #SuaraWarga #IndonesiaSehat https://t.co/gxprVBNCcG",harapan dan dukungan warga masyarakat berharap pelaksanaan mbg semakin transparan aman dan berkualitas setiap kendala bisa jadi bahan evaluasi supaya program ke depan semakin efektif dan sesuai kebutuhan penerima manfaat mbg suarawarga indonesiasehat,in,0,0,0,0,11,0,1_root,#MBG[Latest],,positif,3,https://x.com/Agreesfita/status/2093933116100575448
2093932969941684640,2026-08-30 05:24:58,Agreesfita,Agrees Fita,9,"Langkah Nyata untuk Kesejahteraan: program MBG perlu terus diperbaiki berdasarkan kondisi di lapangan. Dengan pengawasan yang kuat dan evaluasi rutin, manfaat program diharapkan semakin tepat sasaran dan dirasakan masyarakat.

#MBG #Kesejahteraan #GenerasiSehat https://t.co/EQhuzPnbAG",langkah nyata untuk kesejahteraan program mbg perlu terus diperbaiki berdasarkan kondisi di lapangan dengan pengawasan yang kuat dan evaluasi rutin manfaat program diharapkan semakin tepat sasaran dan dirasakan masyarakat mbg kesejahteraan generasisehat,in,0,0,0,0,11,0,1_root,#MBG[Latest],,positif,1,https://x.com/Agreesfita/status/2093932969941684640
2093932850458603578,2026-08-30 05:24:29,Agreesfita,Agrees Fita,9,"Cerita Manfaat dari Masyarakat: MBG menjadi bagian dari upaya pemenuhan gizi anak. Harapannya, pelaksanaan terus dievaluasi agar kualitas makanan, distribusi, dan keamanan semakin baik serta manfaatnya makin merata.

#MBG #GiziAnak #Indonesia https://t.co/mVjvMqGyxh",cerita manfaat dari masyarakat mbg menjadi bagian dari upaya pemenuhan gizi anak harapannya pelaksanaan terus dievaluasi agar kualitas makanan distribusi dan keamanan semakin baik serta manfaatnya makin merata mbg gizianak indonesia,in,1,0,3,0,20,0,1_root,#MBG[Latest],,positif,2,https://x.com/Agreesfita/status/2093932850458603578
2093926690196246861,2026-08-30 05:00:00,felycyaan,felyyy,52,"BGN mengecualikan 80+ sekolah swasta elite dari program MBG agar alokasi bantuan lebih tepat sasaran. Anggaran difokuskan untuk siswa yang benar-benar membutuhkan.
​#jagaindonesia #BadanGiziNasional #MBG #MakanBergiziGratis #TepatSasaran https://t.co/1vWGRQFUHn",bgn mengecualikan 80 sekolah swasta elite dari program mbg agar alokasi bantuan lebih tepat sasaran anggaran difokuskan untuk siswa yang benar benar membutuhkan jagaindonesia badangizinasional mbg makanbergizigratis tepatsasaran,in,0,0,0,0,17,0,1_root,#MBG[Latest],,positif,1,https://x.com/felycyaan/status/2093926690196246861
2093899438318104879,2026-08-30 03:11:43,ProboJoyo,Probo Joyo,8,BGN menjamin kualitas dan keamanan pangan dalam program MBG. #MBG #MakanBergiziGratis #Ekonomi https://t.co/18f42Lhjdr,bgn menjamin kualitas dan keamanan pangan dalam program mbg mbg makanbergizigratis ekonomi,in,1,0,0,0,23,0,1_root,#MBG[Latest],,netral,0,https://x.com/ProboJoyo/status/2093899438318104879
2093899307091140836,2026-08-30 03:11:12,ProboJoyo,Probo Joyo,8,BGN menjamin kualitas dan keamanan pangan dalam program MBG. #MBG #MakanBergiziGratis #Ekonomi https://t.co/3jajTjGIoj,bgn menjamin kualitas dan keamanan pangan dalam program mbg mbg makanbergizigratis ekonomi,in,1,0,1,0,30,0,1_root,#MBG[Latest],,netral,0,https://x.com/ProboJoyo/status/2093899307091140836
2093871940993974611,2026-08-30 01:22:27,anekambgjrbc,anekambg,52,@Koramil03seren1 Menu MBG kini diarahkan lebih sehat terukur gizinya dan berbasis frekuensi food. #mbg #makanbergizi #nawacita https://t.co/qGC4gGIVFX,menu mbg kini diarahkan lebih sehat terukur gizinya dan berbasis frekuensi food mbg makanbergizi nawacita,in,0,0,0,0,6,0,1_root,#MBG[Latest],,positif,1,https://x.com/anekambgjrbc/status/2093871940993974611
2093871913546445028,2026-08-30 01:22:21,anekambgjrbc,anekambg,52,"@Koramil03seren1 Program MBG untuk generasi sehat Indonesia kuat, dukung MBG untuk masa depan bangsa. #mbg #makanbergizi #nawacita https://t.co/7B3sHPQpA8",program mbg untuk generasi sehat indonesia kuat dukung mbg untuk masa depan bangsa mbg makanbergizi nawacita,in,0,0,0,0,8,0,1_root,#MBG[Latest],,positif,2,https://x.com/anekambgjrbc/status/2093871913546445028
2093871880692437245,2026-08-30 01:22:13,anekambgjrbc,anekambg,52,@Koramil03seren1 MBG atasi stunting gerakan ekonomi daerah. #mbg #makanbergizi #nawacita https://t.co/QUM8T9kIDX,mbg atasi stunting gerakan ekonomi daerah mbg makanbergizi nawacita,in,0,0,0,0,9,0,1_root,#MBG[Latest],,netral,0,https://x.com/anekambgjrbc/status/2093871880692437245
2093871812245610498,2026-08-30 01:21:56,anekambgjrbc,anekambg,52,"@Koramil03seren1 Program MBG untuk generasi emas Indonesia.
#mbg #makanbergizi #nawacita https://t.co/46giREBqRv",program mbg untuk generasi emas indonesia mbg makanbergizi nawacita,in,1,0,3,0,8,0,1_root,#MBG[Latest],,netral,0,https://x.com/anekambgjrbc/status/2093871812245610498
2093867544029593989,2026-08-30 01:04:59,dewi1522415,dewi,9,"BGN pastikan aktivasi dapur MBG diperluas ke wilayah 3T tanpa penambahan anggaran 2026. Apakah daerah kalian sudah merasakan dampaknya?
#jagaindonesia #MBG #BGN #MakanBergiziGratis #BeritaTerkini https://t.co/nlb2jVH9L5",bgn pastikan aktivasi dapur mbg diperluas ke wilayah 3t tanpa penambahan anggaran 2026 apakah daerah kalian sudah merasakan dampaknya jagaindonesia mbg bgn makanbergizigratis beritaterkini,in,0,0,0,0,26,0,1_root,#MBG[Latest],,netral,0,https://x.com/dewi1522415/status/2093867544029593989
2093867230669000829,2026-08-30 01:03:44,black_k00k33,ꦏꦺꦴꦏꦺ,470,"setuju
tapi ntar nggak bisa dikorupsi dong?
#mbg https://t.co/g7yCv82jvx",setuju tapi ntar nggak bisa dikorupsi dong mbg,in,0,0,0,0,12,0,1_root,#MBG[Latest],,netral,0,https://x.com/black_k00k33/status/2093867230669000829
2093843029006442710,2026-08-29 23:27:34,165Hati,🄳🄴🄽 🄱🄰🄶🄾🄴🅂🇮🇩🇵🇸,3951,"Meski disorot karena isu kasus keracunan puluhan ribu anak, BGN tetap jadi instansi dengan anggaran terbesar Rp240T di 2027, di mana 97%-nya diserap untuk program MBG! 📉💸 #BGN #MBG https://t.co/cTHlc7iAHE",meski disorot karena isu kasus keracunan puluhan ribu anak bgn tetap jadi instansi dengan anggaran terbesar rp240t di 2027 di mana 97 nya diserap untuk program mbg bgn mbg,in,12,9,3,1,376,0,1_root,#MBG[Latest],,negatif,-1,https://x.com/165Hati/status/2093843029006442710
2093835940133507568,2026-08-29 22:59:24,alfin,alfin b,234,What Japanese Schools Feed Their Students: Compare to Indonesia’s #MBG https://t.co/hQoiJRMa3G,what japanese schools feed their students compare to indonesia s mbg,en,0,0,0,0,21,0,1_root,#MBG[Latest],,netral,0,https://x.com/alfin/status/2093835940133507568
2093744968989016527,2026-08-29 16:57:55,NusaPedia8,Nusa Pedia,4,"Mendahulukan Yang Kelaparan 🤝

Bukan pilih kasih, tapi prioritas! Ibarat bagi selimut, yang bawa jaket tebal ngalah buat yang kedinginan. Gizi anak prasejahtera kini lebih terjamin.

Spill pendapatmu di kolom komentar! More👉🏻 https://t.co/CIuaEzwpBZ

#JagaIndonesia #MBG #BGN https://t.co/b7QLJkTxY6",mendahulukan yang kelaparan bukan pilih kasih tapi prioritas ibarat bagi selimut yang bawa jaket tebal ngalah buat yang kedinginan gizi anak prasejahtera kini lebih terjamin spill pendapatmu di kolom komentar more jagaindonesia mbg bgn,in,0,0,0,0,16,0,1_root,#MBG[Latest],,positif,1,https://x.com/NusaPedia8/status/2093744968989016527
2093744865800806596,2026-08-29 16:57:30,PovNtizenPinter,Pov Netizen Pinter,4,"Evaluasi Matang Badan Gizi 🌾

BGN &amp; komite sekolah swasta elite berkoordinasi bijak. Jatah MBG digeser ke sekolah yang keluarganya kesulitan ekonomi. Uang negara jadi efektif!

Apresiasi kebesaran hati sekolah mandiri! More👉🏻 https://t.co/IdvBpLB6qh

#JagaIndonesia #MBG #BGN https://t.co/A5cTlXLgRD",evaluasi matang badan gizi bgn amp komite sekolah swasta elite berkoordinasi bijak jatah mbg digeser ke sekolah yang keluarganya kesulitan ekonomi uang negara jadi efektif apresiasi kebesaran hati sekolah mandiri more jagaindonesia mbg bgn,in,0,0,0,0,14,0,1_root,#MBG[Latest],,positif,2,https://x.com/PovNtizenPinter/status/2093744865800806596
2093733348308918397,2026-08-29 16:11:44,GeeWill99234155,FarealDoe,1063,"Veggies deserve a #RT 

#MBG #Homecooking https://t.co/6SBuRduRQJ",veggies deserve a rt mbg homecooking,en,2,0,0,0,25,0,1_root,#MBG[Latest],,netral,0,https://x.com/GeeWill99234155/status/2093733348308918397
2093731457068081420,2026-08-29 16:04:13,MAYOIGA4,マヨイガ,461,音楽イベント、＃MBG　music で、久々に玖遠さんと組んでバックダンサー。まいてゃさんの新曲発表という「天の時」、アキラックスさんワールド　＃VR妖精郷　という「地の利」、信頼できる演者とギャラリーの「人の和」がそろって、気持ちのよい夜を過ごしました😊 https://t.co/UXPbY1TAgh,音楽イベント mbg music で 久々に玖遠さんと組んでバックダンサー まいてゃさんの新曲発表という 天の時 アキラックスさんワールド vr妖精郷 という 地の利 信頼できる演者とギャラリーの 人の和 がそろって 気持ちのよい夜を過ごしました,ja,13,2,1,0,269,0,1_root,#MBG[Latest],,netral,0,https://x.com/MAYOIGA4/status/2093731457068081420
2093706423977005140,2026-08-29 14:24:45,BVertonghen,Bagus V,34,#mbg https://t.co/QSSiM9kXyT,mbg,qme,0,1,0,0,10,0,1_root,#MBG[Latest],,netral,0,https://x.com/BVertonghen/status/2093706423977005140
2093663013735964846,2026-08-29 11:32:15,fransalchemist,Frans Agung,99,Hey check this out https://t.co/4w2zBSgDXa  #IndonesiaBerdaulatAdildanMakmur #MBG #Prabowo #Refleksi #Filsafat,hey check this out indonesiaberdaulatadildanmakmur mbg prabowo refleksi filsafat,en,0,0,0,0,20,0,1_root,#MBG[Latest],,netral,0,https://x.com/fransalchemist/status/2093663013735964846
2093628432529985839,2026-08-29 09:14:50,dms_ambon,"DMS 102,7 FM Ambon",19214,"Dapur MBG NU Bagikan 12.000 Porsi Gratis Saat Muktamar

#Dapur #MBG #NU #Gratis #Muktamar #Jombang #Berita #Info

https://t.co/a5jNsdaZVB",dapur mbg nu bagikan 12 000 porsi gratis saat muktamar dapur mbg nu gratis muktamar jombang berita info,in,1,2,0,0,214,0,1_root,#MBG[Latest],,positif,2,https://x.com/dms_ambon/status/2093628432529985839
2093627219235197150,2026-08-29 09:10:01,kompascom,Kompas.com,8035970,"Baca selengkapnya: https://t.co/4GrZN0UZS3

Sidang pleno Muktamar ke-35 NU merekomendasikan pemerintah mematuhi putusan MK yang melarang anggaran pendidikan untuk program MBG mulai 2027. NU meminta putusan MK tersebut dijalankan tanpa menunggu hingga 2028.

~MS #MuktamarNU #MBG https://t.co/8SnNpmaK7W",baca selengkapnya sidang pleno muktamar ke 35 nu merekomendasikan pemerintah mematuhi putusan mk yang melarang anggaran pendidikan untuk program mbg mulai 2027 nu meminta putusan mk tersebut dijalankan tanpa menunggu hingga 2028 ms muktamarnu mbg,in,33,16,0,1,4593,0,1_root,#MBG[Latest],,netral,0,https://x.com/kompascom/status/2093627219235197150
2093620202084974613,2026-08-29 08:42:08,mikirdoeloe,mikirdoeloe,41,"Dari anak yang mulai terbiasa makan ikan, kebutuhan pangan bergizi seperti susu yang semakin terbuka, hingga energi untuk aktif belajar dan berolahraga, MBG diharapkan menghadirkan manfaat yang semakin luas.
#MBG #MakanBergiziGratis #DukungMBG #GiziUntukNegeri #GiziAnak https://t.co/hPV9RhB3g8",dari anak yang mulai terbiasa makan ikan kebutuhan pangan bergizi seperti susu yang semakin terbuka hingga energi untuk aktif belajar dan berolahraga mbg diharapkan menghadirkan manfaat yang semakin luas mbg makanbergizigratis dukungmbg giziuntuknegeri gizianak,in,0,0,0,0,25,0,1_root,#MBG[Latest],,positif,1,https://x.com/mikirdoeloe/status/2093620202084974613
2093620156211872005,2026-08-29 08:41:57,mikirdoeloe,mikirdoeloe,41,"Dari anak yang mulai terbiasa makan ikan, kebutuhan pangan bergizi seperti susu yang semakin terbuka, hingga energi untuk aktif belajar dan berolahraga, MBG diharapkan menghadirkan manfaat yang semakin luas.
#MBG #MakanBergiziGratis #DukungMBG #GiziUntukNegeri #GiziAnak https://t.co/sxQ38SRjSy",dari anak yang mulai terbiasa makan ikan kebutuhan pangan bergizi seperti susu yang semakin terbuka hingga energi untuk aktif belajar dan berolahraga mbg diharapkan menghadirkan manfaat yang semakin luas mbg makanbergizigratis dukungmbg giziuntuknegeri gizianak,in,0,0,0,0,21,0,1_root,#MBG[Latest],,positif,1,https://x.com/mikirdoeloe/status/2093620156211872005
2093620120568684571,2026-08-29 08:41:48,mikirdoeloe,mikirdoeloe,41,"Dari anak yang mulai terbiasa makan ikan, kebutuhan pangan bergizi seperti susu yang semakin terbuka, hingga energi untuk aktif belajar dan berolahraga, MBG diharapkan menghadirkan manfaat yang semakin luas.
#MBG #MakanBergiziGratis #DukungMBG #GiziUntukNegeri #GiziAnak https://t.co/pTxv5ojD0u",dari anak yang mulai terbiasa makan ikan kebutuhan pangan bergizi seperti susu yang semakin terbuka hingga energi untuk aktif belajar dan berolahraga mbg diharapkan menghadirkan manfaat yang semakin luas mbg makanbergizigratis dukungmbg giziuntuknegeri gizianak,in,0,0,0,0,20,0,1_root,#MBG[Latest],,positif,1,https://x.com/mikirdoeloe/status/2093620120568684571
2093620029803962687,2026-08-29 08:41:27,mikirdoeloe,mikirdoeloe,41,"Dari anak yang mulai terbiasa makan ikan, kebutuhan pangan bergizi seperti susu yang semakin terbuka, hingga energi untuk aktif belajar dan berolahraga, MBG diharapkan menghadirkan manfaat yang semakin luas.
#MBG #MakanBergiziGratis #DukungMBG #GiziUntukNegeri #GiziAnak https://t.co/epHi5qUNIh",dari anak yang mulai terbiasa makan ikan kebutuhan pangan bergizi seperti susu yang semakin terbuka hingga energi untuk aktif belajar dan berolahraga mbg diharapkan menghadirkan manfaat yang semakin luas mbg makanbergizigratis dukungmbg giziuntuknegeri gizianak,in,0,0,0,0,26,0,1_root,#MBG[Latest],,positif,1,https://x.com/mikirdoeloe/status/2093620029803962687
2093614570871115824,2026-08-29 08:19:45,hafsyahaqilla,Asyaa,86,Wajar ada evaluasi! Pemerintah tak tutupi masalah dapur MBG di daerah. Pelaksanaan kurang baik langsung ditegur dan diperbaiki demi rakyat. #jagaindonesia #MBG #Prabowo https://t.co/BQL2HzaPd8,wajar ada evaluasi pemerintah tak tutupi masalah dapur mbg di daerah pelaksanaan kurang baik langsung ditegur dan diperbaiki demi rakyat jagaindonesia mbg prabowo,in,0,0,0,0,27,0,1_root,#MBG[Latest],,negatif,-1,https://x.com/hafsyahaqilla/status/2093614570871115824
2093609271854506177,2026-08-29 07:58:42,alinearepublik,kabaridn,25,"Bukan cuma nutrisi anak yang keisi, program MBG di Nagekeo NTT ternyata punya plot twist keren: bikin angka KDRT berkurang. Menurut Bupati, pemberdayaan ekonomi lewat MBG bikin finansial keluarga lebih stabil.

#jagaindonesia #MBG #GiziAnak #EkonomiLokal #NTT https://t.co/osRrwlEbDd",bukan cuma nutrisi anak yang keisi program mbg di nagekeo ntt ternyata punya plot twist keren bikin angka kdrt berkurang menurut bupati pemberdayaan ekonomi lewat mbg bikin finansial keluarga lebih stabil jagaindonesia mbg gizianak ekonomilokal ntt,in,0,0,0,0,27,0,1_root,#MBG[Latest],,positif,2,https://x.com/alinearepublik/status/2093609271854506177
2093592908406403418,2026-08-29 06:53:41,albert0386,Tambusai_Lord,192,"@netizenledger Si bangsat bangsat sampah murah anjing bayaran ini, bukan jaga jakarta, tapi jaga oligarkhi #mbg probowo kontol",si bangsat bangsat sampah murah anjing bayaran ini bukan jaga jakarta tapi jaga oligarkhi mbg probowo kontol,in,0,0,0,0,16,0,1_root,#MBG[Latest],,netral,0,https://x.com/albert0386/status/2093592908406403418
2093584649692061827,2026-08-29 06:20:52,aerlautty,æs,4684,@paperringed wii goodboy #mbg is now,wii goodboy mbg is now,en,0,0,0,0,50,0,1_root,#MBG[Latest],,netral,0,https://x.com/aerlautty/status/2093584649692061827
2093581189282156849,2026-08-29 06:07:07,alinearepublik,kabaridn,25,"Keren juga ya, program Makan Bergizi Gratis (MBG) di Nagekeo NTT ternyata nggak cuma perbaiki gizi anak, tapi juga bantu tekan angka KDRT. Makanan sehat emang bisa bawa dampak sepositif itu buat keluarga. 🤝

#jagaindonesia #MBG #NTT #GiziSehat #KeluargaHarmonis https://t.co/v2UxFAnQ4z",keren juga ya program makan bergizi gratis mbg di nagekeo ntt ternyata nggak cuma perbaiki gizi anak tapi juga bantu tekan angka kdrt makanan sehat emang bisa bawa dampak sepositif itu buat keluarga jagaindonesia mbg ntt gizisehat keluargaharmonis,in,0,0,0,0,36,0,1_root,#MBG[Latest],,positif,4,https://x.com/alinearepublik/status/2093581189282156849
2093576059950362660,2026-08-29 05:46:44,dppPRI,DPP PARTAI RAKYAT INDONESIA,153,"Kebahagiaan sederhana itu ketika menu MBG selalu bikin mereka senyum lebar dan lahap makannya. Senang banget bisa jadi bagian dari keceriaan mereka hari ini 🥰 Warmth in every meal!
#PartaiRakyatIndonesia
#Prabowo
#MBG https://t.co/OEJCqflMQo",kebahagiaan sederhana itu ketika menu mbg selalu bikin mereka senyum lebar dan lahap makannya senang banget bisa jadi bagian dari keceriaan mereka hari ini warmth in every meal partairakyatindonesia prabowo mbg,in,4,1,1,0,1559,0,1_root,#MBG[Latest],,positif,1,https://x.com/dppPRI/status/2093576059950362660
2093569872957698291,2026-08-29 05:22:09,nnzkhaer,nana,93,"Kok bisa MBG dikaitkan dengan penurunan KDRT di Nagekeo? Program yang membantu memenuhi kebutuhan pangan keluarga disebut dapat meringankan sebagian beban rumah tangga, meski faktor penyebab KDRT tentu jauh lebih kompleks.
#MBG #Nagekeo #KDRT #Keluarga #jagaindonesia https://t.co/fuBgGQ2C5v",kok bisa mbg dikaitkan dengan penurunan kdrt di nagekeo program yang membantu memenuhi kebutuhan pangan keluarga disebut dapat meringankan sebagian beban rumah tangga meski faktor penyebab kdrt tentu jauh lebih kompleks mbg nagekeo kdrt keluarga jagaindonesia,in,0,0,0,0,13,0,1_root,#MBG[Latest],,positif,1,https://x.com/nnzkhaer/status/2093569872957698291
2093562603364856033,2026-08-29 04:53:15,officialbitv,bitvofficial,63,"Heboh Benda Mirip Peluru dalam Menu MBG, Operasional SPPG Sindangsari Dihentikan
https://t.co/8vbxHUJiAl
#MBG #MakanBergiziGratis #MBGLampungUtara #LampungUtara #PeluruDalamMakanan #PeluruSenapanAngin #MakananMBG #ProgramMBG #MakanBergiziGratis2026 #bitvonline #malming",heboh benda mirip peluru dalam menu mbg operasional sppg sindangsari dihentikan mbg makanbergizigratis mbglampungutara lampungutara pelurudalammakanan pelurusenapanangin makananmbg programmbg makanbergizigratis2026 bitvonline malming,in,0,0,0,0,20,0,1_root,#MBG[Latest],,netral,0,https://x.com/officialbitv/status/2093562603364856033
2093561070552326375,2026-08-29 04:47:10,ProboJoyo,Probo Joyo,8,Program MBG investasi untuk masa depan Indonesia. #MakanBergiziGratis #MBG https://t.co/2SNeC1nPXo,program mbg investasi untuk masa depan indonesia makanbergizigratis mbg,in,1,0,0,0,52,0,1_root,#MBG[Latest],,netral,0,https://x.com/ProboJoyo/status/2093561070552326375
2093560938263626003,2026-08-29 04:46:38,ProboJoyo,Probo Joyo,8,Program MBG investasi untuk masa depan Indonesia. #MakanBergiziGratis #MBG https://t.co/N9QjUF35ie,program mbg investasi untuk masa depan indonesia makanbergizigratis mbg,in,1,0,1,0,54,0,1_root,#MBG[Latest],,netral,0,https://x.com/ProboJoyo/status/2093560938263626003
2093560801974243624,2026-08-29 04:46:06,lmillerthriller,luke miller,3,"Masyarakat Kecamatan Taliwang, Kabupaten Sumbawa Barat, menyatakan dukungan terhadap Program Makan Bergizi Gratis (MBG) yang dinilai memberikan manfaat bagi peningkatan gizi anak  #MakanBergiziGratis #MBG #Taliwang #SumbawaBarat #DukungMBG #GiziAnak #KesehatanAnak https://t.co/WVDdN7xdAh",masyarakat kecamatan taliwang kabupaten sumbawa barat menyatakan dukungan terhadap program makan bergizi gratis mbg yang dinilai memberikan manfaat bagi peningkatan gizi anak makanbergizigratis mbg taliwang sumbawabarat dukungmbg gizianak kesehatananak,in,0,0,0,0,28,0,1_root,#MBG[Latest],,positif,2,https://x.com/lmillerthriller/status/2093560801974243624
2093560797100458024,2026-08-29 04:46:05,lmillerthriller,luke miller,3,"Pegawai SPPG Jereweh, Kabupaten Sumbawa Barat, menunjukkan kesiapan dalam mendukung pelaksanaan Program Makan Bergizi Gratis (MBG) melalui pengolahan dan penyediaan menu bergizi, penerapan protokol kesehatan, serta kerja tim yang terkoordinasi.   #MakanBergiziGratis #MBG #SPPG https://t.co/WMKviMMbyn",pegawai sppg jereweh kabupaten sumbawa barat menunjukkan kesiapan dalam mendukung pelaksanaan program makan bergizi gratis mbg melalui pengolahan dan penyediaan menu bergizi penerapan protokol kesehatan serta kerja tim yang terkoordinasi makanbergizigratis mbg sppg,in,0,0,1,0,47,0,1_root,#MBG[Latest],,positif,4,https://x.com/lmillerthriller/status/2093560797100458024
2093552975100674095,2026-08-29 04:15:00,NasionalBerita_,Berita Nasional TV,192,"Patuhi Putusan MK, Purbaya Buka Opsi Realokasi Anggaran MBG

https://t.co/PB2Z9pnEpS

#beritanasional #ekonomi #mbg #beritaterkini https://t.co/5rH0DtSepI",patuhi putusan mk purbaya buka opsi realokasi anggaran mbg beritanasional ekonomi mbg beritaterkini,in,0,0,0,0,23,0,1_root,#MBG[Latest],,netral,0,https://x.com/NasionalBerita_/status/2093552975100674095
2093550333016543634,2026-08-29 04:04:30,nalaadelia9,Nala Adelia,77,"62 juta orang sudah merasakan manfaat MBG. Program ini terus diperluas agar semakin banyak masyarakat mendapat manfaat. Semoga pelaksanaannya makin baik dan tepat sasaran.

#jagaIndonesia #MBG #MakanBergiziGratis #IndonesiaMaju https://t.co/j2acGZLwY7",62 juta orang sudah merasakan manfaat mbg program ini terus diperluas agar semakin banyak masyarakat mendapat manfaat semoga pelaksanaannya makin baik dan tepat sasaran jagaindonesia mbg makanbergizigratis indonesiamaju,in,0,0,0,0,22,0,1_root,#MBG[Latest],,positif,2,https://x.com/nalaadelia9/status/2093550333016543634
2093548348544618865,2026-08-29 03:56:37,hariyanfebrii,hariyanfebri,24,"62+ juta orang udah ngerasain manfaat Makan Bergizi Gratis (MBG) 🍱 Meski masih banyak tantangan &amp; evaluasi, programnya bakal terus diperbaiki biar makin oke. Yuk kawal terus biar tepat sasaran 👌
#jagaindonesia #MakanBergiziGratis #MBG #Prabowo #KawalMBG https://t.co/6xgGC7O3h1",62 juta orang udah ngerasain manfaat makan bergizi gratis mbg meski masih banyak tantangan amp evaluasi programnya bakal terus diperbaiki biar makin oke yuk kawal terus biar tepat sasaran jagaindonesia makanbergizigratis mbg prabowo kawalmbg,in,0,0,0,0,40,0,1_root,#MBG[Latest],,positif,3,https://x.com/hariyanfebrii/status/2093548348544618865
2093540898651119784,2026-08-29 03:27:01,kellytiemikino,kelly 🇮🇩,258,Gizi yang baik menjadi fondasi penting bagi tumbuh kembang dan masa depan anak. Program MBG perlu terus didukung sebagai upaya memperluas akses makanan bergizi dan membangun generasi Indonesia yang lebih sehat serta produktif. #MBG #GenerasiSehat https://t.co/B5lW2IZieH,gizi yang baik menjadi fondasi penting bagi tumbuh kembang dan masa depan anak program mbg perlu terus didukung sebagai upaya memperluas akses makanan bergizi dan membangun generasi indonesia yang lebih sehat serta produktif mbg generasisehat,in,0,0,0,0,19,0,1_root,#MBG[Latest],,positif,3,https://x.com/kellytiemikino/status/2093540898651119784
2093540887779582014,2026-08-29 03:26:58,kellytiemikino,kelly 🇮🇩,258,Gizi yang baik menjadi fondasi penting bagi tumbuh kembang dan masa depan anak. Program MBG perlu terus didukung sebagai upaya memperluas akses makanan bergizi dan membangun generasi Indonesia yang lebih sehat serta produktif. #MBG #GenerasiSehat https://t.co/jZMsbe64aT,gizi yang baik menjadi fondasi penting bagi tumbuh kembang dan masa depan anak program mbg perlu terus didukung sebagai upaya memperluas akses makanan bergizi dan membangun generasi indonesia yang lebih sehat serta produktif mbg generasisehat,in,0,0,0,0,16,0,1_root,#MBG[Latest],,positif,3,https://x.com/kellytiemikino/status/2093540887779582014
2093540878359142628,2026-08-29 03:26:56,kellytiemikino,kelly 🇮🇩,258,Gizi yang baik menjadi fondasi penting bagi tumbuh kembang dan masa depan anak. Program MBG perlu terus didukung sebagai upaya memperluas akses makanan bergizi dan membangun generasi Indonesia yang lebih sehat serta produktif. #MBG #GenerasiSehat https://t.co/TCPcVO60wS,gizi yang baik menjadi fondasi penting bagi tumbuh kembang dan masa depan anak program mbg perlu terus didukung sebagai upaya memperluas akses makanan bergizi dan membangun generasi indonesia yang lebih sehat serta produktif mbg generasisehat,in,0,0,0,0,11,0,1_root,#MBG[Latest],,positif,3,https://x.com/kellytiemikino/status/2093540878359142628
2093540867500085740,2026-08-29 03:26:53,kellytiemikino,kelly 🇮🇩,258,Gizi yang baik menjadi fondasi penting bagi tumbuh kembang dan masa depan anak. Program MBG perlu terus didukung sebagai upaya memperluas akses makanan bergizi dan membangun generasi Indonesia yang lebih sehat serta produktif. #MBG #GenerasiSehat https://t.co/Tl1fuC1WU9,gizi yang baik menjadi fondasi penting bagi tumbuh kembang dan masa depan anak program mbg perlu terus didukung sebagai upaya memperluas akses makanan bergizi dan membangun generasi indonesia yang lebih sehat serta produktif mbg generasisehat,in,0,0,0,0,13,0,1_root,#MBG[Latest],,positif,3,https://x.com/kellytiemikino/status/2093540867500085740
2093540591913337129,2026-08-29 03:25:47,AjaUpdatei41011,Updatein Aja,4,Makan Bergizi Gratis Untuk Gizi Anak Lebih baik #MBG #indo https://t.co/vM6kUKZ45f,makan bergizi gratis untuk gizi anak lebih baik mbg indo,in,0,0,0,0,30,0,1_root,#MBG[Latest],,positif,4,https://x.com/AjaUpdatei41011/status/2093540591913337129
2093540536980496527,2026-08-29 03:25:34,AjaUpdatei41011,Updatein Aja,4,Makan Bergizi Gratis Untuk Gizi Anak Lebih baik #MBG https://t.co/GuX87fPTmA,makan bergizi gratis untuk gizi anak lebih baik mbg,in,0,0,0,0,17,0,1_root,#MBG[Latest],,positif,4,https://x.com/AjaUpdatei41011/status/2093540536980496527
2093527233902354604,2026-08-29 02:32:43,kikikqiqi,kiki amalia,116,"Lebih dari 62 juta orang udah ngerasain Makan Bergizi Gratis! Meski banyak tantangan, yang penting terus diperbaiki dan dikawal bersama demi masa depan.
#jagaindonesia #MakanBergiziGratis #MBG #PrabowoSubianto #IndonesiaMaju https://t.co/emJWuKVmgd",lebih dari 62 juta orang udah ngerasain makan bergizi gratis meski banyak tantangan yang penting terus diperbaiki dan dikawal bersama demi masa depan jagaindonesia makanbergizigratis mbg prabowosubianto indonesiamaju,in,0,0,0,0,32,0,1_root,#MBG[Latest],,positif,2,https://x.com/kikikqiqi/status/2093527233902354604
2093524212527043001,2026-08-29 02:20:42,Siskaarrr,Siskarr,1136,"Makan Bergizi Gratis (MBG) bukan hanya tentang makanan, tetapi tentang memberikan kesempatan bagi anak-anak Indonesia untuk tumbuh sehat, belajar lebih fokus, dan meraih prestasi. #MakanBergiziGratis #MBG #DukungMBG #Indonesia Sehat #GenerasiEmas https://t.co/n8J0XruPEB",makan bergizi gratis mbg bukan hanya tentang makanan tetapi tentang memberikan kesempatan bagi anak anak indonesia untuk tumbuh sehat belajar lebih fokus dan meraih prestasi makanbergizigratis mbg dukungmbg indonesia sehat generasiemas,in,1,0,0,0,26,0,1_root,#MBG[Latest],,positif,4,https://x.com/Siskaarrr/status/2093524212527043001
2093524156109500572,2026-08-29 02:20:29,Siskaarrr,Siskarr,1136,"Makan Bergizi Gratis (MBG) bukan hanya tentang makanan, tetapi tentang memberikan kesempatan bagi anak-anak Indonesia untuk tumbuh sehat, belajar lebih fokus, dan meraih prestasi. #MakanBergiziGratis #MBG #DukungMBG #Indonesia Sehat #GenerasiEmas https://t.co/UIRZZhTMwY",makan bergizi gratis mbg bukan hanya tentang makanan tetapi tentang memberikan kesempatan bagi anak anak indonesia untuk tumbuh sehat belajar lebih fokus dan meraih prestasi makanbergizigratis mbg dukungmbg indonesia sehat generasiemas,in,1,0,0,0,20,0,1_root,#MBG[Latest],,positif,4,https://x.com/Siskaarrr/status/2093524156109500572
2093524117899419929,2026-08-29 02:20:20,Siskaarrr,Siskarr,1136,"Makan Bergizi Gratis (MBG) bukan hanya tentang makanan, tetapi tentang memberikan kesempatan bagi anak-anak Indonesia untuk tumbuh sehat, belajar lebih fokus, dan meraih prestasi. #MakanBergiziGratis #MBG #DukungMBG #Indonesia Sehat #GenerasiEmas https://t.co/VPp41Nko04",makan bergizi gratis mbg bukan hanya tentang makanan tetapi tentang memberikan kesempatan bagi anak anak indonesia untuk tumbuh sehat belajar lebih fokus dan meraih prestasi makanbergizigratis mbg dukungmbg indonesia sehat generasiemas,in,1,0,0,0,20,0,1_root,#MBG[Latest],,positif,4,https://x.com/Siskaarrr/status/2093524117899419929
2093524098844610584,2026-08-29 02:20:15,Siskaarrr,Siskarr,1136,"Makan Bergizi Gratis (MBG) bukan hanya tentang makanan, tetapi tentang memberikan kesempatan bagi anak-anak Indonesia untuk tumbuh sehat, belajar lebih fokus, dan meraih prestasi. #MakanBergiziGratis #MBG #DukungMBG #Indonesia Sehat #GenerasiEmas https://t.co/yY4kwQIaXz",makan bergizi gratis mbg bukan hanya tentang makanan tetapi tentang memberikan kesempatan bagi anak anak indonesia untuk tumbuh sehat belajar lebih fokus dan meraih prestasi makanbergizigratis mbg dukungmbg indonesia sehat generasiemas,in,1,0,0,0,22,0,1_root,#MBG[Latest],,positif,4,https://x.com/Siskaarrr/status/2093524098844610584
2093520768869228663,2026-08-29 02:07:01,infotoday10,info today,110,"Landasan hukum MBG makin kuat, wujudkan anak sehat dan generasi cerdas menuju Indonesia Emas #MBG #IndonesiaEmas2045 #LanjutkanMBG #DukungMBG https://t.co/C14cmKy5N0",landasan hukum mbg makin kuat wujudkan anak sehat dan generasi cerdas menuju indonesia emas mbg indonesiaemas2045 lanjutkanmbg dukungmbg,in,0,0,0,0,20,0,1_root,#MBG[Latest],,positif,2,https://x.com/infotoday10/status/2093520768869228663
2093519736151928847,2026-08-29 02:02:55,officialbitv,bitvofficial,63,"Anggaran MBG 2026 Turun Jadi Rp229 Triliun, Ini Penjelasan BGN 
https://t.co/7WKUlvVssH
#MBG #MakanBergiziGratis #AnggaranMBG #AnggaranMBG2026 #MBG2026 #BadanGiziNasional #BGN #Sudaryono #PrabowoSubianto #RAPBN2027 #bitvonline #malming",anggaran mbg 2026 turun jadi rp229 triliun ini penjelasan bgn mbg makanbergizigratis anggaranmbg anggaranmbg2026 mbg2026 badangizinasional bgn sudaryono prabowosubianto rapbn2027 bitvonline malming,in,0,0,0,0,18,0,1_root,#MBG[Latest],,netral,0,https://x.com/officialbitv/status/2093519736151928847
2093511594479345811,2026-08-29 01:30:34,mile_lea,mile.lea,7,"Anak sehat dan gizi terpenuhi, mari sukseskan program MBG yang kini memiliki kepastian hukum #MBG #IndonesiaEmas2045 #LanjutkanMBG #DukungMBG https://t.co/RH0itJCCSO",anak sehat dan gizi terpenuhi mari sukseskan program mbg yang kini memiliki kepastian hukum mbg indonesiaemas2045 lanjutkanmbg dukungmbg,in,0,0,0,0,16,0,1_root,#MBG[Latest],,positif,4,https://x.com/mile_lea/status/2093511594479345811
2093511564544630973,2026-08-29 01:30:27,mile_lea,mile.lea,7,"Kepastian hukum terjamin, program MBG terus melangkah untuk bangun generasi emas yang unggul #MBG #IndonesiaEmas2045 #LanjutkanMBG #DukungMBG https://t.co/jntz5t8FaI",kepastian hukum terjamin program mbg terus melangkah untuk bangun generasi emas yang unggul mbg indonesiaemas2045 lanjutkanmbg dukungmbg,in,0,0,0,0,15,0,1_root,#MBG[Latest],,positif,1,https://x.com/mile_lea/status/2093511564544630973
2093499746279452689,2026-08-29 00:43:29,Mirna7Cantika,Mirna Cantika,6,"Program Makan Bergizi Gratis (MBG) dirancang untuk meningkatkan kualitas gizi anak-anak, pelajar, serta kelompok rentan, sekaligus mendukung pembangunan sumber daya manusia Indonesia dalam jangka panjang. #MBG #GenerasiEmas https://t.co/1ckFzxkO8h",program makan bergizi gratis mbg dirancang untuk meningkatkan kualitas gizi anak anak pelajar serta kelompok rentan sekaligus mendukung pembangunan sumber daya manusia indonesia dalam jangka panjang mbg generasiemas,in,1,0,0,0,43,0,1_root,#MBG[Latest],,positif,3,https://x.com/Mirna7Cantika/status/2093499746279452689
2093499736255074742,2026-08-29 00:43:27,Mirna7Cantika,Mirna Cantika,6,"25 Juta Rakyat sudah merasakan manfaat program MBG. Mari kita dukung dan kawal bersama. Program MBG Dorong Terwujudnya Generasi Sehat dan Cerdas
#MBG #GenerasiEmas https://t.co/M8ByV9sJZQ",25 juta rakyat sudah merasakan manfaat program mbg mari kita dukung dan kawal bersama program mbg dorong terwujudnya generasi sehat dan cerdas mbg generasiemas,in,1,0,1,0,42,0,1_root,#MBG[Latest],,positif,2,https://x.com/Mirna7Cantika/status/2093499736255074742
2093493502592385279,2026-08-29 00:18:40,Mirna7Cantika,Mirna Cantika,6,"Kualitas MBG dijaga dari dapur hingga distribusi. Program MBG Dorong Terwujudnya Generasi Sehat dan Cerdas

 #MBG #GenerasiEmas https://t.co/grhwh1etvx",kualitas mbg dijaga dari dapur hingga distribusi program mbg dorong terwujudnya generasi sehat dan cerdas mbg generasiemas,in,1,0,0,0,18,0,1_root,#MBG[Latest],,positif,1,https://x.com/Mirna7Cantika/status/2093493502592385279
2093493492970553530,2026-08-29 00:18:38,Mirna7Cantika,Mirna Cantika,6,"Data menunjukkan perubahan nyata pada siswa penerima MBG. Program MBG Dorong Terwujudnya Generasi Sehat dan Cerdas

#MBG #GenerasiEmas https://t.co/zC7i767IbK",data menunjukkan perubahan nyata pada siswa penerima mbg program mbg dorong terwujudnya generasi sehat dan cerdas mbg generasiemas,in,1,0,1,0,21,0,1_root,#MBG[Latest],,positif,1,https://x.com/Mirna7Cantika/status/2093493492970553530
2093492444541448396,2026-08-29 00:14:28,anekambgjrbc,anekambg,52,"Dukung MBG untuk anak indonesia yang sehat, cerdas dan kuat.  #mbg #makanbergizi #nawacita https://t.co/IG7rTwDDs0",dukung mbg untuk anak indonesia yang sehat cerdas dan kuat mbg makanbergizi nawacita,in,1,0,0,0,17,0,1_root,#MBG[Latest],,positif,2,https://x.com/anekambgjrbc/status/2093492444541448396
2093492402262774196,2026-08-29 00:14:18,anekambgjrbc,anekambg,52,Perut kenyang gizi terpenuhi PRESTASI meningkat.  #mbg #makanbergizi #nawacita https://t.co/bAAL7mNm47,perut kenyang gizi terpenuhi prestasi meningkat mbg makanbergizi nawacita,in,1,0,0,0,8,0,1_root,#MBG[Latest],,positif,4,https://x.com/anekambgjrbc/status/2093492402262774196
2093492363507421686,2026-08-29 00:14:09,anekambgjrbc,anekambg,52,Dukung MBG untuk anak-anak sehat Indonesia hebat #mbg #makanbergizi #nawacita https://t.co/qMn8NZ2Bnk,dukung mbg untuk anak anak sehat indonesia hebat mbg makanbergizi nawacita,in,1,0,0,0,12,0,1_root,#MBG[Latest],,positif,4,https://x.com/anekambgjrbc/status/2093492363507421686
2093492304632025392,2026-08-29 00:13:55,anekambgjrbc,anekambg,52,Putusan MK pertengahan landasan hukum MBG tetap berjalan dengan penyesuaian.  #mbg #makanbergizi #nawacita https://t.co/c7YEFWiVB9,putusan mk pertengahan landasan hukum mbg tetap berjalan dengan penyesuaian mbg makanbergizi nawacita,in,1,0,3,0,33,0,1_root,#MBG[Latest],,netral,0,https://x.com/anekambgjrbc/status/2093492304632025392
2093460270521913789,2026-08-28 22:06:37,SilviAndriana1,Silvi Andriana,15,"Program Makan Bergizi Gratis merupakan investasi jangka panjang dalam meningkatkan kualitas kesehatan dan pendidikan anak Indonesia melalui penyediaan makanan bergizi, seimbang, dan tanpa dipungut biaya.  #MakanBergiziGratis #MBG https://t.co/wnBVc6TocS",program makan bergizi gratis merupakan investasi jangka panjang dalam meningkatkan kualitas kesehatan dan pendidikan anak indonesia melalui penyediaan makanan bergizi seimbang dan tanpa dipungut biaya makanbergizigratis mbg,in,0,0,0,0,38,0,1_root,#MBG[Latest],,positif,3,https://x.com/SilviAndriana1/status/2093460270521913789
2093396703198200070,2026-08-28 17:54:02,xeramhalanx,kadang2muchlis,371,@Bersinar2023 Yg jelas elo2 para #sppg yang pada kelaperan karena kegiatan #mbg dihentikan hahahaha.. ga perlu omongin anak.. udah jelas tatanan n strukturnya,yg jelas elo2 para sppg yang pada kelaperan karena kegiatan mbg dihentikan hahahaha ga perlu omongin anak udah jelas tatanan n strukturnya,in,1,0,0,0,6,0,1_root,#MBG[Latest],,netral,0,https://x.com/xeramhalanx/status/2093396703198200070
2093378610610811301,2026-08-28 16:42:08,VRFairyTownship,AKILUX@VR妖精郷開拓計画,1618,"本日29日(土)、開場 21:45 / 開始 22:00より😊
MBG music 第10弾リリース曲のお披露目イベントです！

美しい夜景のビジュアルとともに、心地よい音楽をお届けします✨✨

ゆったりとした週末の夜長💫💫
皆様のご来場をお待ちしております！
https://t.co/0E0XXDXL69
#MBG #cluster",本日29日 土 開場 21 45 開始 22 00より mbg music 第10弾リリース曲のお披露目イベントです 美しい夜景のビジュアルとともに 心地よい音楽をお届けします ゆったりとした週末の夜長 皆様のご来場をお待ちしております mbg cluster,ja,6,0,0,0,217,0,1_root,#MBG[Latest],,netral,0,https://x.com/VRFairyTownship/status/2093378610610811301
2093375663222759675,2026-08-28 16:30:25,mellowboydRE,Denise Mellow-Boyd,149,"Come experience, the magic of Alpharetta‘s farmers market! Enjoy the fruits of the local talents, there is so much to see and explore!

#calldenise
770.329.9969
Denise M Boyd, Associate Broker
Keller WIlliams North Atlanta
770.663.7291 

 #MBG #mellowboydgroup #realty #KW https://t.co/awPkuApt1H",come experience the magic of alpharetta s farmers market enjoy the fruits of the local talents there is so much to see and explore calldenise 770 329 9969 denise m boyd associate broker keller williams north atlanta 770 663 7291 mbg mellowboydgroup realty kw,en,0,0,0,0,17,0,1_root,#MBG[Latest],,netral,0,https://x.com/mellowboydRE/status/2093375663222759675
2093359195336695874,2026-08-28 15:24:59,danielcuitan,Klaim vs Realitas,152,"Sebenarnya dari awal dipetakan, mana yang prioritas duluan sebelum menjangkau seluruhnya. Sekarang terkesan tambal sulam. Program prioritas tapi eksekusinya coba-coba dan tidak matang. #mbg",sebenarnya dari awal dipetakan mana yang prioritas duluan sebelum menjangkau seluruhnya sekarang terkesan tambal sulam program prioritas tapi eksekusinya coba coba dan tidak matang mbg,in,0,0,0,0,30,0,1_root,#MBG[Latest],,netral,0,https://x.com/danielcuitan/status/2093359195336695874
2093210779822747686,2026-08-28 05:35:14,kompascom,Kompas.com,8035970,"Baca selengkapnya: https://t.co/FeZymSeHeu

Kepala BGN Sudaryono mengatakan sekitar 80 sekolah swasta yang dinilai elite di berbagai daerah kini dikecualikan dari penerima program MBG.

~MS #MBG #BGN #Sudaryono https://t.co/nbIuuQQ9dA",baca selengkapnya kepala bgn sudaryono mengatakan sekitar 80 sekolah swasta yang dinilai elite di berbagai daerah kini dikecualikan dari penerima program mbg ms mbg bgn sudaryono,in,5,1,2,2,3904,0,1_root,#MBG[Latest],,netral,0,https://x.com/kompascom/status/2093210779822747686
2093326942183498200,2026-08-28 13:16:49,indonesiago_id,INDONESIA.GO.ID,1085,"Sebanyak 414 SPPG yang belum beroperasi telah ditarik kembali dananya oleh BGN dan disetorkan secara utuh ke kas negara.

#MBG #BGN #SPPG #Indonesiagoid #BergerakBerdampak https://t.co/nftBMbQv2T",sebanyak 414 sppg yang belum beroperasi telah ditarik kembali dananya oleh bgn dan disetorkan secara utuh ke kas negara mbg bgn sppg indonesiagoid bergerakberdampak,in,0,0,0,0,20,0,1_root,#MBG[Latest],,netral,0,https://x.com/indonesiago_id/status/2093326942183498200
2093323377905905986,2026-08-28 13:02:40,Indolevelup,Indonesia Level Up,3,"Program Makan Bergizi Gratis (MBG) terus diperkuat untuk mendukung pemenuhan gizi masyarakat.

Pada 2027, BGN kembali mendapat dukungan anggaran untuk memastikan program berjalan optimal dan berkelanjutan

#MBG #MakanBergiziGratis #BGN #Gizi https://t.co/EsdC6sStuA",program makan bergizi gratis mbg terus diperkuat untuk mendukung pemenuhan gizi masyarakat pada 2027 bgn kembali mendapat dukungan anggaran untuk memastikan program berjalan optimal dan berkelanjutan mbg makanbergizigratis bgn gizi,in,0,0,0,0,40,0,1_root,#MBG[Latest],,positif,3,https://x.com/Indolevelup/status/2093323377905905986
2093322791059939768,2026-08-28 13:00:20,RuangIndoID,Ruang Indonesia,1,"Dukungan anggaran BGN diarahkan terutama untuk memastikan program berjalan optimal, dengan pengawasan dan operasional tetap diperhatikan.

Langkah ini menjadi bagian dari upaya memperkuat pemenuhan gizi masyarakat.

#RuangIndonesia #MBG #MakanBergiziGratis #BGN #Gizi https://t.co/6Zti8n69Az",dukungan anggaran bgn diarahkan terutama untuk memastikan program berjalan optimal dengan pengawasan dan operasional tetap diperhatikan langkah ini menjadi bagian dari upaya memperkuat pemenuhan gizi masyarakat ruangindonesia mbg makanbergizigratis bgn gizi,in,0,0,0,0,21,0,1_root,#MBG[Latest],,netral,0,https://x.com/RuangIndoID/status/2093322791059939768
2093279216888594596,2026-08-28 10:07:11,viralitika,viralitika,4,"Transparansi adalah kunci! Presiden tidak ragu mengakui adanya kekurangan dalam pelaksanaan program MBG. Meski terus dibenahi, program ini terbukti sudah menjangkau dan membantu lebih dari 62 juta penerima manfaat. 
#MBG #MakanBergiziGratis #InfoTerbaru #GenerasiEmas2045 https://t.co/jGlt4glhNe",transparansi adalah kunci presiden tidak ragu mengakui adanya kekurangan dalam pelaksanaan program mbg meski terus dibenahi program ini terbukti sudah menjangkau dan membantu lebih dari 62 juta penerima manfaat mbg makanbergizigratis infoterbaru generasiemas2045,in,0,0,0,0,22,0,1_root,#MBG[Latest],,positif,1,https://x.com/viralitika/status/2093279216888594596
2093276011819631066,2026-08-28 09:54:27,dppPRI,DPP PARTAI RAKYAT INDONESIA,153,"bertempat di SDN RANCA BENTANG, telah dilaksanakan kegiatan Edukasi Gizi.

Acara ini diisi dengan edukasi gizi, ice breaking, kuis berhadiah serta mengenalkan baju adat daerah.
#PartaiRakyatIndonesia
#IndonesiaMaju
#MBG https://t.co/pVlXS331OY",bertempat di sdn ranca bentang telah dilaksanakan kegiatan edukasi gizi acara ini diisi dengan edukasi gizi ice breaking kuis berhadiah serta mengenalkan baju adat daerah partairakyatindonesia indonesiamaju mbg,in,6,4,4,0,959,0,1_root,#MBG[Latest],,netral,0,https://x.com/dppPRI/status/2093276011819631066
2093268938205618508,2026-08-28 09:26:20,officialbitv,bitvofficial,63,"Bukan Kurang Peminat, MBG Justru Diserbu Sekolah - 80 Sekolah Elite Malah Dicoret

Baca Berita Selengkapnya di Kolom Komentar!!👇👇
https://t.co/BwaZHMeyYI

#PurbayaYudhiSadewa #MBG #MakanBergiziGratis #BGN #SekolahElite #SekolahSwasta #MBG2026 #bitvonline https://t.co/IaDjSHRVZe",bukan kurang peminat mbg justru diserbu sekolah 80 sekolah elite malah dicoret baca berita selengkapnya di kolom komentar purbayayudhisadewa mbg makanbergizigratis bgn sekolahelite sekolahswasta mbg2026 bitvonline,in,0,0,0,0,25,0,1_root,#MBG[Latest],,negatif,-1,https://x.com/officialbitv/status/2093268938205618508
2093267175171825814,2026-08-28 09:19:20,officialbitv,bitvofficial,63,"Anggaran MBG Bakal Dipangkas, Purbaya: Ribuan Dapur Dievaluasi Tahun Ini

Baca Berita Selengkapnya di Kolom Komentar!!👇👇
https://t.co/pkZDWSaBTo

#PurbayaYudhiSadewa #MBG #MakanBergiziGratis #BGN #AnggaranMBG #EfisiensiAnggaran #DapurMBG #bitvonline https://t.co/GglPlzLGuZ",anggaran mbg bakal dipangkas purbaya ribuan dapur dievaluasi tahun ini baca berita selengkapnya di kolom komentar purbayayudhisadewa mbg makanbergizigratis bgn anggaranmbg efisiensianggaran dapurmbg bitvonline,in,0,0,0,0,20,0,1_root,#MBG[Latest],,netral,0,https://x.com/officialbitv/status/2093267175171825814
2093260513820160062,2026-08-28 08:52:52,majunusantaraku,Majunusantaraku,108,"MBG menjamin masa depan anak bangsa #MBG
#SehatBersamaMBG https://t.co/fYRkf41TFu",mbg menjamin masa depan anak bangsa mbg sehatbersamambg,in,0,0,0,0,7,0,1_root,#MBG[Latest],,netral,0,https://x.com/majunusantaraku/status/2093260513820160062
2093252478230003803,2026-08-28 08:20:56,macesonyaa,Mace Sonya,177,"MBG Hadir Untuk Rakyat. MBG Penggerak Ekonomi Rakyat.
#MBG
#SehatBersamaMBG https://t.co/mWQXeLr0Xu",mbg hadir untuk rakyat mbg penggerak ekonomi rakyat mbg sehatbersamambg,in,0,0,0,0,20,0,1_root,#MBG[Latest],,netral,0,https://x.com/macesonyaa/status/2093252478230003803
2093251635476865517,2026-08-28 08:17:35,kompascom,Kompas.com,8035970,"Baca di sini: https://t.co/EKiZvINafs

BGN mengungkap cara mudah mengecek sekolah penerima MBG melalui Radar MBG, yang bisa diakses lewat HP atau laptop.

~IQ #KepalaBGN #MBG https://t.co/oOXDpQ5sN3",baca di sini bgn mengungkap cara mudah mengecek sekolah penerima mbg melalui radar mbg yang bisa diakses lewat hp atau laptop iq kepalabgn mbg,in,0,0,0,0,2775,0,1_root,#MBG[Latest],,netral,0,https://x.com/kompascom/status/2093251635476865517
2093250363260559674,2026-08-28 08:12:31,lmillerthriller,luke miller,3,"Program Makan Bergizi Gratis (MBG) merupakan bentuk investasi jangka panjang dalam meningkatkan kualitas kesehatan dan pendidikan anak Indonesia melalui penyediaan makanan bergizi, seimbang, dan tanpa dipungut biaya.  #MakanBergiziGratis #MBG #AnakSehatIndonesiaKuat https://t.co/1kkZ55MPOs",program makan bergizi gratis mbg merupakan bentuk investasi jangka panjang dalam meningkatkan kualitas kesehatan dan pendidikan anak indonesia melalui penyediaan makanan bergizi seimbang dan tanpa dipungut biaya makanbergizigratis mbg anaksehatindonesiakuat,in,0,0,0,0,50,0,1_root,#MBG[Latest],,positif,3,https://x.com/lmillerthriller/status/2093250363260559674
2093250354473504795,2026-08-28 08:12:29,lmillerthriller,luke miller,3,"Program Makan Bergizi Gratis (MBG) menjadi salah satu langkah strategis dalam mendukung tumbuh kembang anak Indonesia melalui pemenuhan gizi yang seimbang, peningkatan daya tahan tubuh, serta konsentrasi belajar.   #MakanBergiziGratis #MBG #AnakSehatIndonesiaKuat https://t.co/o5bgXd4Azm",program makan bergizi gratis mbg menjadi salah satu langkah strategis dalam mendukung tumbuh kembang anak indonesia melalui pemenuhan gizi yang seimbang peningkatan daya tahan tubuh serta konsentrasi belajar makanbergizigratis mbg anaksehatindonesiakuat,in,0,0,1,0,31,0,1_root,#MBG[Latest],,positif,2,https://x.com/lmillerthriller/status/2093250354473504795
2093247857667236037,2026-08-28 08:02:34,Reza_afro,Reza Afro,33,"Dukung program Makan Bergizi untuk anak Indonesia sehat

#MBG #MakanBergiziGratis https://t.co/TMkc65xC6u",dukung program makan bergizi untuk anak indonesia sehat mbg makanbergizigratis,in,1,0,0,0,20,0,1_root,#MBG[Latest],,positif,3,https://x.com/Reza_afro/status/2093247857667236037
2093247819167748434,2026-08-28 08:02:25,Reza_afro,Reza Afro,33,"Dukung program Makan Bergizi untuk anak Indonesia sehat

#MBG #MakanBergiziGratis https://t.co/dXRp52vkyv",dukung program makan bergizi untuk anak indonesia sehat mbg makanbergizigratis,in,1,0,0,0,18,0,1_root,#MBG[Latest],,positif,3,https://x.com/Reza_afro/status/2093247819167748434
2093247776134173105,2026-08-28 08:02:15,Reza_afro,Reza Afro,33,"Dukung program Makan Bergizi untuk anak Indonesia sehat

#MBG #MakanBergiziGratis https://t.co/HBBpRRHciV",dukung program makan bergizi untuk anak indonesia sehat mbg makanbergizigratis,in,1,0,0,0,19,0,1_root,#MBG[Latest],,positif,3,https://x.com/Reza_afro/status/2093247776134173105
2093247731003531415,2026-08-28 08:02:04,Reza_afro,Reza Afro,33,"Dukung program Makan Bergizi untuk anak Indonesia sehat

#MBG #MakanBergiziGratis https://t.co/clauRnIIms",dukung program makan bergizi untuk anak indonesia sehat mbg makanbergizigratis,in,1,0,0,0,18,0,1_root,#MBG[Latest],,positif,3,https://x.com/Reza_afro/status/2093247731003531415
2093247217343836224,2026-08-28 08:00:01,hariankompas,Harian Kompas,965596,"Tata kelola dan pengawasan terhadap program Makan Bergizi Gratis (MBG) di Lampung kembali menuai sorotan setelah ditemukan peluru senapan angin dalam olahan daging pada menu MBG. 

#MBG #Lampung #AdadiKompas https://t.co/6tYiu9ZAau",tata kelola dan pengawasan terhadap program makan bergizi gratis mbg di lampung kembali menuai sorotan setelah ditemukan peluru senapan angin dalam olahan daging pada menu mbg mbg lampung adadikompas,in,0,0,1,0,550,0,1_root,#MBG[Latest],,positif,2,https://x.com/hariankompas/status/2093247217343836224
2093241826018992446,2026-08-28 07:38:36,SuaraTrenggalek,suara trenggalek,17,"Satgas Makan Bergizi Gratis (MBG) Trenggalek memperketat aturan penggunaan alat pelindung diri (APD) di lingkungan Satuan Pelayanan Pemenuhan Gizi (SPPG).

#Trenggalek #trenggalek24jam #mbg #sppg #bgn https://t.co/mR5YKk0Evy",satgas makan bergizi gratis mbg trenggalek memperketat aturan penggunaan alat pelindung diri apd di lingkungan satuan pelayanan pemenuhan gizi sppg trenggalek trenggalek24jam mbg sppg bgn,in,0,0,0,0,32,0,1_root,#MBG[Latest],,positif,2,https://x.com/SuaraTrenggalek/status/2093241826018992446
2093226091024707696,2026-08-28 06:36:05,KATADATAcoid,Katadata.co.id,62218,"Kepala Badan Gizi Nasional (BGN) Sudaryono mengungkapkan terdapat 414 dapur program Makan Bergizi Gratis (MBG) yang belum beroperasi tetapi telah menerima alokasi dana. Ia memastikan dana tersebut dikembalikan ke kas negara.

Selengkapnya: https://t.co/1UAvtq4OyT

#MBG #BGN #Katadatacoid #KalauBicaraPakaiData",kepala badan gizi nasional bgn sudaryono mengungkapkan terdapat 414 dapur program makan bergizi gratis mbg yang belum beroperasi tetapi telah menerima alokasi dana ia memastikan dana tersebut dikembalikan ke kas negara selengkapnya mbg bgn katadatacoid kalaubicarapakaidata,in,1,0,0,0,1162,0,1_root,#MBG[Latest],,positif,2,https://x.com/KATADATAcoid/status/2093226091024707696
2093221460764741872,2026-08-28 06:17:41,officialbitv,bitvofficial,63,"BGN Kembalikan Rp311 Miliar Dana MBG ke Kas Negara, Ini Penyebabnya 
https://t.co/UA0aV5GqgF
#MBG #MakanBergiziGratis #MakanBergiziGratis2026 #BGN #BadanGiziNasional #Sudaryono #SudaryonoBGN #PurbayaYudhiSadewa #MenteriKeuangan #KementerianKeuangan #AnggaranMBG #bitvonline #jumat",bgn kembalikan rp311 miliar dana mbg ke kas negara ini penyebabnya mbg makanbergizigratis makanbergizigratis2026 bgn badangizinasional sudaryono sudaryonobgn purbayayudhisadewa menterikeuangan kementeriankeuangan anggaranmbg bitvonline jumat,in,0,0,0,0,17,0,1_root,#MBG[Latest],,netral,0,https://x.com/officialbitv/status/2093221460764741872
2093213944701964489,2026-08-28 05:47:49,RadioElshinta,Radio Elshinta,3241707,"Kepala Badan Gizi Nasional Sudaryono melakukan pertemuan resmi perdana dengan Menteri Keuangan untuk membahas sinkronisasi pengelolaan anggaran program Makan Bergizi Gratis (MBG), Jumat (28/8) siang. 🎥Alr

#MBG #MakanBergiziGratis #BadanGiziNasional #Sudaryono #KementerianKeuangan",kepala badan gizi nasional sudaryono melakukan pertemuan resmi perdana dengan menteri keuangan untuk membahas sinkronisasi pengelolaan anggaran program makan bergizi gratis mbg jumat 28 8 siang alr mbg makanbergizigratis badangizinasional sudaryono kementeriankeuangan,in,0,0,0,0,1045,0,1_root,#MBG[Latest],,positif,2,https://x.com/RadioElshinta/status/2093213944701964489
2093213844588085544,2026-08-28 05:47:25,kabarterdepanID,Kabar Terdepan,10467,"Dari MBG hingga Kampung Nelayan, Zulhas Paparkan Target Penyelesaian Masalah Nasional di Jombang

#MBG #SPPG #Zulhas #Jombang #Kabarterdepan

https://t.co/F4j2T9AnpG https://t.co/Lo7O3bYWGL",dari mbg hingga kampung nelayan zulhas paparkan target penyelesaian masalah nasional di jombang mbg sppg zulhas jombang kabarterdepan,in,0,2,0,0,50,0,1_root,#MBG[Latest],,negatif,-1,https://x.com/kabarterdepanID/status/2093213844588085544
2093213319780094126,2026-08-28 05:45:20,kabarterdepanID,Kabar Terdepan,10467,"Dihadapan Muktamirin NU, Prabowo Banggakan Program MBG dan Kopdes Merah Putih

#Prabowo #MBG #Kopdes #Muktamar #kabarterdepan

https://t.co/GRVEux0k4D https://t.co/OdiKsD1Jvs",dihadapan muktamirin nu prabowo banggakan program mbg dan kopdes merah putih prabowo mbg kopdes muktamar kabarterdepan,in,0,2,0,0,74,0,1_root,#MBG[Latest],,netral,0,https://x.com/kabarterdepanID/status/2093213319780094126
2093194610680156402,2026-08-28 04:30:59,SuaraTrenggalek,suara trenggalek,17,"Temuan bakteri pada sampel makanan Makan Bergizi Gratis (MBG) dari Satuan Pelayanan Pemenuhan Gizi (SPPG) Tamanan mendorong Pengurus Cabang Pergerakan Mahasiswa Islam Indonesia (PC PMII) Trenggalek mendesak pemerintah memperketat 

#Trenggalek #trenggalek24jam #mbg #sppg #bgn https://t.co/MzfPtAmQH3",temuan bakteri pada sampel makanan makan bergizi gratis mbg dari satuan pelayanan pemenuhan gizi sppg tamanan mendorong pengurus cabang pergerakan mahasiswa islam indonesia pc pmii trenggalek mendesak pemerintah memperketat trenggalek trenggalek24jam mbg sppg bgn,in,0,0,0,0,40,0,1_root,#MBG[Latest],,positif,2,https://x.com/SuaraTrenggalek/status/2093194610680156402
2093161526752575925,2026-08-28 02:19:31,popfmindonesia,Radio Pop Fm,6377,#MBG #Nagekeo #MakanBergiziGratis #indonesiamaju,mbg nagekeo makanbergizigratis indonesiamaju,qht,0,0,0,0,15,0,1_root,#MBG[Latest],,netral,0,https://x.com/popfmindonesia/status/2093161526752575925
2093153601002799402,2026-08-28 01:48:02,kak_tannnnnnnn,tantan,509,Suatu saat kan menjadi kenangan tersendiri #mbg https://t.co/ORRudIAHmL,suatu saat kan menjadi kenangan tersendiri mbg,in,0,0,0,0,24,0,1_root,#MBG[Latest],,netral,0,https://x.com/kak_tannnnnnnn/status/2093153601002799402
2093153528856592785,2026-08-28 01:47:44,anekambgjrbc,anekambg,52,"@radarmasnetwork MBG gizi terpenuhi, anak sehat, indonesia kuat. #mbg #makanbergizigratis #nawacita https://t.co/5glNcjoD80",mbg gizi terpenuhi anak sehat indonesia kuat mbg makanbergizigratis nawacita,in,0,0,0,0,20,0,1_root,#MBG[Latest],,positif,4,https://x.com/anekambgjrbc/status/2093153528856592785
2093153498351485418,2026-08-28 01:47:37,anekambgjrbc,anekambg,52,@radarmasnetwork Terimakasih MBG telah menjadi bagian penting dalam mendukung tumbuh kembang optimal anak didik setiap hari. #mbg #makanbergizigratis #nawacita https://t.co/q97yM0gKHp,terimakasih mbg telah menjadi bagian penting dalam mendukung tumbuh kembang optimal anak didik setiap hari mbg makanbergizigratis nawacita,in,0,0,0,0,11,0,1_root,#MBG[Latest],,positif,1,https://x.com/anekambgjrbc/status/2093153498351485418
2093153462305595409,2026-08-28 01:47:28,anekambgjrbc,anekambg,52,"@radarmasnetwork MMBG makin berkualitas, evaluasi terus dilakukan agar MBG lebih akuntabel dan tepat sasaran. #mbg #makanbergizigratis #nawacita https://t.co/NhurNFbw9e",mmbg makin berkualitas evaluasi terus dilakukan agar mbg lebih akuntabel dan tepat sasaran mbg makanbergizigratis nawacita,in,0,0,0,0,11,0,1_root,#MBG[Latest],,positif,1,https://x.com/anekambgjrbc/status/2093153462305595409
2093153417623744878,2026-08-28 01:47:18,anekambgjrbc,anekambg,52,"@radarmasnetwork MBG dukung masa depan anak bangsa, gizi baik mimpi semakin terpenuhi. #mbg #makanbergizigratis #nawacita https://t.co/dLEIFyN63Y",mbg dukung masa depan anak bangsa gizi baik mimpi semakin terpenuhi mbg makanbergizigratis nawacita,in,0,0,3,0,19,0,1_root,#MBG[Latest],,positif,3,https://x.com/anekambgjrbc/status/2093153417623744878
2093153163616583878,2026-08-28 01:46:17,mile_lea,mile.lea,7,Dukung terus pemenuhan gizi seimbang buat tumbuh kembang anak bangsa #MBG #DukungMBG #IndonesiaEmas2045 #LanjutkanMBG https://t.co/fK1uZfs0CV,dukung terus pemenuhan gizi seimbang buat tumbuh kembang anak bangsa mbg dukungmbg indonesiaemas2045 lanjutkanmbg,in,0,0,0,0,9,0,1_root,#MBG[Latest],,positif,1,https://x.com/mile_lea/status/2093153163616583878
2093153151763542094,2026-08-28 01:46:14,mile_lea,mile.lea,7,Gizi yang cukup bantu tingkatkan konsentrasi anak saat belajar di kelas #MBG #DukungMBG #IndonesiaEmas2045 #LanjutkanMBG https://t.co/weQoQOcmsx,gizi yang cukup bantu tingkatkan konsentrasi anak saat belajar di kelas mbg dukungmbg indonesiaemas2045 lanjutkanmbg,in,0,0,0,0,8,0,1_root,#MBG[Latest],,positif,1,https://x.com/mile_lea/status/2093153151763542094
2093151359403241883,2026-08-28 01:39:07,NusantaraHukum,Nusantara Hukum,66,"Transparansi diperkuat, kualitas dijaga, dan sasaran dipastikan tepat, MBG terus dibenahi agar setiap manfaat sampai.

#MBG #ProgramPrioritas #ProgramPresiden #Gizi #Sehat https://t.co/TE7cskLAAJ",transparansi diperkuat kualitas dijaga dan sasaran dipastikan tepat mbg terus dibenahi agar setiap manfaat sampai mbg programprioritas programpresiden gizi sehat,in,0,0,0,0,6,0,1_root,#MBG[Latest],,positif,1,https://x.com/NusantaraHukum/status/2093151359403241883
2093146111590666493,2026-08-28 01:18:16,Juranox,M Jusrianto,273,"Anggaran boleh triliunan, tapi rakyat harus merasakan hasilnya. Rp240 triliun untuk MBG harus benar-benar sampai ke piring anak-anak. Rp820 triliun untuk pendidikan harus terlihat dalam kualitas guru, sekolah, dan fasilitas belajar.

#MBG #AnggaranPendidikan #APBN #Kebijakan https://t.co/7RVnsoZjGJ",anggaran boleh triliunan tapi rakyat harus merasakan hasilnya rp240 triliun untuk mbg harus benar benar sampai ke piring anak anak rp820 triliun untuk pendidikan harus terlihat dalam kualitas guru sekolah dan fasilitas belajar mbg anggaranpendidikan apbn kebijakan,in,0,0,0,0,27,0,1_root,#MBG[Latest],,netral,0,https://x.com/Juranox/status/2093146111590666493
2093144950158582209,2026-08-28 01:13:39,yesaya_dimara,Yesaya Dimara #papuaindonesia,110,"@_jacobson91 MBG Untuk Mendukung Tumbuh Kembang Anak

#MBG #MakanBergiziGratis #MBGPapuaBarat #PapuaBarat https://t.co/fUY4UYs8MT",mbg untuk mendukung tumbuh kembang anak mbg makanbergizigratis mbgpapuabarat papuabarat,in,0,0,0,0,17,0,1_root,#MBG[Latest],,positif,1,https://x.com/yesaya_dimara/status/2093144950158582209
2093144941556040063,2026-08-28 01:13:37,yesaya_dimara,Yesaya Dimara #papuaindonesia,110,"@kapten__monyet MBG Untuk Mendukung Tumbuh Kembang Anak

#MBG #MakanBergiziGratis #MBGPapuaBarat #PapuaBarat https://t.co/qLSq7Lc3Yk",mbg untuk mendukung tumbuh kembang anak mbg makanbergizigratis mbgpapuabarat papuabarat,in,0,0,0,0,17,0,1_root,#MBG[Latest],,positif,1,https://x.com/yesaya_dimara/status/2093144941556040063
2093118865597137171,2026-08-27 23:30:00,MegamasNews,Menuju Garuda Emas,4,"Inilah yang perlu kita pahami: PERBEDAAN PENDAPAT BUKAN BERARTI NEGARA SEDANG KACAU. Dalam demokrasi, kritik dan dukungan bisa hadir di ruang yang sama. Yang terpenting, aspirasi disampaikan secara damai, informasi disaring dengan bijak.
#fyp #viral #MBG #RUUPERAMPASANASET https://t.co/vJJZDbmDJM",inilah yang perlu kita pahami perbedaan pendapat bukan berarti negara sedang kacau dalam demokrasi kritik dan dukungan bisa hadir di ruang yang sama yang terpenting aspirasi disampaikan secara damai informasi disaring dengan bijak fyp viral mbg ruuperampasanaset,in,1,0,0,0,23,0,1_root,#MBG[Latest],,netral,0,https://x.com/MegamasNews/status/2093118865597137171
2093115097845846441,2026-08-27 23:15:02,tidusshuyin,中島ヒロ(๑ ิټ ิ)🂱🃏,117,Anak buah lu pak @ListyoSigitP pekok bloon @DivHumas_Polri @kring_pajak @DitjenPajakRI @TaxFoundation @MediaKonsumenID @DPR_RI @mprgoid @KPK_RI #demo27agustus #ppatk #mbg #bgn https://t.co/CE8CBURwZW,anak buah lu pak pekok bloon demo27agustus ppatk mbg bgn,in,0,0,0,0,916,0,1_root,#MBG[Latest],,netral,0,https://x.com/tidusshuyin/status/2093115097845846441
2093015441384046909,2026-08-27 16:39:02,Blokadotcom,Blokadotcom,591,"Video seorang guru yang memperlihatkan benda diduga peluru di dalam potongan daging menu Makan Bergizi Gratis (MBG) viral di media sosial.

Peristiwa tersebut disebut terjadi di SD Negeri 3 Sindangsari, Kecamatan Kotabumi, Kabupaten Lampung Utara.

#mbg #makanbergizigratis https://t.co/MbFwfdTB6j",video seorang guru yang memperlihatkan benda diduga peluru di dalam potongan daging menu makan bergizi gratis mbg viral di media sosial peristiwa tersebut disebut terjadi di sd negeri 3 sindangsari kecamatan kotabumi kabupaten lampung utara mbg makanbergizigratis,in,0,0,1,0,173,0,1_root,#MBG[Latest],,positif,2,https://x.com/Blokadotcom/status/2093015441384046909
2092987457361056232,2026-08-27 14:47:50,SilviAndriana1,Silvi Andriana,15,"Melalui peluncuran Radar MBG, BGN memperkuat transparansi Program Makan Bergizi Gratis dengan memberikan akses bagi orang tua untuk memantau menu, kandungan gizi, hingga lokasi dapur secara langsung

#MakanBergiziGratis
#MBG https://t.co/wvsKpp9q4f",melalui peluncuran radar mbg bgn memperkuat transparansi program makan bergizi gratis dengan memberikan akses bagi orang tua untuk memantau menu kandungan gizi hingga lokasi dapur secara langsung makanbergizigratis mbg,in,0,0,0,0,23,0,1_root,#MBG[Latest],,positif,2,https://x.com/SilviAndriana1/status/2092987457361056232
2092987424226111827,2026-08-27 14:47:42,SilviAndriana1,Silvi Andriana,15,"Melalui peluncuran Radar MBG, BGN memperkuat transparansi Program Makan Bergizi Gratis dengan memberikan akses bagi orang tua untuk memantau menu, kandungan gizi, hingga lokasi dapur secara langsung

#MakanBergiziGratis
#MBG https://t.co/Q0V5svF3tj",melalui peluncuran radar mbg bgn memperkuat transparansi program makan bergizi gratis dengan memberikan akses bagi orang tua untuk memantau menu kandungan gizi hingga lokasi dapur secara langsung makanbergizigratis mbg,in,0,0,0,0,19,0,1_root,#MBG[Latest],,positif,2,https://x.com/SilviAndriana1/status/2092987424226111827
2092987389736325552,2026-08-27 14:47:34,SilviAndriana1,Silvi Andriana,15,"Melalui peluncuran Radar MBG, BGN memperkuat transparansi Program Makan Bergizi Gratis dengan memberikan akses bagi orang tua untuk memantau menu, kandungan gizi, hingga lokasi dapur secara langsung

#MakanBergiziGratis
#MBG https://t.co/W0GWP2vM2p",melalui peluncuran radar mbg bgn memperkuat transparansi program makan bergizi gratis dengan memberikan akses bagi orang tua untuk memantau menu kandungan gizi hingga lokasi dapur secara langsung makanbergizigratis mbg,in,0,0,0,0,18,0,1_root,#MBG[Latest],,positif,2,https://x.com/SilviAndriana1/status/2092987389736325552
2062319217526132758,2026-06-03 23:43:12,watchdoc_ID,Watchdoc Documentary,86512,"102 yayasan pengelola MBG yang diduga ada konflik kepentingan. 28 nya diduga terafiliasi partai politik. 

#MBG #Watchdoc https://t.co/kUe07fMdO2",102 yayasan pengelola mbg yang diduga ada konflik kepentingan 28 nya diduga terafiliasi partai politik mbg watchdoc,in,1680,1177,86,97,310647,0,1_root,#MBG[Top],,netral,0,https://x.com/watchdoc_ID/status/2062319217526132758
2092547838039462086,2026-08-26 09:40:56,kompascom,Kompas.com,8035970,"Baca selengkapnya: https://t.co/SHpuG6CNfe

Presiden RI Prabowo Subianto menemui korban gempa NTT dan menanyakan kelanjutan MBG. Warga Nagekeo meminta program itu diteruskan.

~RK #Prabowo #MBG https://t.co/6dU0ZK1NN7",baca selengkapnya presiden ri prabowo subianto menemui korban gempa ntt dan menanyakan kelanjutan mbg warga nagekeo meminta program itu diteruskan rk prabowo mbg,in,269,86,233,327,253802,0,1_root,#MBG[Top],,netral,0,https://x.com/kompascom/status/2092547838039462086
1990222341687910706,2025-11-17 00:55:57,dosenkesmas,MinDos,25868,"BERITA DUKA PAGI INI

Nasib teman teman SGz akan dibuat mirip seperti SKM (K3) atau S1 K3 dimana dengan modal sertifikasi 3 bulan ala BNSP maka ""siapapun"" bisa jadi ""Ahli Gizi"" atau ""Pengawas Gizi"" seperti statemen dibawah ini....

#MBG

Source IG: wira.adikaraa https://t.co/SupForwhMA",berita duka pagi ini nasib teman teman sgz akan dibuat mirip seperti skm k3 atau s1 k3 dimana dengan modal sertifikasi 3 bulan ala bnsp maka siapapun bisa jadi ahli gizi atau pengawas gizi seperti statemen dibawah ini mbg source ig wira adikaraa,in,10201,5310,616,2126,2281994,0,1_root,#MBG[Top],,netral,0,https://x.com/dosenkesmas/status/1990222341687910706
2064666788106006891,2026-06-10 11:11:36,watchdoc_ID,Watchdoc Documentary,86512,"Saat aksi geruduk kantor Badan Gizi Nasional (BGN) berlangsung, seorang ibu pedagang melintas. Kemudian dengan lantang ia meluapkan kemarahannya terhadap program Makan Bergizi Gratis (MBG).

#MBG #Watchdoc https://t.co/JJyaRn9qsK",saat aksi geruduk kantor badan gizi nasional bgn berlangsung seorang ibu pedagang melintas kemudian dengan lantang ia meluapkan kemarahannya terhadap program makan bergizi gratis mbg mbg watchdoc,in,44027,16217,397,599,1616067,0,1_root,#MBG[Top],,positif,2,https://x.com/watchdoc_ID/status/2064666788106006891
2094291976732762147,2026-08-31 05:11:31,bondmhsa,bondmhsa,2,"Dua Sisi Program MBG
persepsi masyarakat

#mbg #programpemerintah #indonesia https://t.co/5BZxUMkXAy",dua sisi program mbg persepsi masyarakat mbg programpemerintah indonesia,in,1,0,0,0,7,0,1_root,#MBG[Top],,netral,0,https://x.com/bondmhsa/status/2094291976732762147
2052660507069563353,2026-05-08 08:02:56,Gerindra,Partai Gerindra,721307,"Di tengah berbagai pendapat tentang MBG, ada banyak cerita dari anak-anak yang menerima langsung manfaatnya. #mbg https://t.co/Sw10UjGtfl",di tengah berbagai pendapat tentang mbg ada banyak cerita dari anak anak yang menerima langsung manfaatnya mbg,in,289,54,1208,585,1243819,0,1_root,#MBG[Top],,netral,0,https://x.com/Gerindra/status/2052660507069563353
2093952978093039796,2026-08-30 06:44:28,anthonyemyou,anthonyemyu,0,Orangtua terbantu dengan adanya #MBG #MakanBergiziGratis https://t.co/W4RODpwuwl,orangtua terbantu dengan adanya mbg makanbergizigratis,in,0,0,1,0,22,0,1_root,#MBG[Top],,netral,0,https://x.com/anthonyemyou/status/2093952978093039796
2046455706338140404,2026-04-21 05:07:16,areaeksak,Area Eksak,42956,"PM 2026
Tipe soal ini keluar lagi dengan cerita yang berbeda.
#SNBT #UTBK #MBG https://t.co/H0xvMXCsgY",pm 2026 tipe soal ini keluar lagi dengan cerita yang berbeda snbt utbk mbg,in,11489,1617,48,58,447269,0,1_root,#MBG[Top],,netral,0,https://x.com/areaeksak/status/2046455706338140404
2065272040328958254,2026-06-12 03:16:39,watchdoc_ID,Watchdoc Documentary,86512,"Kritik terhadap MBG bukan hal baru. Sejumlah organisasi masyarakat sipil mengaku telah menyampaikan peringatan sejak awal pelaksanaan program.
Simak pandangan Agus Sarwono dari Transparency International Indonesia.

#MBG #Watchdoc https://t.co/CLheOQx9ip",kritik terhadap mbg bukan hal baru sejumlah organisasi masyarakat sipil mengaku telah menyampaikan peringatan sejak awal pelaksanaan program simak pandangan agus sarwono dari transparency international indonesia mbg watchdoc,in,1801,1006,6,8,20181,0,1_root,#MBG[Top],,netral,0,https://x.com/watchdoc_ID/status/2065272040328958254
2021941648276816324,2026-02-12 13:37:09,kompascom,Kompas.com,8035970,"Seorang guru honorer bernama Reza Sudrajat menggugat Undang-undang APBN tahun 2026 ke Mahkamah Konstitusi (MK) gara-gara program Makan Bergizi Gratis (MBG) yang menurutnya berimbas dipangkasnya anggaran pendidikan.

Baca selengkapnya: https://t.co/FMYBX2HPse.

~SN #MBG #GuruHonorer #MK #AnggaranDipangkas",seorang guru honorer bernama reza sudrajat menggugat undang undang apbn tahun 2026 ke mahkamah konstitusi mk gara gara program makan bergizi gratis mbg yang menurutnya berimbas dipangkasnya anggaran pendidikan baca selengkapnya sn mbg guruhonorer mk anggarandipangkas,in,27519,10200,264,331,724388,0,1_root,#MBG[Top],,positif,2,https://x.com/kompascom/status/2021941648276816324
2067565893190848563,2026-06-18 11:11:37,kompascom,Kompas.com,8035970,"Baca selengkapnya: https://t.co/2kUajEy844

Dalam kunjungan ke NTT, Wapres Gibran Rakabuming Raka menilai program MBG akan lebih tepat sasaran jika difokuskan di daerah 3T.

~MS #Gibran #daerah3T #MBG https://t.co/Yu4lMCIu0A",baca selengkapnya dalam kunjungan ke ntt wapres gibran rakabuming raka menilai program mbg akan lebih tepat sasaran jika difokuskan di daerah 3t ms gibran daerah3t mbg,in,416,70,482,532,1117710,0,1_root,#MBG[Top],,positif,1,https://x.com/kompascom/status/2067565893190848563
2010838578289668221,2026-01-12 22:17:31,ommi_siregar,Ommi de Queen👑,26896,"Kalau di tempat kami wali murid dilarang posting komplain masalah MBG.
 Guru di Tanjung Balai lain ceritanya.
#mbg

Makasih bu guru, anda telah menyelamatkan banyak siswa 👍 https://t.co/FnE73PU2Ug",kalau di tempat kami wali murid dilarang posting komplain masalah mbg guru di tanjung balai lain ceritanya mbg makasih bu guru anda telah menyelamatkan banyak siswa,in,5369,1955,12,128,143368,0,1_root,#MBG[Top],,negatif,-1,https://x.com/ommi_siregar/status/2010838578289668221
2090384416380211201,2026-08-20 10:24:16,kompascom,Kompas.com,8035970,"Baca selengkapnya: https://t.co/nWrH8zvpof

Dalam sidang praperadilan, eks Wakil Kepala BGN Lodewyk Pusung mengungkap mantan Kepala BGN Nanik S Deyang memiliki dapur MBG dan kerap menghubunginya dengan membawa nama Presiden Prabowo Subianto.

~MS #NanikSDeyang #MBG #BGN https://t.co/mTfPBUU3OI",baca selengkapnya dalam sidang praperadilan eks wakil kepala bgn lodewyk pusung mengungkap mantan kepala bgn nanik s deyang memiliki dapur mbg dan kerap menghubunginya dengan membawa nama presiden prabowo subianto ms naniksdeyang mbg bgn,in,232,121,44,17,20323,0,1_root,#MBG[Top],,netral,0,https://x.com/kompascom/status/2090384416380211201
2031676381650923748,2026-03-11 10:19:30,watchdoc_ID,Watchdoc Documentary,86512,"Dr. Media Askar menyebut kondisi ini membuat MBG lebih menyerupai corporate welfare daripada bantuan sosial langsung. Jika anggaran publik sebesar itu tidak benar-benar sampai ke masyarakat kecil, siapa sebenarnya yang sedang menerima manfaat terbesar dari program ini?
#MBG https://t.co/YKnIrJpCGr",dr media askar menyebut kondisi ini membuat mbg lebih menyerupai corporate welfare daripada bantuan sosial langsung jika anggaran publik sebesar itu tidak benar benar sampai ke masyarakat kecil siapa sebenarnya yang sedang menerima manfaat terbesar dari program ini mbg,in,3770,2307,93,78,159212,0,1_root,#MBG[Top],,netral,0,https://x.com/watchdoc_ID/status/2031676381650923748
2042112773228728639,2026-04-09 05:30:00,tempodotco,tempo.co,2533960,"Purbaya Tolak Pengadaan Sepeda Motor untuk MBG

#TempoPlus #Purbaya #MBG
https://t.co/D20lMVVt87",purbaya tolak pengadaan sepeda motor untuk mbg tempoplus purbaya mbg,in,73,25,19,6,16032,0,1_root,#MBG[Top],,negatif,-1,https://x.com/tempodotco/status/2042112773228728639
2093994849435521297,2026-08-30 09:30:51,Albima08,Ibrahim-al bima 08,2,"📚🍱 PENDIDIKAN VS MBG? JANGAN SALAH KAMAR!

Gizi dan pendidikan bukan musuh. Anak butuh perut sehat dan otak yang terdidik.

Dukung programnya, hormati kritiknya, dan yang paling penting: kawal anggarannya! 🔎🇮🇩

#MBG #Pendidikan #MakanBergiziGratis #KawalAnggaran #JagaIndonesia https://t.co/R987Om4bDR",pendidikan vs mbg jangan salah kamar gizi dan pendidikan bukan musuh anak butuh perut sehat dan otak yang terdidik dukung programnya hormati kritiknya dan yang paling penting kawal anggarannya mbg pendidikan makanbergizigratis kawalanggaran jagaindonesia,in,0,0,0,0,10,0,1_root,#MBG[Top],,positif,1,https://x.com/Albima08/status/2093994849435521297
2022255890133651540,2026-02-13 10:25:50,kompascom,Kompas.com,8035970,"Presiden Prabowo Subianto mendapat laporan bahwa kualitas program Makan Bergizi Gratis (MBG) di Indonesia lebih baik ketimbang program serupa di Jepang dan negara-negara Eropa.

Baca di sini: https://t.co/cKSFj8zoFK

~AA #Prabowo #MBG https://t.co/u5YO7V3rlM",presiden prabowo subianto mendapat laporan bahwa kualitas program makan bergizi gratis mbg di indonesia lebih baik ketimbang program serupa di jepang dan negara negara eropa baca di sini aa prabowo mbg,in,752,200,1778,1608,765126,0,1_root,#MBG[Top],,positif,4,https://x.com/kompascom/status/2022255890133651540
2093827154102685930,2026-08-29 22:24:29,opinipublikk,opinipublik,0,Bagaimana menurut kalian terkait motor BGN yang akhirnya tidak terpakai akan dilimpahkan ke kementrian lain? Apakah Efektif atau seharusnya tidak membeli dari awal? #bgn #motorlistrik #mbg #kementrian https://t.co/ckdSKjVXlM,bagaimana menurut kalian terkait motor bgn yang akhirnya tidak terpakai akan dilimpahkan ke kementrian lain apakah efektif atau seharusnya tidak membeli dari awal bgn motorlistrik mbg kementrian,in,0,0,0,0,5,0,1_root,#MBG[Top],,positif,1,https://x.com/opinipublikk/status/2093827154102685930
2082819474483478600,2026-07-30 13:23:54,watchdoc_ID,Watchdoc Documentary,86512,"“Semua orang harus tahu, ini adalah kemenangan semu, dan kita kecewa,” ungkap Hafidz Haernanda, mahasiswa perwakilan dari BEM UI yang hadir di gedung Mahkamah Konstitusi untuk mengawal putusan gugatan penggunaan anggaran pendidikan dalam APBN 2026 untuk program MBG.

#MBG #Watchdoc",semua orang harus tahu ini adalah kemenangan semu dan kita kecewa ungkap hafidz haernanda mahasiswa perwakilan dari bem ui yang hadir di gedung mahkamah konstitusi untuk mengawal putusan gugatan penggunaan anggaran pendidikan dalam apbn 2026 untuk program mbg mbg watchdoc,in,908,437,9,13,21614,0,1_root,#MBG[Top],,negatif,-1,https://x.com/watchdoc_ID/status/2082819474483478600
2042218473594773519,2026-04-09 12:30:01,tempodotco,tempo.co,2533960,"Purbaya Pastikan Tak Ada Sepeda Motor MBG untuk 2026

#Purbaya #MBG
https://t.co/jR60TNpqTm",purbaya pastikan tak ada sepeda motor mbg untuk 2026 purbaya mbg,in,75,22,27,12,31349,0,1_root,#MBG[Top],,netral,0,https://x.com/tempodotco/status/2042218473594773519
1970743051737014374,2025-09-24 06:52:12,pikiran_rakyat,Pikiran Rakyat,402583,"Suasana panik terjadi saat sejumlah siswa yang diduga keracunan makanan dibawa ke Kantor Kecamatan Cipongkor, Kabupaten Bandung Barat, Rabu (24/9/2025). Kasus dugaan keracunan makanan kembali terulang di Cipongkor.

Bambang Aarifianto/PR

#siswa #MBG #bandungbarat https://t.co/i7nvDhUhkV",suasana panik terjadi saat sejumlah siswa yang diduga keracunan makanan dibawa ke kantor kecamatan cipongkor kabupaten bandung barat rabu 24 9 2025 kasus dugaan keracunan makanan kembali terulang di cipongkor bambang aarifianto pr siswa mbg bandungbarat,in,795,449,120,74,70009,0,1_root,#MBG[Top],,negatif,-2,https://x.com/pikiran_rakyat/status/1970743051737014374
2093978477091566056,2026-08-30 08:25:47,Albima08,Ibrahim-al bima 08,2,"MBG DI SEKOLAH ELITE: DISKRIMINASI ATAU PRIORITAS? 🍱🔎

Bukan soal membeda-bedakan, tapi memastikan yang paling membutuhkan mendapat prioritas.

Data harus jelas, kebijakan harus adil, dan anggaran wajib tepat sasaran.

#MBG #KeadilanSosial #JagaIndonesia https://t.co/Il5EBVtgdm",mbg di sekolah elite diskriminasi atau prioritas bukan soal membeda bedakan tapi memastikan yang paling membutuhkan mendapat prioritas data harus jelas kebijakan harus adil dan anggaran wajib tepat sasaran mbg keadilansosial jagaindonesia,in,0,0,0,0,12,0,1_root,#MBG[Top],,positif,1,https://x.com/Albima08/status/2093978477091566056
1969936430555349421,2025-09-22 01:26:59,kompascom,Kompas.com,8035970,"""Kan ditulis 400-500 sekian gitu, ternyata sudah saya cek benar dan saya sudah dapat data dari polisi, dari rumah sakit, 150 (pelajar),"" ujar Nanik, saat dihubungi https://t.co/DgEZMaei1Y, Minggu (21/9/2025).  

Baca selengkapnya 👇 
https://t.co/cJ6fXWpskA 

~LL #Keracunan #MBG",kan ditulis 400 500 sekian gitu ternyata sudah saya cek benar dan saya sudah dapat data dari polisi dari rumah sakit 150 pelajar ujar nanik saat dihubungi minggu 21 9 2025 baca selengkapnya ll keracunan mbg,in,231,69,225,297,231264,0,1_root,#MBG[Top],,negatif,-1,https://x.com/kompascom/status/1969936430555349421
2042263771243225207,2026-04-09 15:30:01,tempodotco,tempo.co,2533960,"Anggota DPR Minta BGN Batalkan Pengadaan Motor Listrik MBG

#MBG #BGN #DPR
https://t.co/jhbRoRLzTy",anggota dpr minta bgn batalkan pengadaan motor listrik mbg mbg bgn dpr,in,191,43,27,7,8900,0,1_root,#MBG[Top],,netral,0,https://x.com/tempodotco/status/2042263771243225207
2032050563505144269,2026-03-12 11:06:22,watchdoc_ID,Watchdoc Documentary,86512,"Menurut Pak Busyro, rakyat merupakan subjek hukum yang berdaulat sebagaimana ditegaskan dalam UUD 1945. Ia menyebut kritik masyarakat terhadap kebijakan publik tidak seharusnya dibalas dengan pelabelan seperti “antek asing” atau bentuk stigmatisasi lain.

#Watchdoc #MBG https://t.co/zN3BjPiNKz",menurut pak busyro rakyat merupakan subjek hukum yang berdaulat sebagaimana ditegaskan dalam uud 1945 ia menyebut kritik masyarakat terhadap kebijakan publik tidak seharusnya dibalas dengan pelabelan seperti antek asing atau bentuk stigmatisasi lain watchdoc mbg,in,687,366,11,5,8513,0,1_root,#MBG[Top],,netral,0,https://x.com/watchdoc_ID/status/2032050563505144269
2094242329125437661,2026-08-31 01:54:15,Biski13813,Biski,3,"Dari meja sekolah, kita wujudkan generasi Indonesia yang hebat! #MBG #HarapanBangsa https://t.co/Tqk4wbilzp",dari meja sekolah kita wujudkan generasi indonesia yang hebat mbg harapanbangsa,in,0,0,0,0,1,0,1_root,#MBG[Top],,positif,1,https://x.com/Biski13813/status/2094242329125437661
1912438000711266498,2025-04-16 09:28:45,asumsico,Asumsi,339061,"Mitra dapur yang berada di Kalibata, Jakarta Selatan melaporkan Yayasan Media Berkat Nusantara ke kepolisian. Laporan itu terkait adanya dugaan penggelapan dana program Makan Bergizi Gratis sebesar Rp957.300.000.

#MBG #JakartaSelatan #MakanBergiziGratis #Kalibata #Asumsico https://t.co/6iCIJCpvrv",mitra dapur yang berada di kalibata jakarta selatan melaporkan yayasan media berkat nusantara ke kepolisian laporan itu terkait adanya dugaan penggelapan dana program makan bergizi gratis sebesar rp957 300 000 mbg jakartaselatan makanbergizigratis kalibata asumsico,in,829,404,92,211,321397,0,1_root,#MBG[Top],,positif,2,https://x.com/asumsico/status/1912438000711266498
1905542613962555636,2025-03-28 08:48:57,Kodokodar,Fousca ⌫⧨,1394,Mantap Pak @prabowo TRISAKTI NO SCOPE 🗣️🔥🔥 #MBG https://t.co/gV8GBTCazW,mantap pak trisakti no scope mbg,ht,3408,853,52,75,69721,0,1_root,#MBG[Top],,positif,1,https://x.com/Kodokodar/status/1905542613962555636
2091751682531271162,2026-08-24 04:57:18,kompascom,Kompas.com,8035970,"Baca selengkapnya: https://t.co/wFPFYfIl4h

Ratusan warga Bangkalan dari berbagai latar belakang akan berangkat ke Jakarta pada 27 Agustus 2026 untuk menyuarakan dukungan terhadap program Presiden Prabowo Subianto, salah satunya MBG.

~MS #Bangkalan #MBG https://t.co/rLuPnnNo1t",baca selengkapnya ratusan warga bangkalan dari berbagai latar belakang akan berangkat ke jakarta pada 27 agustus 2026 untuk menyuarakan dukungan terhadap program presiden prabowo subianto salah satunya mbg ms bangkalan mbg,in,71,17,89,31,18003,0,1_root,#MBG[Top],,negatif,-1,https://x.com/kompascom/status/2091751682531271162
2094346747963470243,2026-08-31 08:49:10,hennyvyola,Henny Yola,0,"Cerita Manfaat dari Masyarakat

#MBG https://t.co/11rcH58nZX",cerita manfaat dari masyarakat mbg,in,0,0,0,0,2,0,1_root,#MBG[Top],,netral,0,https://x.com/hennyvyola/status/2094346747963470243
2005569168427622637,2025-12-29 09:18:46,watchdoc_ID,Watchdoc Documentary,86512,"Data sebaran SPPG menunjukkan konsentrasi tertinggi justru berada di wilayah yang pada Pemilu 2024 tercatat sebagai kantong suara terbesar. Mengapa?

https://t.co/VukCtrNrMB

#TakAdaMakanSiangGratis #MBG #Efisiensi #Watchdoc https://t.co/VuTK4QPHk2",data sebaran sppg menunjukkan konsentrasi tertinggi justru berada di wilayah yang pada pemilu 2024 tercatat sebagai kantong suara terbesar mengapa takadamakansianggratis mbg efisiensi watchdoc,in,546,334,25,13,12176,0,1_root,#MBG[Top],,netral,0,https://x.com/watchdoc_ID/status/2005569168427622637
2038526688213299618,2026-03-30 08:00:11,watchdoc_ID,Watchdoc Documentary,86512,"Puluhan ribu pegawai SPPG diangkat menjadi PPPK. Pada sisi lain, di NTT, sekitar 9.000 PPPK dilaporkan terancam diberhentikan. Sekitar 2.000 PPPK di Sulawesi Barat juga sama. Padahal sebagian dari mereka baru saja diangkat setelah bertahun-tahun menjadi honorer.

#MBG https://t.co/KEUV3XY6An",puluhan ribu pegawai sppg diangkat menjadi pppk pada sisi lain di ntt sekitar 9 000 pppk dilaporkan terancam diberhentikan sekitar 2 000 pppk di sulawesi barat juga sama padahal sebagian dari mereka baru saja diangkat setelah bertahun tahun menjadi honorer mbg,in,544,366,22,35,31290,0,1_root,#MBG[Top],,netral,0,https://x.com/watchdoc_ID/status/2038526688213299618
2094352158494019607,2026-08-31 09:10:40,disway_update,Disway. Id,242,"Berdasarkan video yang beredar di sosial media terkait pernyataan Kepala Dinas Pendidikan Provinsi Kalimantan Tengah, Reza Prabowo yang meminta sekolah tidak diliburkan di tengah kondisi kualitas udara yang mencapai level berbahaya mendapat sorotan publik.

#KarhutlaKalimantan https://t.co/9IM3WNVVgQ",berdasarkan video yang beredar di sosial media terkait pernyataan kepala dinas pendidikan provinsi kalimantan tengah reza prabowo yang meminta sekolah tidak diliburkan di tengah kondisi kualitas udara yang mencapai level berbahaya mendapat sorotan publik karhutlakalimantan,in,0,0,1,0,22,0,1_root,#MBG[Top],,netral,0,https://x.com/disway_update/status/2094352158494019607
2094354524899291169,2026-08-31 09:20:04,disway_update,Disway. Id,242,"Reza Prabowo kemudian meminta para kepala sekolah mempertimbangkan dampak lain apabila siswa dipulangkan dan kegiatan belajar dihentikan.  

Selain meminta sekolah tidak diliburkan, Reza juga mengusulkan adanya penyesuaian waktu kegiatan belajar mengajar.",reza prabowo kemudian meminta para kepala sekolah mempertimbangkan dampak lain apabila siswa dipulangkan dan kegiatan belajar dihentikan selain meminta sekolah tidak diliburkan reza juga mengusulkan adanya penyesuaian waktu kegiatan belajar mengajar,in,0,0,1,0,8,0,1_root,#MBG[Top],,netral,0,https://x.com/disway_update/status/2094354524899291169
2094286521960632652,2026-08-31 04:49:51,tvindependenid,Tv Independen Independen Indonesia,12,"Anak-anak Surabaya kalau dikasih kuis emang beda level hebohnya 😂 Rebutan mic sampai bertengkar tipis-tipis demi hadiah!

#KuisLucu #Surabaya #MBG #SekolahRakyat #TVIIndependenIndonesia

5. Threads https://t.co/6dIpOlYl8Y",anak anak surabaya kalau dikasih kuis emang beda level hebohnya rebutan mic sampai bertengkar tipis tipis demi hadiah kuislucu surabaya mbg sekolahrakyat tviindependenindonesia 5 threads,in,1,1,1,0,70,0,1_root,#MBG[Top],,netral,0,https://x.com/tvindependenid/status/2094286521960632652
2094364724322607503,2026-08-31 10:00:36,signal__exp,Signal Experiments,7,"MBG sudah menjangkau 63,13 juta penerima per 3 Agustus 2026. https://t.co/wyINLT0ziR",mbg sudah menjangkau 63 13 juta penerima per 3 agustus 2026,in,0,0,1,0,2,0,1_root,#MBG[Top],,netral,0,https://x.com/signal__exp/status/2094364724322607503
2094364771651055767,2026-08-31 10:00:47,signal__exp,Signal Experiments,7,"Data status gizi pasca-program masih dalam proses pengumpulan pemerintah.
Ahli gizi menambahkan sudut pandang lain. Gizi bukan cuma soal isi piring. ASI eksklusif, imunisasi, tablet tambah darah, dan edukasi gizi sama-sama berperan.",data status gizi pasca program masih dalam proses pengumpulan pemerintah ahli gizi menambahkan sudut pandang lain gizi bukan cuma soal isi piring asi eksklusif imunisasi tablet tambah darah dan edukasi gizi sama sama berperan,in,0,0,1,0,0,0,1_root,#MBG[Top],,netral,0,https://x.com/signal__exp/status/2094364771651055767
2093989932595646833,2026-08-30 09:11:19,Albima08,Ibrahim-al bima 08,2,"💰 Rp6 JUTA SEHARI, BENARKAH MASUK KANTONG PRIBADI?

Jangan cuma lihat angkanya! 🔎
Yang penting: untuk apa, siapa yang menerima, dan bagaimana pertanggungjawabannya?

MBG boleh jalan, tapi uang rakyat wajib transparan
#MBG #MakanBergiziGratis #Transparansi #UangRakyat https://t.co/AjzrPnl2RD",rp6 juta sehari benarkah masuk kantong pribadi jangan cuma lihat angkanya yang penting untuk apa siapa yang menerima dan bagaimana pertanggungjawabannya mbg boleh jalan tapi uang rakyat wajib transparan mbg makanbergizigratis transparansi uangrakyat,in,0,0,0,0,14,0,1_root,#MBG[Top],,positif,1,https://x.com/Albima08/status/2093989932595646833
2094327173251547359,2026-08-31 07:31:23,HSidragon72417,Hotman Sidragon,0,Cerita Manfaat dari Masyarakat Langkah Nyata untuk Kesejahteraan Harapan dan Dukungan Warga #MBG #KDMP #CKG https://t.co/YIadz25rRM,cerita manfaat dari masyarakat langkah nyata untuk kesejahteraan harapan dan dukungan warga mbg kdmp ckg,in,0,0,4,0,7,0,1_root,#MBG[Top],,netral,0,https://x.com/HSidragon72417/status/2094327173251547359
2094328014872142203,2026-08-31 07:34:44,HSidragon72417,Hotman Sidragon,0,Cerita Manfaat dari Masyarakat Langkah Nyata untuk Kesejahteraan Harapan dan Dukungan Warga #MBG #KDMP #CKG https://t.co/iZ8d8SQwfD,cerita manfaat dari masyarakat langkah nyata untuk kesejahteraan harapan dan dukungan warga mbg kdmp ckg,in,0,0,0,0,3,0,1_root,#MBG[Top],,netral,0,https://x.com/HSidragon72417/status/2094328014872142203
2047301881870033372,2026-04-23 13:09:40,areaeksak,Area Eksak,42956,"Soal model ini katanya keluar di day 3 ya? 🤔
#SNBT #UTBK #MBG https://t.co/Gbv492PdUo",soal model ini katanya keluar di day 3 ya snbt utbk mbg,in,1589,147,23,17,66938,0,1_root,#MBG[Top],,netral,0,https://x.com/areaeksak/status/2047301881870033372
2091736132912652680,2026-08-24 03:55:31,rang_simabua,Rang Simabua,23719,"Rp240 triliun buat MBG di RAPBN 2027.

Sementara karhutla Kalimantan dan juga Papua masih berkobar. Gempa NTT masih butuh bantuan, sedangkan realisasi MBG tahun lalu juga sempat disorot.

Mana yang lebih urgent untuk saat ini?

#RAPBN2027 #Karhutla #MBG https://t.co/3y13yVVL7I",rp240 triliun buat mbg di rapbn 2027 sementara karhutla kalimantan dan juga papua masih berkobar gempa ntt masih butuh bantuan sedangkan realisasi mbg tahun lalu juga sempat disorot mana yang lebih urgent untuk saat ini rapbn2027 karhutla mbg,in,6,3,2,1,633,0,1_root,#MBG[Top],,netral,0,https://x.com/rang_simabua/status/2091736132912652680
2091603267398803805,2026-08-23 19:07:33,rang_simabua,Rang Simabua,23719,"1.923 HOTSPOT DI PAPUA TENGAH

BMKG mencatat 1.923 titik panas (hotspot) terdeteksi di Papua Tengah selama periode 10–22 Agustus 2026, dengan Kabupaten Nabire menjadi wilayah terbanyak mencapai 1.069 titik.

Kepala BMKG Nabire Husain Kamadi di Nabire, Minggu, mengatakan dari 1.923 titik panas tersebut, sebanyak 273 titik memiliki tingkat kepercayaan rendah, 1.537 titik kategori sedang, dan 113 titik kategori tinggi.

https://t.co/Ic8oh3eiHx",1 923 hotspot di papua tengah bmkg mencatat 1 923 titik panas hotspot terdeteksi di papua tengah selama periode 10 22 agustus 2026 dengan kabupaten nabire menjadi wilayah terbanyak mencapai 1 069 titik kepala bmkg nabire husain kamadi di nabire minggu mengatakan dari 1 923 titik panas tersebut sebanyak 273 titik memiliki tingkat kepercayaan rendah 1 537 titik kategori sedang dan 113 titik kategori tinggi,in,3,1,0,1,572,0,1_root,#MBG[Top],,netral,0,https://x.com/rang_simabua/status/2091603267398803805
2093780215344627936,2026-08-29 19:17:58,wawasanpojok,Pojok Wawasan,1,"Ketika sebuah program diperluas, tambahan anggaran biasanya menjadi hal yang pertama dipikirkan. Tetapi untuk MBG, BGN memastikan perluasan dapur pada 2026 tidak disertai tambahan anggaran.

#mbg #makanbergizi #beritaviral #indonesia #fyp https://t.co/PgWAFKZCME",ketika sebuah program diperluas tambahan anggaran biasanya menjadi hal yang pertama dipikirkan tetapi untuk mbg bgn memastikan perluasan dapur pada 2026 tidak disertai tambahan anggaran mbg makanbergizi beritaviral indonesia fyp,in,0,0,0,0,2,0,1_root,#MBG[Top],,netral,0,https://x.com/wawasanpojok/status/2093780215344627936
2094316261660651596,2026-08-31 06:48:01,Warcury_jbi,warcury_jbi,4,"Cerita Manfaat dari Masyarakat, MBG bantu gizi anak sekaligus petani lokal. #MBG https://t.co/yHYz9IByVc",cerita manfaat dari masyarakat mbg bantu gizi anak sekaligus petani lokal mbg,in,0,0,0,0,1,0,1_root,#MBG[Top],,netral,0,https://x.com/Warcury_jbi/status/2094316261660651596
2093766023916990767,2026-08-29 18:21:35,FolkLore_ID_,FolkLore,0,"Kekhawatiran soal anggaran yang membengkak karena perluasan MBG kini mendapat kepastian. BGN menyatakan tidak ada tambahan anggaran untuk program tersebut pada 2026.

#mbg #makanbergizi #beritahariini #indonesia #fypindonesia https://t.co/EbN0AQHhd3",kekhawatiran soal anggaran yang membengkak karena perluasan mbg kini mendapat kepastian bgn menyatakan tidak ada tambahan anggaran untuk program tersebut pada 2026 mbg makanbergizi beritahariini indonesia fypindonesia,in,0,0,0,0,2,0,1_root,#MBG[Top],,netral,0,https://x.com/FolkLore_ID_/status/2093766023916990767
2094317048566554735,2026-08-31 06:51:09,rosemarieChubby,Rose Marie Molina,0,"Cerita Manfaat dari Masyarakat, anak sehat dan petani ikut tumbuh bersama. #MBG https://t.co/fun043fZmK",cerita manfaat dari masyarakat anak sehat dan petani ikut tumbuh bersama mbg,in,0,0,0,0,1,0,1_root,#MBG[Top],,positif,2,https://x.com/rosemarieChubby/status/2094317048566554735
2041847923944849727,2026-04-08 11:57:35,watchdoc_ID,Watchdoc Documentary,86513,"21 ribu motor baru disiapkan negara untuk Kepala SPPG menjalankan program MBG.

Sementara itu, Pak Agustinus masih menumpang truk pasir untuk pergi mengajar. Jaraknya hampir 4 kilometer. Sudah 23 tahun ia menjalani itu sebagai guru honorer.

#MBG https://t.co/pOMx71ZvZo",21 ribu motor baru disiapkan negara untuk kepala sppg menjalankan program mbg sementara itu pak agustinus masih menumpang truk pasir untuk pergi mengajar jaraknya hampir 4 kilometer sudah 23 tahun ia menjalani itu sebagai guru honorer mbg,in,522,353,13,12,7953,0,1_root,#MBG[Top],,netral,0,https://x.com/watchdoc_ID/status/2041847923944849727
2093977748393935208,2026-08-30 08:22:54,Afraputeh,Afra Puteh,58,"Dapur baru bertambah, anggaran tetap terjaga, MBG bidik wilayah 3T. Semoga jangkauannya makin luas dan manfaatnya semakin dirasakan masyarakat yang membutuhkan.

#jagaIndonesia #MBG #MakanBergiziGratis #Wilayah3T #IndonesiaMaju https://t.co/bhUDrURbRT",dapur baru bertambah anggaran tetap terjaga mbg bidik wilayah 3t semoga jangkauannya makin luas dan manfaatnya semakin dirasakan masyarakat yang membutuhkan jagaindonesia mbg makanbergizigratis wilayah3t indonesiamaju,in,0,0,0,0,37,0,1_root,#MBG[Top],,netral,0,https://x.com/Afraputeh/status/2093977748393935208
2093492941830631482,2026-08-29 00:16:27,paperringed,Kyoto,8033,NGEPUMP BGT?? https://t.co/KViQjdc83P,ngepump bgt,in,272,2,22,0,2868,0,1_root,#MBG[Top],,netral,0,https://x.com/paperringed/status/2093492941830631482
1975596122279452716,2025-10-07 16:16:35,gumpnhell,Gump n Hell #gumpnhell,26454,"Di IG nemu akun guru SD pedalaman Papua yg punya program ""Ngemil Sehat"". Ternyata nggak cuma soal ngasih 'cemilan' tp juga ngasih pengetahuan ttg pangan, baik ke siswa maupun ke mama2 Papua.

Program ""Ngemil Sehat (gratis)"" udah dari 2022.
👉 https://t.co/XyWDeXkJ4I

#mbg https://t.co/ZRsTQwqz1X",di ig nemu akun guru sd pedalaman papua yg punya program ngemil sehat ternyata nggak cuma soal ngasih cemilan tp juga ngasih pengetahuan ttg pangan baik ke siswa maupun ke mama2 papua program ngemil sehat gratis udah dari 2022 mbg,in,888,466,17,14,28812,0,1_root,#MBG[Top],,positif,4,https://x.com/gumpnhell/status/1975596122279452716
2093337379499307117,2026-08-28 13:58:18,wartadewan,warta dewan,5,Video seorang guru mengembalikan paket MBG karena diduga terdapat makanan kedaluwarsa. Makanan tersebut tidak dibagikan kepada siswa karena dikhawatirkan membahayakan kesehatan … https://t.co/Klnm33qvje,video seorang guru mengembalikan paket mbg karena diduga terdapat makanan kedaluwarsa makanan tersebut tidak dibagikan kepada siswa karena dikhawatirkan membahayakan kesehatan,in,0,0,1,0,19,0,1_root,#MBG[Top],,netral,0,https://x.com/wartadewan/status/2093337379499307117
2093337482305962043,2026-08-28 13:58:42,wartadewan,warta dewan,5,"… Keputusan guru tersebut menuai perhatian warganet. la menilai keselamatan dan kesehatan murid harus menjadi prioritas utama, sehingga makanan yang diragukan kualitasnya tidak layak untuk dikonsumsi.

#MBG #DPR #PDIP #PDIPerjuangan",keputusan guru tersebut menuai perhatian warganet la menilai keselamatan dan kesehatan murid harus menjadi prioritas utama sehingga makanan yang diragukan kualitasnya tidak layak untuk dikonsumsi mbg dpr pdip pdiperjuangan,in,0,0,0,0,13,0,1_root,#MBG[Top],,netral,0,https://x.com/wartadewan/status/2093337482305962043
2046463257343635794,2026-04-21 05:37:16,areaeksak,Area Eksak,42956,"PK 2026
Tipe soal ini keluar lagi dengan variasi yg sedikit berbeda. Model soalnya isian singkat 😁. #UTBK #SNBT #MBG https://t.co/0d3dwV1w1W",pk 2026 tipe soal ini keluar lagi dengan variasi yg sedikit berbeda model soalnya isian singkat utbk snbt mbg,in,3913,488,25,8,172602,0,1_root,#MBG[Top],,netral,0,https://x.com/areaeksak/status/2046463257343635794
2093785012340658234,2026-08-29 19:37:02,NaratifNstr,Naratif Nusantata,0,"Perluasan MBG membawa harapan baru bagi semakin banyak anak yang sebelumnya belum mendapatkan akses program. Menariknya, BGN memastikan perluasan dapur tersebut tidak membutuhkan tambahan anggaran pada 2026.

#mbg #makanbergizi #beritaterbaru #beritaindonesia #viral https://t.co/Y2Q5C0emvT",perluasan mbg membawa harapan baru bagi semakin banyak anak yang sebelumnya belum mendapatkan akses program menariknya bgn memastikan perluasan dapur tersebut tidak membutuhkan tambahan anggaran pada 2026 mbg makanbergizi beritaterbaru beritaindonesia viral,in,0,0,0,0,6,0,1_root,#MBG[Top],,netral,0,https://x.com/NaratifNstr/status/2093785012340658234
2093634622731219247,2026-08-29 09:39:26,Abizar70874,Abizar 39,1,"Terimakasih MBG telah memberikan makanan Bergizi sehingga dapat belajar Cerdas
#MBG https://t.co/qeqSt2CeNH",terimakasih mbg telah memberikan makanan bergizi sehingga dapat belajar cerdas mbg,in,0,0,0,0,7,0,1_root,#MBG[Top],,positif,1,https://x.com/Abizar70874/status/2093634622731219247
1974339875752309143,2025-10-04 05:04:42,kompascom,Kompas.com,8035970,"""Ini kan (MBG) baru sembilan bulan. Jadi kita jangan terus buru-buru kritik sana, kritik sini. Ya kritik boleh lah, enggak ada masalah. Tapi maksud saya ini membangun simpul-simpul ekonomi baru,"" ujar Luhut.

Baca selengkapnya 👇
https://t.co/LRTBTdXk9X

~LL #Luhut #MBG https://t.co/LpLWKlMgPT",ini kan mbg baru sembilan bulan jadi kita jangan terus buru buru kritik sana kritik sini ya kritik boleh lah enggak ada masalah tapi maksud saya ini membangun simpul simpul ekonomi baru ujar luhut baca selengkapnya ll luhut mbg,in,215,57,448,254,178131,0,1_root,#MBG[Top],,negatif,-1,https://x.com/kompascom/status/1974339875752309143
2018707842505556449,2026-02-03 15:27:10,watchdoc_ID,Watchdoc Documentary,86512,"Seorang anak SD di NTT mengakhiri hidup setelah tidak mampu membeli buku tulis dan pena untuk sekolah. Tragedi ini menunjukkan bahwa masih ada anak yang menghadapi pendidikan dengan beban ekonomi yang seharusnya tidak ia tanggung sendiri.
#MBG #Pendidikan #Watchdoc https://t.co/UxCuIk3XRb",seorang anak sd di ntt mengakhiri hidup setelah tidak mampu membeli buku tulis dan pena untuk sekolah tragedi ini menunjukkan bahwa masih ada anak yang menghadapi pendidikan dengan beban ekonomi yang seharusnya tidak ia tanggung sendiri mbg pendidikan watchdoc,in,881,460,32,31,40889,0,1_root,#MBG[Top],,netral,0,https://x.com/watchdoc_ID/status/2018707842505556449
2094344962683101439,2026-08-31 08:42:04,wartadewan,warta dewan,5,"AYL (54) &amp; AR (39) saling mengenal karena bekerja di SPPG Kecamatan Jenu, Tuban, dan sempat menjalin hubungan. AYL kemudian mengancam menyebarkan video pribadi mereka jika AR tidak memberikan Rp20 juta. Keduanya akhirnya sepakat AR mengirim Rp5 juta pada Senin (17/8) … https://t.co/SN0gFNhl8K",ayl 54 amp ar 39 saling mengenal karena bekerja di sppg kecamatan jenu tuban dan sempat menjalin hubungan ayl kemudian mengancam menyebarkan video pribadi mereka jika ar tidak memberikan rp20 juta keduanya akhirnya sepakat ar mengirim rp5 juta pada senin 17 8,in,0,0,1,0,12,0,1_root,#MBG[Top],,netral,0,https://x.com/wartadewan/status/2094344962683101439
2094345049777832291,2026-08-31 08:42:25,wartadewan,warta dewan,5,"… Setelah menerima uang, AYL kembali meminta uang dengan ancaman serupa dan beberapa kali mengajak korban bertemu. AR kemudian melaporkan kejadian tersebut ke Polsek Jenu hingga AYL berhasil diamankan polisi.

#Tuban #MBG #DPR #PDIP #PDIPerjuangan",setelah menerima uang ayl kembali meminta uang dengan ancaman serupa dan beberapa kali mengajak korban bertemu ar kemudian melaporkan kejadian tersebut ke polsek jenu hingga ayl berhasil diamankan polisi tuban mbg dpr pdip pdiperjuangan,in,0,0,0,0,5,0,1_root,#MBG[Top],,positif,1,https://x.com/wartadewan/status/2094345049777832291
2002366659491709275,2025-12-20 13:13:08,watchdoc_ID,Watchdoc Documentary,86512,"Mengapa Pemerintah Pusat tidak mau menjadikan banjir dan longsor di Sumatra menjadi Bencana Nasional?
Mengapa Pemerintah Pusat juga menolak bantuan kemanusiaan dari luar negeri?
Apa sebetulnya yang diinginkan Pemerintah Pusat?
https://t.co/VukCtrMTX3

#watchdoc #efisiensi #mbg https://t.co/RVpXnF95cV",mengapa pemerintah pusat tidak mau menjadikan banjir dan longsor di sumatra menjadi bencana nasional mengapa pemerintah pusat juga menolak bantuan kemanusiaan dari luar negeri apa sebetulnya yang diinginkan pemerintah pusat watchdoc efisiensi mbg,in,614,379,14,1,10151,0,1_root,#MBG[Top],,negatif,-2,https://x.com/watchdoc_ID/status/2002366659491709275
2089591987142046181,2026-08-18 05:55:27,kompascom,Kompas.com,8035970,"Baca selengkapnya: https://t.co/KZP8iC8qbc

Ratusan siswa SD di Cawas, Klaten, diduga keracunan MBG hingga tiga siswa dirawat. Kepala Dinkes Klaten Anggit Budiarto menyebut SPPG dihentikan sementara untuk investigasi.

~RK #Keracunan #MBG https://t.co/tG2oXf7x53",baca selengkapnya ratusan siswa sd di cawas klaten diduga keracunan mbg hingga tiga siswa dirawat kepala dinkes klaten anggit budiarto menyebut sppg dihentikan sementara untuk investigasi rk keracunan mbg,in,254,209,47,27,22992,0,1_root,#MBG[Top],,negatif,-2,https://x.com/kompascom/status/2089591987142046181
2089438586055917725,2026-08-17 19:45:53,YudhaShanny2,𝖄𝖀𝕯𝕳𝕬 𝕾𝕳𝕬𝕹𝕹𝖄,13801,"Sekolah atau tempat kerja bakti?
@prabowo
Miris melihat siswi ini harus memikul tumpukan wadah makanan MBG sendirian bak kuli angkut. 
Programnya bergizi, tapi kenapa siswi yang dibebani urusan  angkut piring Ompreng MBG?
Gimana Tanggung Jawab SPPG?
#MBG #ArahJakarta https://t.co/VoEq5DbZTW",sekolah atau tempat kerja bakti miris melihat siswi ini harus memikul tumpukan wadah makanan mbg sendirian bak kuli angkut programnya bergizi tapi kenapa siswi yang dibebani urusan angkut piring ompreng mbg gimana tanggung jawab sppg mbg arahjakarta,in,556,420,54,29,13397,0,1_root,#MBG[Top],,positif,1,https://x.com/YudhaShanny2/status/2089438586055917725
2067024973198446625,2026-06-16 23:22:11,kompascom,Kompas.com,8035970,"Baca selengkapnya: https://t.co/Y1nquxQuFX

Ketua Pimpinan Pusat Muhammadiyah Bidang Hukum, HAM, dan Kebijakan Publik Busyro Muqoddas menilai program Makan Bergizi Gratis tidak transparan karena perencanaannya dinilai tidak terbuka.

~RK #Muhammadiyah #MBG https://t.co/Hg9JWxxDaC",baca selengkapnya ketua pimpinan pusat muhammadiyah bidang hukum ham dan kebijakan publik busyro muqoddas menilai program makan bergizi gratis tidak transparan karena perencanaannya dinilai tidak terbuka rk muhammadiyah mbg,in,371,170,45,26,30296,0,1_root,#MBG[Top],,positif,2,https://x.com/kompascom/status/2067024973198446625
1971420349452730404,2025-09-26 03:43:33,kompascom,Kompas.com,8035970,"Wakil Panglima TNI Jenderal Tandyo Budi Revita menegaskan bahwa program Makan Bergizi Gratis (MBG) yang dijalankan TNI higienis dan bermanfaat langsung bagi masyarakat.

Baca selengkapnya 👇
https://t.co/HhYg4VWiJI

~LL #MBG #TNI https://t.co/1Q2K0dq5Wi",wakil panglima tni jenderal tandyo budi revita menegaskan bahwa program makan bergizi gratis mbg yang dijalankan tni higienis dan bermanfaat langsung bagi masyarakat baca selengkapnya ll mbg tni,in,269,70,220,164,143282,0,1_root,#MBG[Top],,positif,4,https://x.com/kompascom/status/1971420349452730404
1990441460798472686,2025-11-17 15:26:39,kompascom,Kompas.com,8035970,"Wakil Kepala Badan Gizi Nasional Nanik Sudaryati Deyang menuturkan, masyarakat diminta untuk menanami sayuran dan buah di lahan-lahan kosong, serta memelihara ayam petelur dan pedaging.

👉🏻Baca selengkapnya https://t.co/g4R6r0sYvf

~AM #MBG #Bertani #BadanGiziNasional https://t.co/KcJtkjVYLq",wakil kepala badan gizi nasional nanik sudaryati deyang menuturkan masyarakat diminta untuk menanami sayuran dan buah di lahan lahan kosong serta memelihara ayam petelur dan pedaging baca selengkapnya am mbg bertani badangizinasional,in,443,120,549,1164,841804,0,1_root,#MBG[Top],,netral,0,https://x.com/kompascom/status/1990441460798472686
2028998612777325004,2026-03-04 00:59:00,kompascom,Kompas.com,8035970,"Wakil Kepala BGN Nanik Sudaryati Deyang menyebut mayoritas video ulasan menu MBG di media sosial adalah hoaks. Ia mengatakan BGN dihantam isu miring selama Ramadhan dan meminta kepala daerah aktif mengawasi SPPG.

Baca selengkapnya: https://t.co/UgNd0bYKGt

~RK #BGN #SPPG #MBG https://t.co/opinZfEmoy",wakil kepala bgn nanik sudaryati deyang menyebut mayoritas video ulasan menu mbg di media sosial adalah hoaks ia mengatakan bgn dihantam isu miring selama ramadhan dan meminta kepala daerah aktif mengawasi sppg baca selengkapnya rk bgn sppg mbg,in,142,42,260,88,27651,0,1_root,#MBG[Top],,netral,0,https://x.com/kompascom/status/2028998612777325004
2066057178793087325,2026-06-14 07:16:31,kompascom,Kompas.com,8035970,"Baca selengkapnya: https://t.co/ekqyufBS3k

Kepala Badan Komunikasi Pemerintah (Bakom) RI Muhammad Qodari menegaskan program Makan Bergizi Gratis (MBG) tidak akan disetop.

~LL #MBG #Bakom https://t.co/l6CqZYFCXT",baca selengkapnya kepala badan komunikasi pemerintah bakom ri muhammad qodari menegaskan program makan bergizi gratis mbg tidak akan disetop ll mbg bakom,in,194,55,175,60,37859,0,1_root,#MBG[Top],,positif,2,https://x.com/kompascom/status/2066057178793087325
2028706753744134322,2026-03-03 05:39:16,kompascom,Kompas.com,8035970,"KPK tengah memetakan potensi kerawanan korupsi pada program Makan Bergizi Gratis. Langkah ini diambil menyusul adanya dugaan penggelembungan harga (mark up) bahan baku pada dapur Satuan Pelayanan Pemenuhan Gizi.

Baca di sini: https://t.co/qiRKNyZehj

~TR #BahanBaku #MBG #KPK https://t.co/7Xi3MsDQ8C",kpk tengah memetakan potensi kerawanan korupsi pada program makan bergizi gratis langkah ini diambil menyusul adanya dugaan penggelembungan harga mark up bahan baku pada dapur satuan pelayanan pemenuhan gizi baca di sini tr bahanbaku mbg kpk,in,684,253,93,44,14438,0,1_root,#MBG[Top],,netral,0,https://x.com/kompascom/status/2028706753744134322
2015677747948052657,2026-01-26 06:46:39,kompascom,Kompas.com,8035970,"Di balik program Makan Bergizi Gratis, rumah Kakek Wawan di Surabaya dibongkar sepihak. Tanpa kesepakatan, rumah kosong itu didatangi orang tak dikenal dan pepohonannya ditebangi.

Baca selengkapnya: https://t.co/ZPGlQynhAs

_RKD #Rumah #dibongkar #MBG https://t.co/5gjmVUIhRe",di balik program makan bergizi gratis rumah kakek wawan di surabaya dibongkar sepihak tanpa kesepakatan rumah kosong itu didatangi orang tak dikenal dan pepohonannya ditebangi baca selengkapnya _rkd rumah dibongkar mbg,in,721,350,19,10,14337,0,1_root,#MBG[Top],,positif,2,https://x.com/kompascom/status/2015677747948052657
2027169981046341773,2026-02-26 23:52:41,kompascom,Kompas.com,8035970,"SPPG di Kabupaten Bojonegoro, Jawa Timur, melaporkan pemilik akun Tik Tok ke polisi karena manajemen SPPG merasa tersinggung dan dicemarkan nama baiknya dengan postingan menu MBG yang diunggah. 

Baca selengkapnya: https://t.co/oQnzclIBQ9.

~SN #SPPG #Bojonegoro #MBG #TikTok https://t.co/OkqKoRmsY5",sppg di kabupaten bojonegoro jawa timur melaporkan pemilik akun tik tok ke polisi karena manajemen sppg merasa tersinggung dan dicemarkan nama baiknya dengan postingan menu mbg yang diunggah baca selengkapnya sn sppg bojonegoro mbg tiktok,in,758,234,215,110,184699,0,1_root,#MBG[Top],,netral,0,https://x.com/kompascom/status/2027169981046341773
2015727069381177450,2026-01-26 10:02:38,kompascom,Kompas.com,8035970,"Pelindo menegaskan dapur MBG di rumah kakek Wawan berdiri di lahan milik Pelindo. Pelindo menyebut Wawan hanya membeli bangunan, bukan tanah.

Baca selengkapnya: https://t.co/SyzJUzAl08

_RKD #Pelindo #MBG #Wawan https://t.co/7SbhZeIt6C",pelindo menegaskan dapur mbg di rumah kakek wawan berdiri di lahan milik pelindo pelindo menyebut wawan hanya membeli bangunan bukan tanah baca selengkapnya _rkd pelindo mbg wawan,in,1078,234,392,170,204952,0,1_root,#MBG[Top],,netral,0,https://x.com/kompascom/status/2015727069381177450
1893915755403460863,2025-02-24 06:47:57,albert_morafia,ABM,17810,"Solidaritas pelajar Paniai.
Papua.
Tolak.#MBG,kami minta pendidikan
Gratis. https://t.co/5nHldObPST",solidaritas pelajar paniai papua tolak mbg kami minta pendidikan gratis,in,31220,10479,409,269,522055,0,1_root,#MBG[Top],,netral,0,https://x.com/albert_morafia/status/1893915755403460863
2094309846061597002,2026-08-31 06:22:32,TheKingMod80848,TheKing Modification,0,Program MBG memberi manfaat nyata bagi anak-anak di Lampung. Semoga pelaksanaannya terus berjalan dengan baik dan tepat sasaran. #MBG #Lampung #AnakSehat https://t.co/7WMWu3Dwul,program mbg memberi manfaat nyata bagi anak anak di lampung semoga pelaksanaannya terus berjalan dengan baik dan tepat sasaran mbg lampung anaksehat,in,0,0,0,1,6,0,1_root,#MBG[Top],,positif,2,https://x.com/TheKingMod80848/status/2094309846061597002
2094291134579409146,2026-08-31 05:08:11,bondmhsa,bondmhsa,2,"Dua Sisi Program MBG
persepsi masyarakat

#mbg #programpemerintah #indonesia https://t.co/0RytYmFm51",dua sisi program mbg persepsi masyarakat mbg programpemerintah indonesia,in,1,0,0,0,5,0,1_root,#MBG[Top],,netral,0,https://x.com/bondmhsa/status/2094291134579409146
2046547187564523839,2026-04-21 11:10:47,areaeksak,Area Eksak,42956,"PK dan PM day 1 70% selesai hasil dari ingatan peserta + beberapa soal yg nyebar di X
#SNBT #UTBK #MBG https://t.co/00BizvXpzd",pk dan pm day 1 70 selesai hasil dari ingatan peserta beberapa soal yg nyebar di x snbt utbk mbg,in,3857,217,420,12,194281,0,1_root,#MBG[Top],,netral,0,https://x.com/areaeksak/status/2046547187564523839
2094063920411816128,2026-08-30 14:05:19,faktaterungkapp,faktaterungkap,0,"Jangan pernah tukar masa depan otak anak bangsa demi seiringuk makanan. Ulama sudah bersuara, pemerintah wajib mengeksekusi: penuhi gizi mereka, tanpa menyentuh separuh pun hak pendidikan mereka!
#jagaindonesia #reels #mbg #pendidikan #nu https://t.co/qjCLWyoGbV",jangan pernah tukar masa depan otak anak bangsa demi seiringuk makanan ulama sudah bersuara pemerintah wajib mengeksekusi penuhi gizi mereka tanpa menyentuh separuh pun hak pendidikan mereka jagaindonesia reels mbg pendidikan nu,in,0,0,0,0,4,0,1_root,#MBG[Top],,netral,0,https://x.com/faktaterungkapp/status/2094063920411816128
2031344639148708260,2026-03-10 12:21:17,watchdoc_ID,Watchdoc Documentary,86512,"Annette menyebut masyarakat lebih membutuhkan pekerjaan serta akses pendidikan dan layanan kesehatan yang layak bagi anak-anak daripada MBG. Aparat negara seharusnya kembali pada tugas pokoknya. Bukan terlibat dalam urusan MBG.
#Watchdoc #MBG https://t.co/4Y2epGKNvL",annette menyebut masyarakat lebih membutuhkan pekerjaan serta akses pendidikan dan layanan kesehatan yang layak bagi anak anak daripada mbg aparat negara seharusnya kembali pada tugas pokoknya bukan terlibat dalam urusan mbg watchdoc mbg,in,2186,1192,44,20,36796,0,1_root,#MBG[Top],,positif,1,https://x.com/watchdoc_ID/status/2031344639148708260
2046459824012136503,2026-04-21 05:23:38,areaeksak,Area Eksak,42956,"PM 2026
Soal model ini muncul lagi dengan konteks ""SAMPAH"". Bisa dicari soal itu di modul kita atau di google ya 👍🏻
#UTBK #SNBT #MBG https://t.co/GHz7S57Y4f",pm 2026 soal model ini muncul lagi dengan konteks sampah bisa dicari soal itu di modul kita atau di google ya utbk snbt mbg,in,4279,618,12,10,147109,0,1_root,#MBG[Top],,netral,0,https://x.com/areaeksak/status/2046459824012136503
2037163641502654605,2026-03-26 13:43:55,watchdoc_ID,Watchdoc Documentary,86512,"Dalam pernyataannya, Isnur menyebut pengaturan program tersebut tidak memiliki dasar hukum dan kelembagaan yang jelas, serta dinilai berdampak pada pemotongan anggaran sektor lain. #MBG https://t.co/V1OB6CvSET",dalam pernyataannya isnur menyebut pengaturan program tersebut tidak memiliki dasar hukum dan kelembagaan yang jelas serta dinilai berdampak pada pemotongan anggaran sektor lain mbg,in,1332,700,35,7,18237,0,1_root,#MBG[Top],,netral,0,https://x.com/watchdoc_ID/status/2037163641502654605
1963079448007475294,2025-09-03 03:19:47,kompascom,Kompas.com,8035970,"Kepala Dinas Kesehatan Kabupaten Lebong, Provinsi Bengkulu, menyatakan bahwa hasil uji laboratorium menunjukkan bakso terpapar bakteri menyebabkan 456 siswa di daerah itu keracunan menu MBG beberapa waktu lalu.

Baca selengkapnya 👇
https://t.co/aRd8cJrjY8

~LL #Keracunan #MBG https://t.co/BqMx3wUVnG",kepala dinas kesehatan kabupaten lebong provinsi bengkulu menyatakan bahwa hasil uji laboratorium menunjukkan bakso terpapar bakteri menyebabkan 456 siswa di daerah itu keracunan menu mbg beberapa waktu lalu baca selengkapnya ll keracunan mbg,in,467,227,61,44,26978,0,1_root,#MBG[Top],,negatif,-2,https://x.com/kompascom/status/1963079448007475294
2027614369643966865,2026-02-28 05:18:31,detikjabar_,detikJabarofficial,3521,"Puluhan siswa TK hingga jenjang SMP di Kota Cimahi diduga keracunan usai menyantap menu Makan Bergizi Gratis (MBG). Hingga Kamis (26/2) jumlahnya mencapai 43 orang.

Simak sederet faktanya dalam video ini!

#detikjabar #mbg #keracunanmbg https://t.co/arXFqrT6Nj",puluhan siswa tk hingga jenjang smp di kota cimahi diduga keracunan usai menyantap menu makan bergizi gratis mbg hingga kamis 26 2 jumlahnya mencapai 43 orang simak sederet faktanya dalam video ini detikjabar mbg keracunanmbg,in,350,250,38,12,22661,0,1_root,#MBG[Top],,positif,1,https://x.com/detikjabar_/status/2027614369643966865
1891359665172222191,2025-02-17 05:30:58,vyeimo83,Victor Yeimo,709,"Demo damai tolak #MBG di Nabire oleh pelajar diblokade polisi. Mereka ditangkap, hp disita dan diintimidasi. Pelajar menuntut sekolah gratis. 

#tolakMBG https://t.co/fdVoGiqWi0",demo damai tolak mbg di nabire oleh pelajar diblokade polisi mereka ditangkap hp disita dan diintimidasi pelajar menuntut sekolah gratis tolakmbg,in,11427,5041,236,145,153982,0,1_root,#MBG[Top],,netral,0,https://x.com/vyeimo83/status/1891359665172222191
2094343764257177953,2026-08-31 08:37:19,signal__daily,Signal Daily,16,"MBG bukan cuma soal makan. Uangnya mengalir dari APBN ke SPPG, supplier pangan, petani, peternak, UMKM, sampai tenaga kerja. Yang belum jelas, siapa yang menangkap nilai ekonomi terbesar dari rantai ini, UMKM lokal, petani, atau supplier besar. https://t.co/mKwOOdAbwa",mbg bukan cuma soal makan uangnya mengalir dari apbn ke sppg supplier pangan petani peternak umkm sampai tenaga kerja yang belum jelas siapa yang menangkap nilai ekonomi terbesar dari rantai ini umkm lokal petani atau supplier besar,in,0,0,1,0,10,0,1_root,#MBG[Top],,netral,0,https://x.com/signal__daily/status/2094343764257177953
2094336451253358845,2026-08-31 08:08:15,signal__daily,Signal Daily,16,"MBG bukan cuma soal makan. Uangnya mengalir dari APBN ke SPPG, supplier pangan, petani, peternak, UMKM, sampai tenaga kerja. Yang belum jelas, siapa yang menangkap nilai ekonomi terbesar dari rantai ini, UMKM lokal, petani, atau supplier besar. https://t.co/gGY0b1bWeI",mbg bukan cuma soal makan uangnya mengalir dari apbn ke sppg supplier pangan petani peternak umkm sampai tenaga kerja yang belum jelas siapa yang menangkap nilai ekonomi terbesar dari rantai ini umkm lokal petani atau supplier besar,in,0,0,1,0,12,0,1_root,#MBG[Top],,netral,0,https://x.com/signal__daily/status/2094336451253358845
2092793968434307100,2026-08-27 01:58:58,black_k00k33,ꦏꦺꦴꦏꦺ,470,"wah.. parah ini..

Benda Diduga Peluru Ditemukan Dalam Daging Menu MBG di Lampung Utara
#mbg https://t.co/2KWr92hGDM",wah parah ini benda diduga peluru ditemukan dalam daging menu mbg di lampung utara mbg,in,3,0,0,0,141,0,1_root,#MBG[Top],,negatif,-1,https://x.com/black_k00k33/status/2092793968434307100
2062332795742273989,2026-06-04 00:37:09,kompascom,Kompas.com,8035970,"Baca selengkapnya: https://t.co/gmwx3QNwPZ

Di hadapan ribuan penggerak serta mitra MBG, Prabowo membawa dan mengangkat potongan ayam goreng di panggung. Ia menegaskan, jika satu ekor ayam dipotong menjadi 14 bagian, hal itu dianggap dosa.

~MS #MBG #Prabowo #menuMBG https://t.co/5pWPal3Qny",baca selengkapnya di hadapan ribuan penggerak serta mitra mbg prabowo membawa dan mengangkat potongan ayam goreng di panggung ia menegaskan jika satu ekor ayam dipotong menjadi 14 bagian hal itu dianggap dosa ms mbg prabowo menumbg,in,258,56,158,131,410294,0,1_root,#MBG[Top],,netral,0,https://x.com/kompascom/status/2062332795742273989
1891067025088266358,2025-02-16 10:08:07,kompascom,Kompas.com,8035970,"Program Makan Bergizi Gratis (MBG) di Kabupaten Sumenep, Jawa Timur dihentikan.

Link berita: https://t.co/77ybYs6KJw

/ #MakanBergiziGratis #MBG #Siswa #Sekolah #Sumenep https://t.co/ke9vX0q0OP",program makan bergizi gratis mbg di kabupaten sumenep jawa timur dihentikan link berita makanbergizigratis mbg siswa sekolah sumenep,in,846,254,119,91,209150,0,1_root,#MBG[Top],,positif,2,https://x.com/kompascom/status/1891067025088266358
1919682613088027096,2025-05-06 09:16:15,kompascom,Kompas.com,8035970,"Presiden RI Prabowo Subianto mengatakan, program Makan Bergizi Gratis atau MBG tidak berjalan lancar karena berkaitan dengan adat dan tradisi makan langsung menggunakan tangan.

~MD #Keracunan #MBG #Prabowo https://t.co/Uc9SSJDnh3",presiden ri prabowo subianto mengatakan program makan bergizi gratis atau mbg tidak berjalan lancar karena berkaitan dengan adat dan tradisi makan langsung menggunakan tangan md keracunan mbg prabowo,in,324,80,371,530,850442,0,1_root,#MBG[Top],,positif,2,https://x.com/kompascom/status/1919682613088027096
2090102015213113671,2026-08-19 15:42:07,kompascom,Kompas.com,8035970,"Baca selengkapnya: https://t.co/k6Imoawp62

Dugaan keracunan MBG yang dialami putrinya meninggalkan trauma bagi Salmen Tua Sihite. Kini, ia lebih memilih membekali anak dari rumah karena merasa kesehatan lebih terjamin.

~MS #MBG #keracunan https://t.co/ihbXa7AzgM",baca selengkapnya dugaan keracunan mbg yang dialami putrinya meninggalkan trauma bagi salmen tua sihite kini ia lebih memilih membekali anak dari rumah karena merasa kesehatan lebih terjamin ms mbg keracunan,in,516,181,18,12,11317,0,1_root,#MBG[Top],,negatif,-1,https://x.com/kompascom/status/2090102015213113671
1945282598722474369,2025-07-16 00:41:27,kompascom,Kompas.com,8035970,"Sejumlah siswa berseragam putih abu-abu di Kabupaten Tuban, Jawa Timur, menemukan larva pada paket menu makan bergizi gratis (MBG) yang didistribusikan ke sekolah-sekolah.

~LL #MBG
https://t.co/zVpjMqx76X",sejumlah siswa berseragam putih abu abu di kabupaten tuban jawa timur menemukan larva pada paket menu makan bergizi gratis mbg yang didistribusikan ke sekolah sekolah ll mbg,in,599,263,63,86,143652,0,1_root,#MBG[Top],,positif,2,https://x.com/kompascom/status/1945282598722474369
1921969738432868429,2025-05-12 16:44:28,kompascom,Kompas.com,8035970,"Wali Kota Bogor Dedie Rachim mengatakan, menu makan bergizi gratis (MBG) yang disediakan oleh dapur Satuan Pelayanan Pemenuhan Gizi (SPPG) Bosowa Bina insani mengandung bakteri Escherichia coli (E. coli) dan Salmonella.

&lt; #MBG #BakteriEColiSalmonella

https://t.co/N1clh67dRR",wali kota bogor dedie rachim mengatakan menu makan bergizi gratis mbg yang disediakan oleh dapur satuan pelayanan pemenuhan gizi sppg bosowa bina insani mengandung bakteri escherichia coli e coli dan salmonella lt mbg bakteriecolisalmonella,in,324,157,57,26,28306,0,1_root,#MBG[Top],,positif,2,https://x.com/kompascom/status/1921969738432868429
2094291093097435292,2026-08-31 05:08:01,INUSANTARA77,INUSANTARA77,0,"Anak sehat, masa depan cerah. Dukung Program MBG agar setiap anak mendapat asupan bergizi. Kebaikan kecil, dampak besar. #MBG https://t.co/qBuM6bJhFi",anak sehat masa depan cerah dukung program mbg agar setiap anak mendapat asupan bergizi kebaikan kecil dampak besar mbg,in,0,0,0,0,0,0,1_root,#MBG[Top],,positif,4,https://x.com/INUSANTARA77/status/2094291093097435292
2013242993499668845,2026-01-19 13:31:48,kompascom,Kompas.com,8035970,"Hasil laboratorium kesehatan menunjukkan Menu Makan Bergizi Gratis (MBG) yang didistribusikan SPGG Kuwaron 1, Gubug pada Jumat (9/1/2026) lalu terkontaminasi bakteri Escherichia coli (E Coli).

Baca di sini: https://t.co/3okFRwtvSG

~AA #MBG #Keracunan https://t.co/6sH0UT7VNc",hasil laboratorium kesehatan menunjukkan menu makan bergizi gratis mbg yang didistribusikan spgg kuwaron 1 gubug pada jumat 9 1 2026 lalu terkontaminasi bakteri escherichia coli e coli baca di sini aa mbg keracunan,in,2083,983,148,73,66007,0,1_root,#MBG[Top],,positif,1,https://x.com/kompascom/status/2013242993499668845
2035859871204323564,2026-03-22 23:23:12,kompascom,Kompas.com,8035970,"“Saya akan bertahan sedapat mungkin. Daripada uang-uang dikorupsi, lebih baik rakyat saya bisa makan,"" tegas Prabowo.

Baca selengkapnya: https://t.co/GhTtkYqimG.

~SN #Prabowo #MBG #korupsi https://t.co/Zpefn70e4E",saya akan bertahan sedapat mungkin daripada uang uang dikorupsi lebih baik rakyat saya bisa makan tegas prabowo baca selengkapnya sn prabowo mbg korupsi,in,161,46,317,125,113267,0,1_root,#MBG[Top],,netral,0,https://x.com/kompascom/status/2035859871204323564
2093778825499029889,2026-08-29 19:12:27,GarudaNarasi,Narasi Garuda,1,"Bagaimana mungkin dapur bertambah tetapi anggaran tidak ikut bertambah? Pertanyaan ini wajar muncul ketika pemerintah berencana memperluas program MBG.

#mbg #makanbergizi #beritaupdate #indonesia #fyp https://t.co/7ih3T3NKmb",bagaimana mungkin dapur bertambah tetapi anggaran tidak ikut bertambah pertanyaan ini wajar muncul ketika pemerintah berencana memperluas program mbg mbg makanbergizi beritaupdate indonesia fyp,in,0,0,0,0,3,0,1_root,#MBG[Top],,netral,0,https://x.com/GarudaNarasi/status/2093778825499029889
2041806044616413528,2026-04-08 09:11:10,kompascom,Kompas.com,8035970,"""Harga pasaran Rp 52 juta, tapi kita beli kalau enggak salah Rp 42 juta, di bawah harga pasaran,"" ujar Dadan

Baca selengkapnya: https://t.co/EDZ6AAbBvL

~SN #BGN #motorlistrikSPPG #MBG https://t.co/BpZdSAondG",harga pasaran rp 52 juta tapi kita beli kalau enggak salah rp 42 juta di bawah harga pasaran ujar dadan baca selengkapnya sn bgn motorlistriksppg mbg,in,249,72,322,106,43884,0,1_root,#MBG[Top],,negatif,-1,https://x.com/kompascom/status/2041806044616413528
1891312846215987311,2025-02-17 02:24:56,vyeimo83,Victor Yeimo,709,"Aksi damai penolakan #MBG di Wamena hari ini (17/2) hari ricuh akibat polisi memblokade demo pelajar di Wamena, #papua. Mereka tuntut pendidikan gratis dan tarik militer. https://t.co/BIHFG9axnq",aksi damai penolakan mbg di wamena hari ini 17 2 hari ricuh akibat polisi memblokade demo pelajar di wamena papua mereka tuntut pendidikan gratis dan tarik militer,in,11566,4142,192,242,282213,0,1_root,#MBG[Top],,positif,1,https://x.com/vyeimo83/status/1891312846215987311
2094004141182099542,2026-08-30 10:07:46,wartadewan,warta dewan,5,"simulasi game silent hill

#Karhutla #MBG #DPR #PDIP #PDIPerjuangan https://t.co/FBIjTwSH9a",simulasi game silent hill karhutla mbg dpr pdip pdiperjuangan,et,0,0,0,0,13,0,1_root,#MBG[Top],,netral,0,https://x.com/wartadewan/status/2094004141182099542
1883056334893170974,2025-01-25 07:36:30,kompascom,Kompas.com,8035970,"Kepala Badan Gizi Nasional Dadan Hindayana mengatakan serangga seperti belalang hingga ulat sagu bisa menjadi bagian dari menu protein untuk program makan bergizi gratis.

~N #Serangga #Protein #MBG
https://t.co/dcLddY2Nwl",kepala badan gizi nasional dadan hindayana mengatakan serangga seperti belalang hingga ulat sagu bisa menjadi bagian dari menu protein untuk program makan bergizi gratis n serangga protein mbg,in,542,174,683,225,177186,0,1_root,#MBG[Top],,positif,2,https://x.com/kompascom/status/1883056334893170974
2093957886418292942,2026-08-30 07:03:58,Rey7naldi,Reynaldi Ismail,2,"Program MBG disukai anak anak sekolah dan menjadikan sekolah lebih menyenangkan.
Mari kita kawal dan dukung terus Program MBG 🙏🇲🇨

#dukungprogramMBG
#MBG https://t.co/lD66bXonbf",program mbg disukai anak anak sekolah dan menjadikan sekolah lebih menyenangkan mari kita kawal dan dukung terus program mbg dukungprogrammbg mbg,in,1,0,0,0,6,0,1_root,#MBG[Top],,positif,1,https://x.com/Rey7naldi/status/2093957886418292942
1920311274795147520,2025-05-08 02:54:20,kompascom,Kompas.com,8035970,"Yayasan Bill &amp; Melinda Gates (Gates Foundation) menyatakan tidak terlibat dalam Program Makan Bergizi Gratis (MBG) di Indonesia.

~SA #BillGates #MBG #GatesFoundation
https://t.co/iDSrxbTveF",yayasan bill amp melinda gates gates foundation menyatakan tidak terlibat dalam program makan bergizi gratis mbg di indonesia sa billgates mbg gatesfoundation,in,4395,713,257,207,202158,0,1_root,#MBG[Top],,positif,2,https://x.com/kompascom/status/1920311274795147520
2092594300995748074,2026-08-26 12:45:34,kompascom,Kompas.com,8035970,"Baca selengkapnya: https://t.co/LcCmvY7rId

Kepala BGN Sudaryono menegaskan, pengecekan MBG sebelum dibagikan bukan hanya tugas guru. Pengecekan dilakukan kepala dapur, pengawas gizi, asisten lapangan, dan PIC sekolah.

~RK #BGN #MBG https://t.co/GfWszqGfNl",baca selengkapnya kepala bgn sudaryono menegaskan pengecekan mbg sebelum dibagikan bukan hanya tugas guru pengecekan dilakukan kepala dapur pengawas gizi asisten lapangan dan pic sekolah rk bgn mbg,in,3,1,1,0,4576,0,1_root,#MBG[Top],,netral,0,https://x.com/kompascom/status/2092594300995748074
1893854881204547713,2025-02-24 02:46:04,vyeimo83,Victor Yeimo,709,"Aksi tolak #MBG berlanjut di Papua. Hari ini (24/2), ribuan gabungan semua pelajar SD, SMP, dan SMU di Paniai, Papua, turun jalan tolak MBG yang dijalankan TNI/Polri.  Mereka menuntut pendidikan gratis.

#IndonesiaGelap
#tolakMBG
#papuaviral https://t.co/Dxl8W9qDL4",aksi tolak mbg berlanjut di papua hari ini 24 2 ribuan gabungan semua pelajar sd smp dan smu di paniai papua turun jalan tolak mbg yang dijalankan tni polri mereka menuntut pendidikan gratis indonesiagelap tolakmbg papuaviral,in,11332,5155,151,142,360943,0,1_root,#MBG[Top],,negatif,-1,https://x.com/vyeimo83/status/1893854881204547713
2052522055695044663,2026-05-07 22:52:46,antikorupsi,Indonesia Corruption Watch,95486,"ICW telah melaporkan dugaan korupsi pengadaan jasa sertifikasi halal tahun anggaran 2025 yang dilakukan oleh BGN berpotensi merugikan keuangan negara sekita Rp49,5 miliar.

#MBG #Korupsi #BGN

https://t.co/MCL1JlpOL3 https://t.co/MUzWWBOYrj",icw telah melaporkan dugaan korupsi pengadaan jasa sertifikasi halal tahun anggaran 2025 yang dilakukan oleh bgn berpotensi merugikan keuangan negara sekita rp49 5 miliar mbg korupsi bgn,in,2135,1402,74,64,42989,0,1_root,#MBG[Top],,negatif,-2,https://x.com/antikorupsi/status/2052522055695044663
2093663085907366248,2026-08-29 11:32:32,wartadewan,warta dewan,5,"Khawatir siswanya keracunan, guru SDN Tugusari 06, Jember, memeriksa susu dalam paket MBG pada Jumat (28/8/2026). Dalam video, ia menunjukkan kemasan bertanggal 07/03/2021 dan mempertanyakan keamanan susu tersebut … https://t.co/mGTAjAZBK2",khawatir siswanya keracunan guru sdn tugusari 06 jember memeriksa susu dalam paket mbg pada jumat 28 8 2026 dalam video ia menunjukkan kemasan bertanggal 07 03 2021 dan mempertanyakan keamanan susu tersebut,in,0,0,1,0,29,0,1_root,#MBG[Top],,negatif,-1,https://x.com/wartadewan/status/2093663085907366248
2093663998755635434,2026-08-29 11:36:10,wartadewan,warta dewan,5,"… Dalam video, guru meminta susu lain diperiksa dan menunjukkan tanggal pada kemasan. Ia meminta susu tidak dibagikan karena khawatir membahayakan kesehatan siswa. Paket MBG tersebut disebut berasal dari SPPG Tugusari 02.

#susuMBG #MBG #DPR #PDIP #PDIPerjuangan",dalam video guru meminta susu lain diperiksa dan menunjukkan tanggal pada kemasan ia meminta susu tidak dibagikan karena khawatir membahayakan kesehatan siswa paket mbg tersebut disebut berasal dari sppg tugusari 02 susumbg mbg dpr pdip pdiperjuangan,in,0,0,0,0,21,0,1_root,#MBG[Top],,netral,0,https://x.com/wartadewan/status/2093663998755635434
2046672560172200128,2026-04-21 19:28:58,areaeksak,Area Eksak,42956,"Sudah kebaca pola soal PM UTBK 2026
1. Peluang (permutasi, kombinasi)
2. Aljabar (SPLTV)
3. Barisan dan deret aritmetika/geometri
4. Statistika (diagram lingkaran, batang, garis)
5. Geometri (nah ini yg belum ketebak ada berapa macam soalnya 🥲)

#SNBT #UTBK #MBG",sudah kebaca pola soal pm utbk 2026 1 peluang permutasi kombinasi 2 aljabar spltv 3 barisan dan deret aritmetika geometri 4 statistika diagram lingkaran batang garis 5 geometri nah ini yg belum ketebak ada berapa macam soalnya snbt utbk mbg,in,2180,329,3,7,66110,0,1_root,#MBG[Top],,netral,0,https://x.com/areaeksak/status/2046672560172200128
2093767670168756552,2026-08-29 18:28:07,Narrativaa_,Narrativa,0,"Perluasan MBG tidak selalu berarti pemerintah harus kembali meminta tambahan dana. BGN menegaskan anggaran 2026 tetap dan tidak akan ditambah meski jumlah dapur MBG akan terus bertambah.

#mbg #makanbergizi #beritaterbaru #indonesia #viral https://t.co/GEiCRPROyS",perluasan mbg tidak selalu berarti pemerintah harus kembali meminta tambahan dana bgn menegaskan anggaran 2026 tetap dan tidak akan ditambah meski jumlah dapur mbg akan terus bertambah mbg makanbergizi beritaterbaru indonesia viral,in,0,0,0,0,2,0,1_root,#MBG[Top],,netral,0,https://x.com/Narrativaa_/status/2093767670168756552
2093307330314318112,2026-08-28 11:58:53,mnmnmnmnmmmmmmm,jessiedelosreyes,0,MBG dengan SOP yang jelas memberi rasa aman bagi siswa dan orang tua. #MBG #GiziSeimbang https://t.co/HjGITsJeGj,mbg dengan sop yang jelas memberi rasa aman bagi siswa dan orang tua mbg giziseimbang,in,0,0,0,0,2,0,1_root,#MBG[Top],,positif,1,https://x.com/mnmnmnmnmmmmmmm/status/2093307330314318112
2093905002729529439,2026-08-30 03:33:50,9_ronitthakur,9Ronitthakur@,10,"Kepala BGN menegaskan perluasan layanan Makan Bergizi Gratis terus disisir dan diprioritaskan untuk wilayah 3T serta daerah yang sangat membutuhkan, agar semakin banyak anak sekolah yang merasakan manfaatnya merata!

#Jagaindonesia #MBG #BGN #GenerasiEmas2045 #KesejahteraanAnak https://t.co/3Tsbx4Bhsy",kepala bgn menegaskan perluasan layanan makan bergizi gratis terus disisir dan diprioritaskan untuk wilayah 3t serta daerah yang sangat membutuhkan agar semakin banyak anak sekolah yang merasakan manfaatnya merata jagaindonesia mbg bgn generasiemas2045 kesejahteraananak,in,0,0,0,0,5,0,1_root,#MBG[Top],,positif,3,https://x.com/9_ronitthakur/status/2093905002729529439
2093211937052238023,2026-08-28 05:39:50,Bersinar2023,Larismi2,2283,"Sebenarnya yang takut ""kelaparan anaknya siapa""?
Relawannya atau... https://t.co/4nvvBdhV3U",sebenarnya yang takut kelaparan anaknya siapa relawannya atau,in,36,10,17,2,874,0,1_root,#MBG[Top],,netral,0,https://x.com/Bersinar2023/status/2093211937052238023
2093675089749512299,2026-08-29 12:20:14,netizencerdasss,netizencerdas,0,"Langkah tegas BGN memangkas jatah 80 sekolah mampu ini adalah bukti nyata keberanian menjaga amanah: anggaran rakyat harus kembali ke rakyat kecil!
Stop salah sasaran. Hak anak Indonesia yang kurang mampu tidak boleh terenggut! 🇮🇩⚡
#jagaindonesia #fypage #mbg #gizianak #evaluasi https://t.co/lJ9tZqQzP6",langkah tegas bgn memangkas jatah 80 sekolah mampu ini adalah bukti nyata keberanian menjaga amanah anggaran rakyat harus kembali ke rakyat kecil stop salah sasaran hak anak indonesia yang kurang mampu tidak boleh terenggut jagaindonesia fypage mbg gizianak evaluasi,in,0,0,0,0,5,0,1_root,#MBG[Top],,negatif,-2,https://x.com/netizencerdasss/status/2093675089749512299
2094316400517292465,2026-08-31 06:48:35,twana_rasul,twana ismail,0,"Cerita Manfaat dari Masyarakat, petani singkong ikut merasakan peluang baru. #MBG https://t.co/DJHzKYSG8Q",cerita manfaat dari masyarakat petani singkong ikut merasakan peluang baru mbg,in,0,0,0,0,1,0,1_root,#MBG[Top],,netral,0,https://x.com/twana_rasul/status/2094316400517292465
2093903300588642561,2026-08-30 03:27:04,lidya433710,lidya,1,"MBG (Makan Bergizi Gratis) terus dieratkan dengan perbaikan &amp; efisiensi. Presiden Prabowo Subianto: “Tidak ada tempat untuk korupsi dalam makanan anak. Itu pengkhianatan nilai kemanusiaan.” Bersama, wujudkan Indonesia yang sehat, kuat, dan sejahtera. 🇮🇩 #MBG #IndonesiaSehat https://t.co/V39zUwBWpm",mbg makan bergizi gratis terus dieratkan dengan perbaikan amp efisiensi presiden prabowo subianto tidak ada tempat untuk korupsi dalam makanan anak itu pengkhianatan nilai kemanusiaan bersama wujudkan indonesia yang sehat kuat dan sejahtera mbg indonesiasehat,in,0,0,0,0,2,0,1_root,#MBG[Top],,positif,2,https://x.com/lidya433710/status/2093903300588642561
2093188403290636619,2026-08-28 04:06:19,TheKingMod80848,TheKing Modification,0,"Dukungan masyarakat terhadap MBG di Papua terus mengalir. Bersama kita sukseskan program untuk generasi masa depan.

#MBG #DukungMBG #Papua #GenerasiEmas https://t.co/LIYCBrVVtQ",dukungan masyarakat terhadap mbg di papua terus mengalir bersama kita sukseskan program untuk generasi masa depan mbg dukungmbg papua generasiemas,in,0,0,0,0,2,0,1_root,#MBG[Top],,netral,0,https://x.com/TheKingMod80848/status/2093188403290636619
2027334383489954105,2026-02-27 10:45:57,panzibasmani,PanziBasmaniYahya,251,Anak SD dapet MBG kali ini.. suruh masak sendiri??? Sayuran mentah buat Sop Ayam. Aneh ga sihhh klo dapet MBG ky gini?? #MBG  #MBGAneh @infobdg @PRFMnews https://t.co/ff2QtEw65H,anak sd dapet mbg kali ini suruh masak sendiri sayuran mentah buat sop ayam aneh ga sihhh klo dapet mbg ky gini mbg mbganeh,in,635,123,94,49,78733,0,1_root,#MBG[Top],,netral,0,https://x.com/panzibasmani/status/2027334383489954105
2093767033708232879,2026-08-29 18:25:35,PWatchID_,Public Watch ID,0,"Pertambahan dapur MBG bisa saja memunculkan kekhawatiran baru di tengah masyarakat. Apalagi jika perluasan program dianggap otomatis membutuhkan tambahan anggaran negara.

#mbg #makanbergizi #kabarterkini #indonesia #berita https://t.co/0KEnzNLStU",pertambahan dapur mbg bisa saja memunculkan kekhawatiran baru di tengah masyarakat apalagi jika perluasan program dianggap otomatis membutuhkan tambahan anggaran negara mbg makanbergizi kabarterkini indonesia berita,in,0,0,0,0,1,0,1_root,#MBG[Top],,netral,0,https://x.com/PWatchID_/status/2093767033708232879
2094242382397198383,2026-08-31 01:54:27,Biski13813,Biski,3,"Dari meja sekolah, kita wujudkan generasi Indonesia yang hebat! #MBG #HarapanBangsa https://t.co/fxQMeTHYWD",dari meja sekolah kita wujudkan generasi indonesia yang hebat mbg harapanbangsa,in,0,0,0,0,3,0,1_root,#MBG[Top],,positif,1,https://x.com/Biski13813/status/2094242382397198383
2094347102759653505,2026-08-31 08:50:35,hennyvyola,Henny Yola,0,"Langkah Nyata untuk Kesejahteraan

#MBG https://t.co/fo2WjqCyXU",langkah nyata untuk kesejahteraan mbg,in,0,0,0,0,1,0,1_root,#MBG[Top],,netral,0,https://x.com/hennyvyola/status/2094347102759653505
2094310572099850503,2026-08-31 06:25:25,MediaKiteEE,MediaKite,0,"MBG menjadi langkah positif untuk mendukung anak-anak Lampung agar tumbuh sehat, aktif, dan siap belajar. #MBG #Lampung #GenerasiMaju",mbg menjadi langkah positif untuk mendukung anak anak lampung agar tumbuh sehat aktif dan siap belajar mbg lampung generasimaju,in,0,0,0,0,2,0,1_root,#MBG[Top],,positif,3,https://x.com/MediaKiteEE/status/2094310572099850503
2094310422505795648,2026-08-31 06:24:49,TheKingMod80848,TheKing Modification,0,Program MBG memberi manfaat nyata bagi anak-anak di Lampung. Semoga pelaksanaannya terus berjalan dengan baik dan tepat sasaran. #MBG #Lampung #AnakSehat https://t.co/CtpknFkhFa,program mbg memberi manfaat nyata bagi anak anak di lampung semoga pelaksanaannya terus berjalan dengan baik dan tepat sasaran mbg lampung anaksehat,in,0,0,0,1,8,0,1_root,#MBG[Top],,positif,2,https://x.com/TheKingMod80848/status/2094310422505795648
1970300847277121663,2025-09-23 01:35:03,kompascom,Kompas.com,8035970,"Kepala Badan Bizi Nasional (BGN) Dadan Hindayana tidak ingin program Makan Bergizi Gratis (MBG) diganti dengan pemberian bantuan uang tunai.

Baca selengkapnya 👇
https://t.co/nzwzjvLC3u

~LL #MBG #BLT https://t.co/EyTnijmc49",kepala badan bizi nasional bgn dadan hindayana tidak ingin program makan bergizi gratis mbg diganti dengan pemberian bantuan uang tunai baca selengkapnya ll mbg blt,in,169,66,334,53,53193,0,1_root,#MBG[Top],,positif,2,https://x.com/kompascom/status/1970300847277121663
2093392490984554661,2026-08-28 17:37:17,tvrakyattt,TVrakyat.kabarjujur,0,"🚨 BERITA TERKINI 🚨
Lauk MBG bikin heboh! Seorang guru di Lampung kaget setelah menemukan benda yang diduga peluru di dalam makanan. 😱

⚠️ Benarkah benda tersebut peluru? Tunggu informasi selengkapnya.

sumber : metropolitan 

#TVRAKYAT
#TVKABARJUJUR
#MBG 
#LAMPUNG https://t.co/41PFBwYZZT",berita terkini lauk mbg bikin heboh seorang guru di lampung kaget setelah menemukan benda yang diduga peluru di dalam makanan benarkah benda tersebut peluru tunggu informasi selengkapnya sumber metropolitan tvrakyat tvkabarjujur mbg lampung,in,6,1,0,0,1460,0,1_root,#MBG[Top],,netral,0,https://x.com/tvrakyattt/status/2093392490984554661
1915376093122695573,2025-04-24 12:03:41,kompascom,Kompas.com,8035970,"Kepala Badan Gizi Nasional (BGN) Dadan Hindayana mengungkap, penyebab puluhan siswa keracunan usai makan bergizi gratis di Cianjur sulit dideteksi. 

Menurutnya, sisa makanan yang diduga menimbulkan keracunan itu telah dibersihkan oleh pihak sekolah. 

~J #MBG #MakanGratis https://t.co/5KyHoUhSXm",kepala badan gizi nasional bgn dadan hindayana mengungkap penyebab puluhan siswa keracunan usai makan bergizi gratis di cianjur sulit dideteksi menurutnya sisa makanan yang diduga menimbulkan keracunan itu telah dibersihkan oleh pihak sekolah j mbg makangratis,in,172,76,280,99,66875,0,1_root,#MBG[Top],,netral,0,https://x.com/kompascom/status/1915376093122695573
2093704270361350496,2026-08-29 14:16:11,wartadewan,warta dewan,5,"Video temuan benda putih mirip belatung dalam menu MBG di SMAN 1 Belik, Pemalang, viral di media sosial. Benda tersebut disebut siswa ditemukan dalam olahan tempe … https://t.co/jcJd53P1hw",video temuan benda putih mirip belatung dalam menu mbg di sman 1 belik pemalang viral di media sosial benda tersebut disebut siswa ditemukan dalam olahan tempe,in,0,0,1,0,49,0,1_root,#MBG[Top],,netral,0,https://x.com/wartadewan/status/2093704270361350496
2093704360949899339,2026-08-29 14:16:33,wartadewan,warta dewan,5,"… Peristiwa tersebut terjadi pada Kamis (27/8) di SMAN 1 Belik, Pemalang, dan dibenarkan Wakil Kepala Sekolah Bidang Humas, Naila Rozanah. Benda putih ditemukan pada potongan lauk tempe di kelas X.6.

#Belatung #MBG #DPR #PDIP #PDIPerjuangan",peristiwa tersebut terjadi pada kamis 27 8 di sman 1 belik pemalang dan dibenarkan wakil kepala sekolah bidang humas naila rozanah benda putih ditemukan pada potongan lauk tempe di kelas x 6 belatung mbg dpr pdip pdiperjuangan,in,0,0,0,0,21,0,1_root,#MBG[Top],,netral,0,https://x.com/wartadewan/status/2093704360949899339
2093997726027620849,2026-08-30 09:42:17,JepriZaky70975,Jepri Zaky,1,"BGN keluarkan sekitar 80 sekolah swasta elite dari penerima MBG agar lebih tepat sasaran.
Sekolah yang dinilai mampu penuhi kebutuhan secara mandiri &amp; sekolah berasrama dengan sistem makan internal dikecualikan.

#BGN #MBG #FokusKerja #JagaIndonesia #IndonesiaKita https://t.co/gdW674tdUH",bgn keluarkan sekitar 80 sekolah swasta elite dari penerima mbg agar lebih tepat sasaran sekolah yang dinilai mampu penuhi kebutuhan secara mandiri amp sekolah berasrama dengan sistem makan internal dikecualikan bgn mbg fokuskerja jagaindonesia indonesiakita,in,0,0,0,0,2,0,1_root,#MBG[Top],,positif,1,https://x.com/JepriZaky70975/status/2093997726027620849
2093906876048044200,2026-08-30 03:41:16,INUSANTARA77,INUSANTARA77,0,"Satu piring bergizi, masa depan cerah untuk anak Indonesia. Yuk dukung MBG! #MBG #GiziUntukGenerasi https://t.co/FAIvyvqjBM",satu piring bergizi masa depan cerah untuk anak indonesia yuk dukung mbg mbg giziuntukgenerasi,in,0,0,0,0,0,0,1_root,#MBG[Top],,positif,2,https://x.com/INUSANTARA77/status/2093906876048044200
2093641374512115761,2026-08-29 10:06:16,LorongSenayan,lorongsenayan,1,#MBG #MakanBergiziGratis #SD #SekolahIndonesia #BGN https://t.co/VbDJ7fxdA5,mbg makanbergizigratis sd sekolahindonesia bgn,qme,0,0,0,0,15,0,1_root,#MBG[Top],,netral,0,https://x.com/LorongSenayan/status/2093641374512115761
2034133833076052110,2026-03-18 05:04:32,21_mozza,m o z z a_21,15331,"SINGKAT ,CEPAT ,PADAT 🥴🥴
""Yo ndak tau kok tanya saya "" kurang lebih demikian 😎
#MBG https://t.co/1WhQufOyP2",singkat cepat padat yo ndak tau kok tanya saya kurang lebih demikian mbg,in,298,121,140,20,11347,0,1_root,#MBG[Top],,netral,0,https://x.com/21_mozza/status/2034133833076052110
1974086585424752775,2025-10-03 12:18:13,kompascom,Kompas.com,8035970,"Sejumlah orang tua siswa SDN Kota Baru 3, Kota Bekasi, memilih tidak lagi mengizinkan anak mereka mengonsumsi makanan dari program MBG setelah diduga menjadi penyebab keracunan pada beberapa murid.

Baca selengkapnya 👇
https://t.co/naEmR0JRYt

~LL #MBG #Bekasi https://t.co/km5RADzTwm",sejumlah orang tua siswa sdn kota baru 3 kota bekasi memilih tidak lagi mengizinkan anak mereka mengonsumsi makanan dari program mbg setelah diduga menjadi penyebab keracunan pada beberapa murid baca selengkapnya ll mbg bekasi,in,440,166,78,13,19131,0,1_root,#MBG[Top],,negatif,-1,https://x.com/kompascom/status/1974086585424752775
2092804389182521594,2026-08-27 02:40:23,kompascom,Kompas.com,8035970,"Baca selengkapnya: https://t.co/Oj7la5lIWs

BGN memperketat standar MBG dengan mewajibkan ASN SPPG bekerja mulai pukul 02.00. Aturan ini ditegaskan untuk memastikan SOP dapur dipatuhi dan mencegah keracunan makanan.

~RK #BGN #MBG https://t.co/PtNP622vt3",baca selengkapnya bgn memperketat standar mbg dengan mewajibkan asn sppg bekerja mulai pukul 02 00 aturan ini ditegaskan untuk memastikan sop dapur dipatuhi dan mencegah keracunan makanan rk bgn mbg,in,3,1,0,0,2271,0,1_root,#MBG[Top],,negatif,-1,https://x.com/kompascom/status/2092804389182521594
2094340704789238261,2026-08-31 08:25:09,alinearepublik,kabaridn,25,"Soal insentif 6 juta/hari emang sempet bikin rame, tapi keren sih Bos BGN langsung gercep mau evaluasi skema SPPG biar makin efisien &amp; tepat sasaran 👏 Kalo sistemnya terus dibenahi, program MBG pasti makin berdampak 🤝
#jagaindonesia #MakanBergiziGratis #KawalBGN #IndonesiaMaju https://t.co/sVOzc9vuiE",soal insentif 6 juta hari emang sempet bikin rame tapi keren sih bos bgn langsung gercep mau evaluasi skema sppg biar makin efisien amp tepat sasaran kalo sistemnya terus dibenahi program mbg pasti makin berdampak jagaindonesia makanbergizigratis kawalbgn indonesiamaju,in,0,0,0,0,8,0,1_root,#MakanBergiziGratis[Latest],,positif,3,https://x.com/alinearepublik/status/2094340704789238261
2094334381494337720,2026-08-31 08:00:02,adeevahsn,Adeeva Hasna,88,"Soal insentif 6 juta/hari sempat bikin heboh, tapi skemanya bakal langsung dievaluasi nih! Yuk terus kawal biar efisien.
#jagaindonesia #MakanBergiziGratis #AnggaranMBG #MBG #KawalAnggaran https://t.co/vQysd1WFxq",soal insentif 6 juta hari sempat bikin heboh tapi skemanya bakal langsung dievaluasi nih yuk terus kawal biar efisien jagaindonesia makanbergizigratis anggaranmbg mbg kawalanggaran,in,0,0,0,0,3,0,1_root,#MakanBergiziGratis[Latest],,positif,1,https://x.com/adeevahsn/status/2094334381494337720
2094334378830975141,2026-08-31 08:00:01,wargerry_,Gerry Warsito,91,"Pendidikan cerdas dan gizi sehat harus jalan bareng, bukan saingan! Yuk, bersama dukung generasi muda Indonesia yang makin berkualitas dan hebat 📚🍽️✨
#jagaindonesia #MakanBergiziGratis #PendidikanIndonesia #GenerasiEmas2045 #MBG https://t.co/TmE6DDlhkg",pendidikan cerdas dan gizi sehat harus jalan bareng bukan saingan yuk bersama dukung generasi muda indonesia yang makin berkualitas dan hebat jagaindonesia makanbergizigratis pendidikanindonesia generasiemas2045 mbg,in,0,0,0,0,2,0,1_root,#MakanBergiziGratis[Latest],,positif,3,https://x.com/wargerry_/status/2094334378830975141
2094270465636544579,2026-08-31 03:46:03,tvrakyat_univer,TV Rakyat Universal,4,"Momen kocak sekaligus menggemaskan anak-anak waktu diajak kuis pengetahuan! 😆💸

#KuisLucu #AnakSD #MakanBergiziGratis #SekolahRakyat #MomenLucu #ProgramPemerintah https://t.co/bpGkAEJGji",momen kocak sekaligus menggemaskan anak anak waktu diajak kuis pengetahuan kuislucu anaksd makanbergizigratis sekolahrakyat momenlucu programpemerintah,in,1,0,0,0,12,0,1_root,#MakanBergiziGratis[Latest],,netral,0,https://x.com/tvrakyat_univer/status/2094270465636544579
2094255806233579616,2026-08-31 02:47:48,szerlyjesline,sze,248,"Jangan salah sangka, Rp6 Juta/hari murni untuk operasional dapur MBG! Skema baru sedang disiapkan agar lebih hemat dan efisien. #jagaindonesia #bgn #makanbergizigratis https://t.co/5AU5vbZXpl",jangan salah sangka rp6 juta hari murni untuk operasional dapur mbg skema baru sedang disiapkan agar lebih hemat dan efisien jagaindonesia bgn makanbergizigratis,in,0,0,0,0,14,0,1_root,#MakanBergiziGratis[Latest],,netral,0,https://x.com/szerlyjesline/status/2094255806233579616
2094253660624781550,2026-08-31 02:39:16,syabiraaaaa,syabira,16,"Skema MBG dievaluasi! Insentif SPPG Rp6 juta/hari bukan gaji pribadi, melainkan biaya operasional dapur agar efisien &amp; transparan.
#JagaIndonesia #TransparansiAnggaran #MakanBergiziGratis #TataKelolaBagus #InfoPemerintah https://t.co/V86fCwdLuN",skema mbg dievaluasi insentif sppg rp6 juta hari bukan gaji pribadi melainkan biaya operasional dapur agar efisien amp transparan jagaindonesia transparansianggaran makanbergizigratis tatakelolabagus infopemerintah,in,0,0,0,0,17,0,1_root,#MakanBergiziGratis[Latest],,positif,2,https://x.com/syabiraaaaa/status/2094253660624781550
2094253147694969128,2026-08-31 02:37:14,adinda39129,Prisa Adinda,49,"Pendidikan dan gizi anak harus jalan beriringan. Anggaran tepat sasaran, anak sehat, belajar pun makin maksimal demi masa depan!
#JagaIndonesia #PendidikanDanGizi #MakanBergiziGratis #GenerasiCerdas #InvestasiMasaDepan https://t.co/WvuSIqewMm",pendidikan dan gizi anak harus jalan beriringan anggaran tepat sasaran anak sehat belajar pun makin maksimal demi masa depan jagaindonesia pendidikandangizi makanbergizigratis generasicerdas investasimasadepan,in,0,0,0,0,7,0,1_root,#MakanBergiziGratis[Latest],,positif,3,https://x.com/adinda39129/status/2094253147694969128
2094252475385802973,2026-08-31 02:34:34,fa7105266,Haris Fadillah,109,"Pendidikan &amp; gizi bukan saingan! Keduanya investasi penting untuk membentuk generasi cerdas, sehat, dan masa depan bangsa yang hebat.
#JagaIndonesia #MakanBergiziGratis #PendidikanKarakter #GiziAnakBangsa #GenerasiEmas https://t.co/exqe0aEqar",pendidikan amp gizi bukan saingan keduanya investasi penting untuk membentuk generasi cerdas sehat dan masa depan bangsa yang hebat jagaindonesia makanbergizigratis pendidikankarakter gizianakbangsa generasiemas,in,0,0,0,0,11,0,1_root,#MakanBergiziGratis[Latest],,positif,2,https://x.com/fa7105266/status/2094252475385802973
2094250951595205065,2026-08-31 02:28:30,lbug9390,lady bug,55,"BGN evaluasi tata kelola SPPG! Angka Rp6 juta/hari adalah operasional dapur, logistik, &amp; tenaga kerja demi layanan MBG yang transparan.
#JagaIndonesia #MakanBergiziGratis #TransparansiPublik #TataKelolaMBG #BGNIndonesia https://t.co/6pklHU35iK",bgn evaluasi tata kelola sppg angka rp6 juta hari adalah operasional dapur logistik amp tenaga kerja demi layanan mbg yang transparan jagaindonesia makanbergizigratis transparansipublik tatakelolambg bgnindonesia,in,0,0,0,0,12,0,1_root,#MakanBergiziGratis[Latest],,positif,1,https://x.com/lbug9390/status/2094250951595205065
2094250111018893370,2026-08-31 02:25:10,felycyaan,felyyy,52,"Kesehatan dan pendidikan berjalan seiring untuk masa depan bangsa yang cerah. Gizi terpenuhi, otak cerdas, prestasi pun diraih!
​#jagaindonesia #MakanBergiziGratis #PendidikanIndonesia #SDMUnggul https://t.co/PPsnlYfMAH",kesehatan dan pendidikan berjalan seiring untuk masa depan bangsa yang cerah gizi terpenuhi otak cerdas prestasi pun diraih jagaindonesia makanbergizigratis pendidikanindonesia sdmunggul,in,0,0,0,0,11,0,1_root,#MakanBergiziGratis[Latest],,positif,2,https://x.com/felycyaan/status/2094250111018893370
2094249082927911353,2026-08-31 02:21:05,adeevahsn,Adeeva Hasna,88,"Pendidikan jalan, gizi anak terjamin. Dua-duanya penting buat masa depan generasi bangsa biar makin mantap! 🇮🇩✨
#jagaindonesia #MakanBergiziGratis #PendidikanIndonesia #GenerasiEmas #MBG https://t.co/ti7biNK9yT",pendidikan jalan gizi anak terjamin dua duanya penting buat masa depan generasi bangsa biar makin mantap jagaindonesia makanbergizigratis pendidikanindonesia generasiemas mbg,in,0,0,0,0,11,0,1_root,#MakanBergiziGratis[Latest],,positif,2,https://x.com/adeevahsn/status/2094249082927911353
2094248141235323350,2026-08-31 02:17:20,faryzkap,Faryzka P,83,"Skema program MBG mau dirombak biar makin efisien, hemat, dan transparan. Langkah tepat biar anggaran tepat sasaran demi masa depan anak bangsa! 🇮🇩✨

#jagaindonesia #MakanBergiziGratis #AnggaranMBG #EkonomiIndonesia #MBG https://t.co/MgdFHhDaHY",skema program mbg mau dirombak biar makin efisien hemat dan transparan langkah tepat biar anggaran tepat sasaran demi masa depan anak bangsa jagaindonesia makanbergizigratis anggaranmbg ekonomiindonesia mbg,in,0,0,0,0,10,0,1_root,#MakanBergiziGratis[Latest],,positif,3,https://x.com/faryzkap/status/2094248141235323350
2094247524945236393,2026-08-31 02:14:53,leonwirawan_,Leon Jason Wirawan,102,"Gizi dan pendidikan itu berdampingan, bukan saingan! Otak dicerdaskan lewat pendidikan, fisik dikuatkan dengan gizi. Mari dukung pengelolaan anggaran yang efisien! 🇮🇩✨
#jagaindonesia #MakanBergiziGratis #PendidikanIndonesia #GenerasiEmas #MBG https://t.co/frIEtoHLqr",gizi dan pendidikan itu berdampingan bukan saingan otak dicerdaskan lewat pendidikan fisik dikuatkan dengan gizi mari dukung pengelolaan anggaran yang efisien jagaindonesia makanbergizigratis pendidikanindonesia generasiemas mbg,in,0,0,0,0,11,0,1_root,#MakanBergiziGratis[Latest],,positif,2,https://x.com/leonwirawan_/status/2094247524945236393
2094245887665221671,2026-08-31 02:08:23,Mirna7Cantika,Mirna Cantika,6,"Pemerintah memperkuat pengawasan program MBG agar anggaran lebih tertib dan pelaksanaan di lapangan makin terjaga.

#DukungMBG #MakanBergiziGratis #GenerasiSehat #GenerasiCerdas #IndonesiaEmas2045 https://t.co/0je1jvI8Ch",pemerintah memperkuat pengawasan program mbg agar anggaran lebih tertib dan pelaksanaan di lapangan makin terjaga dukungmbg makanbergizigratis generasisehat generasicerdas indonesiaemas2045,in,1,0,1,0,22,0,1_root,#MakanBergiziGratis[Latest],,netral,0,https://x.com/Mirna7Cantika/status/2094245887665221671
2094245281097466306,2026-08-31 02:05:58,KarmanTejo,TejoKarman,23,"Dukungan masyarakat untuk MBG
#MakanBergiziGratis
#ManfaatMBG
#CegahStunting
#DukungMBG https://t.co/s7XIn8b871",dukungan masyarakat untuk mbg makanbergizigratis manfaatmbg cegahstunting dukungmbg,in,0,0,0,0,7,0,1_root,#MakanBergiziGratis[Latest],,netral,0,https://x.com/KarmanTejo/status/2094245281097466306
2094245236423999688,2026-08-31 02:05:48,KarmanTejo,TejoKarman,23,"MBG gizi hari ini, SDM unggul esok hari
#MakanBergiziGratis
#ManfaatMBG
#CegahStunting
#DukungMBG https://t.co/YXcktiWEvL",mbg gizi hari ini sdm unggul esok hari makanbergizigratis manfaatmbg cegahstunting dukungmbg,in,0,0,0,0,9,0,1_root,#MakanBergiziGratis[Latest],,netral,0,https://x.com/KarmanTejo/status/2094245236423999688
2094245157688496400,2026-08-31 02:05:29,KarmanTejo,TejoKarman,23,"Program MBG mendukung tumbuh kembang &amp; Kesehatan
#MakanBergiziGratis
#ManfaatMBG
#CegahStunting
#DukungMBG https://t.co/ZnwLVoI2bQ",program mbg mendukung tumbuh kembang amp kesehatan makanbergizigratis manfaatmbg cegahstunting dukungmbg,in,0,0,0,0,10,0,1_root,#MakanBergiziGratis[Latest],,positif,1,https://x.com/KarmanTejo/status/2094245157688496400
2094227711757836772,2026-08-31 00:56:10,mile_lea,mile.lea,7,"Sesuai arahan Presiden Prabowo, bantuan gizi ini bakalan diprioritaskan buat warga miskin ekstrem dan wilayah 3T #MakanBergiziGratis #MBGTepatSasaran #PemberdayaanMasyarakat #IndonesiaSehat https://t.co/Tnp6pS5rMw",sesuai arahan presiden prabowo bantuan gizi ini bakalan diprioritaskan buat warga miskin ekstrem dan wilayah 3t makanbergizigratis mbgtepatsasaran pemberdayaanmasyarakat indonesiasehat,in,0,0,0,0,8,0,1_root,#MakanBergiziGratis[Latest],,netral,0,https://x.com/mile_lea/status/2094227711757836772
2094227680233505105,2026-08-31 00:56:02,mile_lea,mile.lea,7,Pakai data DTSEN biar penyaluran bantuan gizi makin akurat dan warga rentan bisa langsung merasakan manfaatnya #MakanBergiziGratis #MBGTepatSasaran #PemberdayaanMasyarakat #IndonesiaSehat https://t.co/eWsYj1DEPT,pakai data dtsen biar penyaluran bantuan gizi makin akurat dan warga rentan bisa langsung merasakan manfaatnya makanbergizigratis mbgtepatsasaran pemberdayaanmasyarakat indonesiasehat,in,0,0,0,0,4,0,1_root,#MakanBergiziGratis[Latest],,netral,0,https://x.com/mile_lea/status/2094227680233505105
2094163949281554908,2026-08-30 20:42:47,sdmpolrests25,Sdm Tapsel,12,"SPPG Polres Tapsel terus mendukung pemenuhan gizi melalui penyajian menu bergizi, higienis dan berimbang sebagai bagian dari pelayanan terbaik bagi penerima manfaat. #PolresTapsel #SPPGPolresTapsel #MakanBergiziGratis #MBG #PolriUntukMasyarakat https://t.co/Oer1yhWSao",sppg polres tapsel terus mendukung pemenuhan gizi melalui penyajian menu bergizi higienis dan berimbang sebagai bagian dari pelayanan terbaik bagi penerima manfaat polrestapsel sppgpolrestapsel makanbergizigratis mbg polriuntukmasyarakat,in,0,0,0,0,21,0,1_root,#MakanBergiziGratis[Latest],,positif,3,https://x.com/sdmpolrests25/status/2094163949281554908
2094070973888954443,2026-08-30 14:33:20,renjunhuanm,"Renjun, H.",1803,@KotaNusantara Langkah konkrit BGN bikin masyarakat pinggiran makin percaya sama program pemerintah #MakanBergiziGratis,langkah konkrit bgn bikin masyarakat pinggiran makin percaya sama program pemerintah makanbergizigratis,in,0,0,0,0,11,0,1_root,#MakanBergiziGratis[Latest],,netral,0,https://x.com/renjunhuanm/status/2094070973888954443
2094066848795185496,2026-08-30 14:16:57,renjunhuanm,"Renjun, H.",1803,"@GenZNusantara Momen yang ditunggu, akhirnya akses gizi berkualitas datang juga ke pelosok negeri #MakanBergiziGratis",momen yang ditunggu akhirnya akses gizi berkualitas datang juga ke pelosok negeri makanbergizigratis,in,0,0,0,0,9,0,1_root,#MakanBergiziGratis[Latest],,netral,0,https://x.com/renjunhuanm/status/2094066848795185496
2094048068345954560,2026-08-30 13:02:19,erthelas,llea ❀༉,1354,2.700 dapur siap aktif makin banyak anak dapat hak gizi yang layak #MakanBergiziGratis https://t.co/Ljwth5Illj,2 700 dapur siap aktif makin banyak anak dapat hak gizi yang layak makanbergizigratis,in,0,0,0,0,14,0,1_root,#MakanBergiziGratis[Latest],,positif,1,https://x.com/erthelas/status/2094048068345954560
2094045554628276389,2026-08-30 12:52:20,cyacns,cya,1064,"@GenZNusantara BGN keren sih bisa bawa perubahan tanpa minta dana tambahan, justru manfaatnya makin besar #MakanBergiziGratis",bgn keren sih bisa bawa perubahan tanpa minta dana tambahan justru manfaatnya makin besar makanbergizigratis,in,0,0,0,0,11,0,1_root,#MakanBergiziGratis[Latest],,positif,1,https://x.com/cyacns/status/2094045554628276389
2094030548998172864,2026-08-30 11:52:42,Jenailsante,Jenail,1406,Kebijakan baru BGN pastikan semua proses transparan dan berkelanjutan #MakanBergiziGratis https://t.co/soVZIa413D,kebijakan baru bgn pastikan semua proses transparan dan berkelanjutan makanbergizigratis,in,0,0,0,0,16,0,1_root,#MakanBergiziGratis[Latest],,positif,1,https://x.com/Jenailsante/status/2094030548998172864
2093986179503026439,2026-08-30 08:56:24,ratuabelard4,ratuabelard,20,"Pemerintah tambah dapur MBG ke wilayah 3T tanpa nambah anggaran. Langkah ini diambil buat memperluas jangkauan gizi ke daerah minim akses.
​#jagaindonesia #MakanBergiziGratis #PemerataanGizi #Wilayah3T #GenerasiMasaDepan https://t.co/hKvpzdxhWA",pemerintah tambah dapur mbg ke wilayah 3t tanpa nambah anggaran langkah ini diambil buat memperluas jangkauan gizi ke daerah minim akses jagaindonesia makanbergizigratis pemerataangizi wilayah3t generasimasadepan,in,0,0,0,0,98,0,1_root,#MakanBergiziGratis[Latest],,netral,0,https://x.com/ratuabelard4/status/2093986179503026439
2093981991901495780,2026-08-30 08:39:45,Alfiravt,Alfira,285,Inspeksi langsung dapur MBG di Jakarta pastikan kepatuhan SOP dari produksi hingga distribusi demi makanan bergizi yang aman. #jagaindonesia #makanbergizigratis #BGN https://t.co/wTmXgdbkKi,inspeksi langsung dapur mbg di jakarta pastikan kepatuhan sop dari produksi hingga distribusi demi makanan bergizi yang aman jagaindonesia makanbergizigratis bgn,in,0,0,0,0,10,0,1_root,#MakanBergiziGratis[Latest],,positif,2,https://x.com/Alfiravt/status/2093981991901495780
2093978857179344976,2026-08-30 08:27:18,hariyanfebrii,hariyanfebri,24,"BGN tekankan pentingnya tanggung jawab dan kedisiplinan relawan MBG 🍱 Mulai dari pengolahan sampai penyaluran makanan wajib taat SOP biar gizi &amp; keamanan pangan tetep terjaga.
Melayani dengan hati buat generasi masa depan yang lebih sehat 🤝

#jagaindonesia #MakanBergiziGratis https://t.co/PPcLEJ08J3",bgn tekankan pentingnya tanggung jawab dan kedisiplinan relawan mbg mulai dari pengolahan sampai penyaluran makanan wajib taat sop biar gizi amp keamanan pangan tetep terjaga melayani dengan hati buat generasi masa depan yang lebih sehat jagaindonesia makanbergizigratis,in,0,0,0,0,12,0,1_root,#MakanBergiziGratis[Latest],,positif,1,https://x.com/hariyanfebrii/status/2093978857179344976
2093972060037091591,2026-08-30 08:00:17,felycyaan,felyyy,52,"Komitmen menyediakan gizi terbaik terus diperluas! Tanpa menambah beban anggaran, fasilitas dapur Program MBG terus bertambah demi menjangkau lebih banyak generasi penerus bangsa.
​#jagaindonesia #MakanBergiziGratis #GiziAnakBangsa #GenerasiEmas2045 #MBGMakinMeluas https://t.co/wHB4A4guGU",komitmen menyediakan gizi terbaik terus diperluas tanpa menambah beban anggaran fasilitas dapur program mbg terus bertambah demi menjangkau lebih banyak generasi penerus bangsa jagaindonesia makanbergizigratis gizianakbangsa generasiemas2045 mbgmakinmeluas,in,0,0,0,0,46,0,1_root,#MakanBergiziGratis[Latest],,netral,0,https://x.com/felycyaan/status/2093972060037091591
2093971989501292918,2026-08-30 08:00:01,rawarawakuh,rawarawakuh,941,"Transparansi dan kualitas adalah kunci! Pemerintah memperkuat pengawasan internal dan kolaborasi antar-lembaga demi memastikan Program MBG berjalan tepat sasaran serta berdampak maksimal.
​#jagaindonesia #AkuntabilitasPublik #MakanBergiziGratis #Transparansi #GiziBerkualitas https://t.co/pIrWSmBHei",transparansi dan kualitas adalah kunci pemerintah memperkuat pengawasan internal dan kolaborasi antar lembaga demi memastikan program mbg berjalan tepat sasaran serta berdampak maksimal jagaindonesia akuntabilitaspublik makanbergizigratis transparansi giziberkualitas,in,0,0,0,0,9,0,1_root,#MakanBergiziGratis[Latest],,positif,1,https://x.com/rawarawakuh/status/2093971989501292918
2093971986854949134,2026-08-30 08:00:00,adeevahsn,Adeeva Hasna,88,"Keren! Tanpa nambah anggaran, dapur MBG bakal makin banyak biar makin luas jangkauannya sampai daerah 3T. Gimana pendapatmu?
#jagaindonesia #makanbergizigratis #badangizinasional #indonesiamaju #MBG https://t.co/rsFGfpDZaN",keren tanpa nambah anggaran dapur mbg bakal makin banyak biar makin luas jangkauannya sampai daerah 3t gimana pendapatmu jagaindonesia makanbergizigratis badangizinasional indonesiamaju mbg,in,0,0,0,0,23,0,1_root,#MakanBergiziGratis[Latest],,positif,1,https://x.com/adeevahsn/status/2093971986854949134
2093971985797726215,2026-08-30 08:00:00,leonwirawan_,Leon Jason Wirawan,102,"BGN mau nambah dapur SPPG baru tanpa nambah anggaran, lho. Fokusnya langsung ke wilayah 3T dan pesantren biar makin merata!
#jagaindonesia #makanbergizigratis #badangizinasional #IndonesiaMaju  #MBG https://t.co/4f7R9In1R9",bgn mau nambah dapur sppg baru tanpa nambah anggaran lho fokusnya langsung ke wilayah 3t dan pesantren biar makin merata jagaindonesia makanbergizigratis badangizinasional indonesiamaju mbg,in,0,0,0,0,14,0,1_root,#MakanBergiziGratis[Latest],,positif,1,https://x.com/leonwirawan_/status/2093971985797726215
2093971733275664837,2026-08-30 07:58:59,gabirosamaria,Gabi Rosamaria,154,"Kabar baik! Dapur MBG bakal ditambah tanpa nambah anggaran, fokus jangkau wilayah 3T dan pesantren. Mantap banget kan program ini?
#jagaindonesia #makanbergizigratis #badangizinasional #GiziAnakIndonesia #MBG https://t.co/ljGIBk2lIc",kabar baik dapur mbg bakal ditambah tanpa nambah anggaran fokus jangkau wilayah 3t dan pesantren mantap banget kan program ini jagaindonesia makanbergizigratis badangizinasional gizianakindonesia mbg,in,0,0,0,0,36,0,1_root,#MakanBergiziGratis[Latest],,positif,2,https://x.com/gabirosamaria/status/2093971733275664837
2093958437743026542,2026-08-30 07:06:10,agolswer_c,@golswer.news,61,"Anak-anak di daerah terpencil sekarang bisa makan bergizi setiap hari! 🥗 Orang tua senang, guru-guru bahagia lihat muridnya makin sehat dan aktif. MBG beneran kasih harapan baru buat masa depan mereka! 🇮🇩💪
.
.
.
#MakanBergiziGratis #CeritaManfaatMBG #DukungMBG #PemerataanGizi https://t.co/yJPSLSOkiD",anak anak di daerah terpencil sekarang bisa makan bergizi setiap hari orang tua senang guru guru bahagia lihat muridnya makin sehat dan aktif mbg beneran kasih harapan baru buat masa depan mereka makanbergizigratis ceritamanfaatmbg dukungmbg pemerataangizi,in,0,0,0,0,12,0,1_root,#MakanBergiziGratis[Latest],,positif,3,https://x.com/agolswer_c/status/2093958437743026542
2093956089868177599,2026-08-30 06:56:50,agolswer_c,@golswer.news,61,"""Aamiin, semoga MBG terus jalan dan menjangkau semua daerah!"" itu kata warga yang udah ngerasain dampaknya. Harapan kita semua: program ini makin merata, makin berkualitas, dan jadi legacy kebanggaan bangsa! 🙏🌟
.
.
.
#MakanBergiziGratis #HarapanWarga #DukungMBG #GenerasiEmas https://t.co/jYoqsUz2h8",aamiin semoga mbg terus jalan dan menjangkau semua daerah itu kata warga yang udah ngerasain dampaknya harapan kita semua program ini makin merata makin berkualitas dan jadi legacy kebanggaan bangsa makanbergizigratis harapanwarga dukungmbg generasiemas,in,0,0,0,0,7,0,1_root,#MakanBergiziGratis[Latest],,positif,1,https://x.com/agolswer_c/status/2093956089868177599
2093950687965294621,2026-08-30 06:35:22,ratuabelard4,ratuabelard,20,"Kabar baik buat efisiensi uang negara. Badan Gizi Nasional pastikan penambahan dapur SPPG baru tetap mengandalkan alokasi sisa anggaran tanpa perlu minta suntikan dana.
​#jagaindonesia #BadanGiziNasional #MakanBergiziGratis #EfisiensiAnggaran #InfoNasional https://t.co/wMlmAOBNHg",kabar baik buat efisiensi uang negara badan gizi nasional pastikan penambahan dapur sppg baru tetap mengandalkan alokasi sisa anggaran tanpa perlu minta suntikan dana jagaindonesia badangizinasional makanbergizigratis efisiensianggaran infonasional,in,0,0,0,0,22,0,1_root,#MakanBergiziGratis[Latest],,positif,1,https://x.com/ratuabelard4/status/2093950687965294621
2093943835932107086,2026-08-30 06:08:08,Faridaiu,Farida,15,"Dapur MBG ditambah tapi nggak pake nambah anggaran di 2026. BGN tetep maksimalin sisa anggaran Rp335 triliun buat buka SPPG baru di daerah yang butuh. Manajemen anggarannya rapi juga nih. 👨‍🍳👍
#JagaIndonesia #BadanGiziNasional #MakanBergiziGratis #AnggaranNegara #GiziSeimbang https://t.co/mJyps1ljN6",dapur mbg ditambah tapi nggak pake nambah anggaran di 2026 bgn tetep maksimalin sisa anggaran rp335 triliun buat buka sppg baru di daerah yang butuh manajemen anggarannya rapi juga nih jagaindonesia badangizinasional makanbergizigratis anggarannegara giziseimbang,in,0,0,0,0,19,0,1_root,#MakanBergiziGratis[Latest],,netral,0,https://x.com/Faridaiu/status/2093943835932107086
2093926699532488970,2026-08-30 05:00:03,gabirosamaria,Gabi Rosamaria,154,"Mantap banget! Tanpa nambah anggaran, Badan Gizi Nasional bakal buka dapur baru biar program MBG makin meluas dan tepat sasaran. Gimana menurutmu?
#jagaindonesia #makanbergizigratis #badangizinasional #indonesiamaju #MBG https://t.co/ScuT6hb7oA",mantap banget tanpa nambah anggaran badan gizi nasional bakal buka dapur baru biar program mbg makin meluas dan tepat sasaran gimana menurutmu jagaindonesia makanbergizigratis badangizinasional indonesiamaju mbg,in,0,0,0,0,37,0,1_root,#MakanBergiziGratis[Latest],,positif,2,https://x.com/gabirosamaria/status/2093926699532488970
2093926692352094447,2026-08-30 05:00:01,leonwirawan_,Leon Jason Wirawan,102,"Keren banget! Dapur MBG bakal ditambah tanpa nambah anggaran, diprioritaskan buat daerah 3T, pesantren, dan wilayah pelosok. Gimana tanggapanmu?
#jagaindonesia #makanbergizigratis #badangizinasional #indonesiamaju #MBG https://t.co/XjYFYHGXcI",keren banget dapur mbg bakal ditambah tanpa nambah anggaran diprioritaskan buat daerah 3t pesantren dan wilayah pelosok gimana tanggapanmu jagaindonesia makanbergizigratis badangizinasional indonesiamaju mbg,in,0,0,0,0,16,0,1_root,#MakanBergiziGratis[Latest],,positif,1,https://x.com/leonwirawan_/status/2093926692352094447
2093926557924659248,2026-08-30 04:59:29,agolswer_c,@golswer.news,61,"MBG tuh bukan cuma bagi-bagi makanan, tapi langkah konkret buat naikin kesejahteraan anak bangsa! Petani lokal kebagian order, ibu-ibu dapet kerja, dan bocah-bocah jadi sehat. Multiplier effect-nya gila-gilaan! 
.
#MakanBergiziGratis #LangkahNyataMBG #DukungMBG #Kesejahteraan https://t.co/jn60wCmoaY",mbg tuh bukan cuma bagi bagi makanan tapi langkah konkret buat naikin kesejahteraan anak bangsa petani lokal kebagian order ibu ibu dapet kerja dan bocah bocah jadi sehat multiplier effect nya gila gilaan makanbergizigratis langkahnyatambg dukungmbg kesejahteraan,in,0,0,0,0,17,0,1_root,#MakanBergiziGratis[Latest],,positif,1,https://x.com/agolswer_c/status/2093926557924659248
2093923544178761995,2026-08-30 04:47:30,agolswer_c,@golswer.news,61,"Denger cerita dari ibu-ibu di pinggiran kota, anaknya sekarang semangat berangkat sekolah soalnya ada MBG! 🥺 Dulu suka bolak-balik laper, sekarang fokus belajar. Program ini beneran ubah hidup mereka! 🇮🇩🍱
.
.
.
#MakanBergiziGratis #CeritaManfaatMBG #DukungMBG #GenerasiSehat https://t.co/Rcw7TjrMmW",denger cerita dari ibu ibu di pinggiran kota anaknya sekarang semangat berangkat sekolah soalnya ada mbg dulu suka bolak balik laper sekarang fokus belajar program ini beneran ubah hidup mereka makanbergizigratis ceritamanfaatmbg dukungmbg generasisehat,in,0,0,0,0,11,0,1_root,#MakanBergiziGratis[Latest],,positif,1,https://x.com/agolswer_c/status/2093923544178761995
2093918936790384845,2026-08-30 04:29:12,Perjuangan52435,Perjuangan Bersama,102,"Gizi Hebat, Generasi Kuat! Dengan asupan nutrisi yang tepat di masa sekolah, kita sedang membangun fondasi masa depan bangsa. Bukti-bukti di lapangan menunjukkan bahwa MBG adalah Langkah Nyata untuk Kesejahteraan yang dampaknya sangat positif. 
#MakanBergiziGratis https://t.co/sTeRcT2Jcw",gizi hebat generasi kuat dengan asupan nutrisi yang tepat di masa sekolah kita sedang membangun fondasi masa depan bangsa bukti bukti di lapangan menunjukkan bahwa mbg adalah langkah nyata untuk kesejahteraan yang dampaknya sangat positif makanbergizigratis,in,1,0,0,0,36,0,1_root,#MakanBergiziGratis[Latest],,positif,3,https://x.com/Perjuangan52435/status/2093918936790384845
2093918509369794728,2026-08-30 04:27:30,Perjuangan52435,Perjuangan Bersama,102,"Fokus belajar meningkat dan siswa makin rajin masuk sekolah! Kehadiran program MBG menjadi Langkah Nyata untuk Kesejahteraan di bidang pendidikan. Anak ceria, guru pun ikut bahagia karena proses belajar mengajar jadi lebih maksimal
#MakanBergiziGratis https://t.co/c1tWepe1yz",fokus belajar meningkat dan siswa makin rajin masuk sekolah kehadiran program mbg menjadi langkah nyata untuk kesejahteraan di bidang pendidikan anak ceria guru pun ikut bahagia karena proses belajar mengajar jadi lebih maksimal makanbergizigratis,in,1,0,0,0,13,0,1_root,#MakanBergiziGratis[Latest],,positif,1,https://x.com/Perjuangan52435/status/2093918509369794728
2093918469192565142,2026-08-30 04:27:20,Perjuangan52435,Perjuangan Bersama,102,"Tidak perlu repot lagi menyiapkan bekal dari pagi buta. Bagi para ibu, program MBG sangat meringankan kegiatan pagi dan pengeluaran ekonomi keluarga. Ada Harapan dan Dukungan Warga agar program luar biasa ini terus berlanjut demi pertumbuhan anak.
#MakanBergiziGratis https://t.co/x4CueIWcKO",tidak perlu repot lagi menyiapkan bekal dari pagi buta bagi para ibu program mbg sangat meringankan kegiatan pagi dan pengeluaran ekonomi keluarga ada harapan dan dukungan warga agar program luar biasa ini terus berlanjut demi pertumbuhan anak makanbergizigratis,in,1,0,0,0,22,0,1_root,#MakanBergiziGratis[Latest],,positif,1,https://x.com/Perjuangan52435/status/2093918469192565142
2093913510229286963,2026-08-30 04:07:38,SintaAzhari9,Sinta Azhari,403,"Gizi Hebat, Generasi Kuat! Dengan asupan nutrisi yang tepat di masa sekolah, kita sedang membangun fondasi masa depan bangsa. Bukti-bukti di lapangan menunjukkan bahwa MBG adalah Langkah Nyata untuk Kesejahteraan yang dampaknya sangat positif. 
#MakanBergiziGratis https://t.co/ygekNVadut",gizi hebat generasi kuat dengan asupan nutrisi yang tepat di masa sekolah kita sedang membangun fondasi masa depan bangsa bukti bukti di lapangan menunjukkan bahwa mbg adalah langkah nyata untuk kesejahteraan yang dampaknya sangat positif makanbergizigratis,in,1,0,0,0,48,0,1_root,#MakanBergiziGratis[Latest],,positif,3,https://x.com/SintaAzhari9/status/2093913510229286963
2093913510124433732,2026-08-30 04:07:38,SintaAzhari9,Sinta Azhari,403,"Fokus belajar meningkat dan siswa makin rajin masuk sekolah! Kehadiran program MBG menjadi Langkah Nyata untuk Kesejahteraan di bidang pendidikan. Anak ceria, guru pun ikut bahagia karena proses belajar mengajar jadi lebih maksimal
#MakanBergiziGratis https://t.co/C1buKApytF",fokus belajar meningkat dan siswa makin rajin masuk sekolah kehadiran program mbg menjadi langkah nyata untuk kesejahteraan di bidang pendidikan anak ceria guru pun ikut bahagia karena proses belajar mengajar jadi lebih maksimal makanbergizigratis,in,1,0,0,0,57,0,1_root,#MakanBergiziGratis[Latest],,positif,1,https://x.com/SintaAzhari9/status/2093913510124433732
2093913473151599009,2026-08-30 04:07:29,SintaAzhari9,Sinta Azhari,403,"Tidak perlu repot lagi menyiapkan bekal dari pagi buta. Bagi para ibu, program MBG sangat meringankan kegiatan pagi dan pengeluaran ekonomi keluarga. Ada Harapan dan Dukungan Warga agar program luar biasa ini terus berlanjut demi pertumbuhan anak.
#MakanBergiziGratis https://t.co/YYIABvrsr2",tidak perlu repot lagi menyiapkan bekal dari pagi buta bagi para ibu program mbg sangat meringankan kegiatan pagi dan pengeluaran ekonomi keluarga ada harapan dan dukungan warga agar program luar biasa ini terus berlanjut demi pertumbuhan anak makanbergizigratis,in,1,0,0,0,147,0,1_root,#MakanBergiziGratis[Latest],,positif,1,https://x.com/SintaAzhari9/status/2093913473151599009
2093904608561336384,2026-08-30 03:32:16,kellytiemikino,kelly 🇮🇩,258,"Dukungan terhadap program MBG adalah dukungan untuk masa depan bangsa. Dengan pelaksanaan yang berkualitas dan berkelanjutan, program ini dapat membantu anak-anak memperoleh asupan yang mendukung kesehatan dan proses belajar mereka. #MakanBergiziGratis #IndonesiaMaju https://t.co/a1GV9OXRHc",dukungan terhadap program mbg adalah dukungan untuk masa depan bangsa dengan pelaksanaan yang berkualitas dan berkelanjutan program ini dapat membantu anak anak memperoleh asupan yang mendukung kesehatan dan proses belajar mereka makanbergizigratis indonesiamaju,in,0,0,0,0,21,0,1_root,#MakanBergiziGratis[Latest],,positif,2,https://x.com/kellytiemikino/status/2093904608561336384
2093904597748473935,2026-08-30 03:32:13,kellytiemikino,kelly 🇮🇩,258,"Dukungan terhadap program MBG adalah dukungan untuk masa depan bangsa. Dengan pelaksanaan yang berkualitas dan berkelanjutan, program ini dapat membantu anak-anak memperoleh asupan yang mendukung kesehatan dan proses belajar mereka. #MakanBergiziGratis #IndonesiaMaju https://t.co/1GOwK5XJpQ",dukungan terhadap program mbg adalah dukungan untuk masa depan bangsa dengan pelaksanaan yang berkualitas dan berkelanjutan program ini dapat membantu anak anak memperoleh asupan yang mendukung kesehatan dan proses belajar mereka makanbergizigratis indonesiamaju,in,0,0,0,0,17,0,1_root,#MakanBergiziGratis[Latest],,positif,2,https://x.com/kellytiemikino/status/2093904597748473935
2093904587568844935,2026-08-30 03:32:11,kellytiemikino,kelly 🇮🇩,258,"Dukungan terhadap program MBG adalah dukungan untuk masa depan bangsa. Dengan pelaksanaan yang berkualitas dan berkelanjutan, program ini dapat membantu anak-anak memperoleh asupan yang mendukung kesehatan dan proses belajar mereka. #MakanBergiziGratis #IndonesiaMaju https://t.co/iL4NNxGjAw",dukungan terhadap program mbg adalah dukungan untuk masa depan bangsa dengan pelaksanaan yang berkualitas dan berkelanjutan program ini dapat membantu anak anak memperoleh asupan yang mendukung kesehatan dan proses belajar mereka makanbergizigratis indonesiamaju,in,0,0,0,0,16,0,1_root,#MakanBergiziGratis[Latest],,positif,2,https://x.com/kellytiemikino/status/2093904587568844935
2093904575476695265,2026-08-30 03:32:08,kellytiemikino,kelly 🇮🇩,258,"Dukungan terhadap program MBG adalah dukungan untuk masa depan bangsa. Dengan pelaksanaan yang berkualitas dan berkelanjutan, program ini dapat membantu anak-anak memperoleh asupan yang mendukung kesehatan dan proses belajar mereka. #MakanBergiziGratis #IndonesiaMaju https://t.co/JqnmYfRulb",dukungan terhadap program mbg adalah dukungan untuk masa depan bangsa dengan pelaksanaan yang berkualitas dan berkelanjutan program ini dapat membantu anak anak memperoleh asupan yang mendukung kesehatan dan proses belajar mereka makanbergizigratis indonesiamaju,in,0,0,0,0,16,0,1_root,#MakanBergiziGratis[Latest],,positif,2,https://x.com/kellytiemikino/status/2093904575476695265
2093890695287500810,2026-08-30 02:36:59,GenZNusantara,Menuju Indonesia Emas 2045,1128,"BGN Prioritaskan Daerah 3T, 2.700 Dapur MBG Segera Dibuka September

#MakanBergiziGratis https://t.co/V2fE2Tppfu",bgn prioritaskan daerah 3t 2 700 dapur mbg segera dibuka september makanbergizigratis,in,49,45,57,0,913,0,1_root,#MakanBergiziGratis[Latest],,netral,0,https://x.com/GenZNusantara/status/2093890695287500810
2093890681236574524,2026-08-30 02:36:55,KotaNusantara,Nusantara Satu,341,"Percepatan Perluasan Layanan Gizi Merata Melalui Pembukaan Ribuan Dapur MBG

#MakanBergiziGratis https://t.co/GqhXge5HB2",percepatan perluasan layanan gizi merata melalui pembukaan ribuan dapur mbg makanbergizigratis,in,62,56,66,0,212,0,1_root,#MakanBergiziGratis[Latest],,positif,1,https://x.com/KotaNusantara/status/2093890681236574524
2093885601959567663,2026-08-30 02:16:44,KarmanTejo,TejoKarman,23,"Menu MBG makin dijaga
#MakanBergiziGratis
#ManfaatMBG
#CegahStunting
#DukungMBG https://t.co/ld7cDJW16M",menu mbg makin dijaga makanbergizigratis manfaatmbg cegahstunting dukungmbg,in,0,0,0,0,15,0,1_root,#MakanBergiziGratis[Latest],,netral,0,https://x.com/KarmanTejo/status/2093885601959567663
2093885558582083960,2026-08-30 02:16:34,KarmanTejo,TejoKarman,23,"MBG atasi stunting gerakkan ekonomi daerah
#MakanBergiziGratis
#ManfaatMBG
#CegahStunting
#DukungMBG https://t.co/BOANhg4oaB",mbg atasi stunting gerakkan ekonomi daerah makanbergizigratis manfaatmbg cegahstunting dukungmbg,in,0,0,0,0,15,0,1_root,#MakanBergiziGratis[Latest],,netral,0,https://x.com/KarmanTejo/status/2093885558582083960
2093885517222048149,2026-08-30 02:16:24,KarmanTejo,TejoKarman,23,"Dukung Program MBG
#MakanBergiziGratis
#ManfaatMBG
#CegahStunting
#DukungMBG https://t.co/vaU3MGZFuW",dukung program mbg makanbergizigratis manfaatmbg cegahstunting dukungmbg,in,0,0,0,0,12,0,1_root,#MakanBergiziGratis[Latest],,positif,1,https://x.com/KarmanTejo/status/2093885517222048149
2093885480878416344,2026-08-30 02:16:15,KarmanTejo,TejoKarman,23,"Program MBG investasi gizi untuk generasi emas Indonesia
#MakanBergiziGratis
#ManfaatMBG
#CegahStunting
#DukungMBG https://t.co/Jfv4W3FxKL",program mbg investasi gizi untuk generasi emas indonesia makanbergizigratis manfaatmbg cegahstunting dukungmbg,in,0,0,0,0,19,0,1_root,#MakanBergiziGratis[Latest],,netral,0,https://x.com/KarmanTejo/status/2093885480878416344
2093859574910747098,2026-08-30 00:33:19,macesonyaa,Mace Sonya,177,"Dengan menyerap hasil pertanian, peternakan, dan perikanan lokal, program ini menghadirkan kepastian pasar bagi para petani dan UMKM pangan di seluruh pelosok negeri.
#MakanBergiziGratis
#SehatBersamaMBG https://t.co/z6zrOh2GKW",dengan menyerap hasil pertanian peternakan dan perikanan lokal program ini menghadirkan kepastian pasar bagi para petani dan umkm pangan di seluruh pelosok negeri makanbergizigratis sehatbersamambg,in,0,0,1,0,22,0,1_root,#MakanBergiziGratis[Latest],,netral,0,https://x.com/macesonyaa/status/2093859574910747098
2093822614229926161,2026-08-29 22:06:27,SilviAndriana1,Silvi Andriana,15,"Mari terus kawal dan dukung langkah baik demi masa depan anak-anak Indonesia! 🇮🇩✨

#jagaindonesia #MakanBergiziGratis #GiziAnakBangsa #GenerasiEmas2045 #SehatkanIndonesia https://t.co/Q70sDAaed4",mari terus kawal dan dukung langkah baik demi masa depan anak anak indonesia jagaindonesia makanbergizigratis gizianakbangsa generasiemas2045 sehatkanindonesia,in,0,0,0,0,14,0,1_root,#MakanBergiziGratis[Latest],,positif,2,https://x.com/SilviAndriana1/status/2093822614229926161
2093713302946013581,2026-08-29 14:52:05,BertaniKodok,kodok bertani,277,"Dari bahan pangan lokal sampai ke meja makan anak, MBG membawa manfaat yang lebih luas. Gizi anak terjaga, petani dan UMKM pangan mendapat peluang, ekonomi daerah ikut tumbuh.

#MakanBergiziGratis #EkonomiRakyat https://t.co/ok9Gkk4WkJ",dari bahan pangan lokal sampai ke meja makan anak mbg membawa manfaat yang lebih luas gizi anak terjaga petani dan umkm pangan mendapat peluang ekonomi daerah ikut tumbuh makanbergizigratis ekonomirakyat,in,0,0,1,0,22,0,1_root,#MakanBergiziGratis[Latest],,netral,0,https://x.com/BertaniKodok/status/2093713302946013581
2093713212210659485,2026-08-29 14:51:43,BertaniKodok,kodok bertani,277,"MBG bukan cuma bantu penuhi gizi anak, tapi juga bikin roda ekonomi daerah ikut berputar. Hasil pertanian, peternakan, dan perikanan lokal terserap, UMKM pangan pun punya peluang berkembang.

#MakanBergiziGratis #EkonomiLokal https://t.co/4JqwYl810L",mbg bukan cuma bantu penuhi gizi anak tapi juga bikin roda ekonomi daerah ikut berputar hasil pertanian peternakan dan perikanan lokal terserap umkm pangan pun punya peluang berkembang makanbergizigratis ekonomilokal,in,0,0,1,0,23,0,1_root,#MakanBergiziGratis[Latest],,positif,1,https://x.com/BertaniKodok/status/2093713212210659485
2093626147724771767,2026-08-29 09:05:45,syabiraaaaa,syabira,16,"Presiden Prabowo akui program MBG masih ada tantangan. Bukan ditutup-tutupi, tapi terus dibenahi demi gizi anak bangsa! #jagaindonesia #prabowo #makanbergizigratis #evaluasi https://t.co/kXUdrACkVi",presiden prabowo akui program mbg masih ada tantangan bukan ditutup tutupi tapi terus dibenahi demi gizi anak bangsa jagaindonesia prabowo makanbergizigratis evaluasi,in,0,0,0,0,35,0,1_root,#MakanBergiziGratis[Latest],,netral,0,https://x.com/syabiraaaaa/status/2093626147724771767
2093609598192070743,2026-08-29 08:00:00,lalakokgitusih,lala bukan teletubbies,156,"Mari terus kawal dan dukung langkah baik demi masa depan anak-anak Indonesia! 🇮🇩✨

#jagaindonesia #MakanBergiziGratis #GiziAnakBangsa #GenerasiEmas2045 #SehatkanIndonesia https://t.co/d9edR9ctPo",mari terus kawal dan dukung langkah baik demi masa depan anak anak indonesia jagaindonesia makanbergizigratis gizianakbangsa generasiemas2045 sehatkanindonesia,in,0,0,0,0,20,0,1_root,#MakanBergiziGratis[Latest],,positif,2,https://x.com/lalakokgitusih/status/2093609598192070743
2093568470441140509,2026-08-29 05:16:34,pinklovers30,kenz,97,"Program Makan Bergizi Gratis telah menjangkau puluhan juta penerima manfaat. Evaluasi dan perbaikan fasilitas dapur terus dilakukan demi pemenuhan gizi generasi muda.
​#jagaindonesia #MakanBergiziGratis #GiziAnakBangsa #GenerasiEmas #KesejahteraanRakyat https://t.co/9jXOEE7x0k",program makan bergizi gratis telah menjangkau puluhan juta penerima manfaat evaluasi dan perbaikan fasilitas dapur terus dilakukan demi pemenuhan gizi generasi muda jagaindonesia makanbergizigratis gizianakbangsa generasiemas kesejahteraanrakyat,in,0,0,0,0,21,0,1_root,#MakanBergiziGratis[Latest],,positif,2,https://x.com/pinklovers30/status/2093568470441140509
2093566016370741456,2026-08-29 05:06:49,adeevahsn,Adeeva Hasna,88,"Gokil sih ini! Program Makan Bergizi Gratis di Nagekeo ternyata ampuh banget bikin kasus KDRT turun drastis. Gizinya dapet, damainya dapet!
#jagaindonesia #makanbergizigratis #keluargaharmonis #bagekeontt #MBG https://t.co/lqrXDNR95f",gokil sih ini program makan bergizi gratis di nagekeo ternyata ampuh banget bikin kasus kdrt turun drastis gizinya dapet damainya dapet jagaindonesia makanbergizigratis keluargaharmonis bagekeontt mbg,in,0,0,0,0,30,0,1_root,#MakanBergiziGratis[Latest],,positif,2,https://x.com/adeevahsn/status/2093566016370741456
2093534809813631221,2026-08-29 03:02:49,ewkayes,kayees,65,Lebih dari 62 juta orang telah merasakan manfaat Program Makan Bergizi Gratis (MBG). Program terus diperluas dan dievaluasi! #jagaindonesia #MakanBergiziGratis #IndonesiaMaju https://t.co/cI44dSr7sg,lebih dari 62 juta orang telah merasakan manfaat program makan bergizi gratis mbg program terus diperluas dan dievaluasi jagaindonesia makanbergizigratis indonesiamaju,in,0,0,0,0,27,0,1_root,#MakanBergiziGratis[Latest],,positif,2,https://x.com/ewkayes/status/2093534809813631221
2093525957739266482,2026-08-29 02:27:38,Perjuangan52435,Perjuangan Bersama,102,"Dukung Bersama Program Makan Bergizi Gratis 
#ManfaatMakanBergiziGratis
#MakanBergiziGratis https://t.co/FoPPCZBwT5",dukung bersama program makan bergizi gratis manfaatmakanbergizigratis makanbergizigratis,in,1,0,0,0,38,0,1_root,#MakanBergiziGratis[Latest],,positif,3,https://x.com/Perjuangan52435/status/2093525957739266482
2093525855813419222,2026-08-29 02:27:14,Perjuangan52435,Perjuangan Bersama,102,"Dukung Bersama Program Makan Bergizi Gratis 
#ManfaatMakanBergiziGratis
#MakanBergiziGratis https://t.co/EcgqvSJJag",dukung bersama program makan bergizi gratis manfaatmakanbergizigratis makanbergizigratis,in,1,0,0,0,35,0,1_root,#MakanBergiziGratis[Latest],,positif,3,https://x.com/Perjuangan52435/status/2093525855813419222
2093517686051651631,2026-08-29 01:54:46,KarmanTejo,TejoKarman,23,"Putusan MK pertegas landasan hukum, MBG Program tetap berjalan dengan penyesuaian
#MakanBergiziGratis
#ManfaatMBG
#CegahStunting
#DukungMBG https://t.co/UOdWaDzbbz",putusan mk pertegas landasan hukum mbg program tetap berjalan dengan penyesuaian makanbergizigratis manfaatmbg cegahstunting dukungmbg,in,0,0,0,0,17,0,1_root,#MakanBergiziGratis[Latest],,netral,0,https://x.com/KarmanTejo/status/2093517686051651631
2093517364885360934,2026-08-29 01:53:30,KarmanTejo,TejoKarman,23,"Dukung penuh MBG
#MakanBergiziGratis
#ManfaatMBG
#CegahStunting
#DukungMBG https://t.co/QHY4S3VsV7",dukung penuh mbg makanbergizigratis manfaatmbg cegahstunting dukungmbg,in,0,0,0,0,22,0,1_root,#MakanBergiziGratis[Latest],,positif,1,https://x.com/KarmanTejo/status/2093517364885360934
2093517346971210121,2026-08-29 01:53:25,YuniSet69424831,Yuni Setyowati,16,DUKUNG MBG JAGA GENERASI BANGSA #MakanBergiziGratis #AnakSehatlndonesiaKuat https://t.co/ed5Fi5ZBU3,dukung mbg jaga generasi bangsa makanbergizigratis anaksehatlndonesiakuat,in,0,0,0,0,19,0,1_root,#MakanBergiziGratis[Latest],,positif,1,https://x.com/YuniSet69424831/status/2093517346971210121
2093517326679474373,2026-08-29 01:53:21,KarmanTejo,TejoKarman,23,"Dukung penuh MBG
#MakanBergiziGratis
#ManfaatMBG
#CegahStunting
#DukungMBG https://t.co/75oIF1KPnz",dukung penuh mbg makanbergizigratis manfaatmbg cegahstunting dukungmbg,in,0,0,0,0,21,0,1_root,#MakanBergiziGratis[Latest],,positif,1,https://x.com/KarmanTejo/status/2093517326679474373
2093517258245259664,2026-08-29 01:53:04,KarmanTejo,TejoKarman,23,"Dukung dan kawal MBG untuk anak Indonesia yang lebih sehat, cerdas, dan kuat
#MakanBergiziGratis
#ManfaatMBG
#CegahStunting
#DukungMBG https://t.co/0kJT1wHSx5",dukung dan kawal mbg untuk anak indonesia yang lebih sehat cerdas dan kuat makanbergizigratis manfaatmbg cegahstunting dukungmbg,in,0,0,0,0,21,0,1_root,#MakanBergiziGratis[Latest],,positif,2,https://x.com/KarmanTejo/status/2093517258245259664
2093507722490912890,2026-08-29 01:15:11,TasyaFahira18,Tasya Fahira,447,"Anak sehat, bangsa kuat! Dukung penuh program makan bergizi gratis demi masa depan generasi penerus yang lebih cerah, cerdas, dan berprestasi.  #MakanBergiziGratis https://t.co/1g4TuQIS88",anak sehat bangsa kuat dukung penuh program makan bergizi gratis demi masa depan generasi penerus yang lebih cerah cerdas dan berprestasi makanbergizigratis,in,1,0,0,0,37,0,1_root,#MakanBergiziGratis[Latest],,positif,5,https://x.com/TasyaFahira18/status/2093507722490912890
2093507673451114694,2026-08-29 01:14:59,TasyaFahira18,Tasya Fahira,447,"Anak sehat, bangsa kuat! Dukung penuh program makan bergizi gratis demi masa depan generasi penerus yang lebih cerah, cerdas, dan berprestasi.  #MakanBergiziGratis https://t.co/Yh1OZ2TVmF",anak sehat bangsa kuat dukung penuh program makan bergizi gratis demi masa depan generasi penerus yang lebih cerah cerdas dan berprestasi makanbergizigratis,in,1,0,0,0,50,0,1_root,#MakanBergiziGratis[Latest],,positif,5,https://x.com/TasyaFahira18/status/2093507673451114694
2093438896503988355,2026-08-28 20:41:41,SikeuPolres123,sikeu polres tapanuli selatan,6,"SPPG Polres Tapsel hadir mendukung pemenuhan gizi melalui sajian menu sehat, bergizi dan seimbang bagi penerima manfaat sebagai bagian dari pelaksanaan Program Makan Bergizi Gratis. #PolresTapsel #SPPGPolresTapsel #MakanBergiziGratis #MBG #PolriUntukMasyarakat https://t.co/IVhqzNEnEi",sppg polres tapsel hadir mendukung pemenuhan gizi melalui sajian menu sehat bergizi dan seimbang bagi penerima manfaat sebagai bagian dari pelaksanaan program makan bergizi gratis polrestapsel sppgpolrestapsel makanbergizigratis mbg polriuntukmasyarakat,in,0,0,0,0,29,0,1_root,#MakanBergiziGratis[Latest],,positif,5,https://x.com/SikeuPolres123/status/2093438896503988355
2093270791945413119,2026-08-28 09:33:42,BertaniKodok,kodok bertani,277,"BGN terus mendorong SPPG berbenah dan meningkatkan kualitas pelaksanaan MBG. Dengan standar yang makin baik, layanan gizi diharapkan semakin aman, tertib, dan bermanfaat bagi masyarakat.

#MakanBergiziGratis
#IndonesiaSehat https://t.co/xmiaSa5PvY",bgn terus mendorong sppg berbenah dan meningkatkan kualitas pelaksanaan mbg dengan standar yang makin baik layanan gizi diharapkan semakin aman tertib dan bermanfaat bagi masyarakat makanbergizigratis indonesiasehat,in,0,0,1,0,48,0,1_root,#MakanBergiziGratis[Latest],,positif,3,https://x.com/BertaniKodok/status/2093270791945413119
2093268240160141707,2026-08-28 09:23:34,mikirdoeloe,mikirdoeloe,41,"MBG: mengenalkan gizi, menjaga energi, sekaligus menggerakkan pangan lokal! Dari anak yang semakin mengenal beragam sayuran, tetap bersemangat sepulang sekolah, hingga hasil panen petani lokal yang berpeluang semakin terserap. #MakanBergiziGratis #DukungMBG #GiziAnak #AnakSehat https://t.co/falrXKW0XM",mbg mengenalkan gizi menjaga energi sekaligus menggerakkan pangan lokal dari anak yang semakin mengenal beragam sayuran tetap bersemangat sepulang sekolah hingga hasil panen petani lokal yang berpeluang semakin terserap makanbergizigratis dukungmbg gizianak anaksehat,in,0,0,0,0,27,0,1_root,#MakanBergiziGratis[Latest],,netral,0,https://x.com/mikirdoeloe/status/2093268240160141707
2093268188989702641,2026-08-28 09:23:21,mikirdoeloe,mikirdoeloe,41,"MBG: mengenalkan gizi, menjaga energi, sekaligus menggerakkan pangan lokal! Dari anak yang semakin mengenal beragam sayuran, tetap bersemangat sepulang sekolah, hingga hasil panen petani lokal yang berpeluang semakin terserap. #MakanBergiziGratis #DukungMBG #GiziAnak #AnakSehat https://t.co/KAloG1VKXd",mbg mengenalkan gizi menjaga energi sekaligus menggerakkan pangan lokal dari anak yang semakin mengenal beragam sayuran tetap bersemangat sepulang sekolah hingga hasil panen petani lokal yang berpeluang semakin terserap makanbergizigratis dukungmbg gizianak anaksehat,in,0,0,0,0,22,0,1_root,#MakanBergiziGratis[Latest],,netral,0,https://x.com/mikirdoeloe/status/2093268188989702641
2093268138418958532,2026-08-28 09:23:09,mikirdoeloe,mikirdoeloe,41,"MBG: mengenalkan gizi, menjaga energi, sekaligus menggerakkan pangan lokal! Dari anak yang semakin mengenal beragam sayuran, tetap bersemangat sepulang sekolah, hingga hasil panen petani lokal yang berpeluang semakin terserap. #MakanBergiziGratis #DukungMBG #GiziAnak #AnakSehat https://t.co/zm6MKwHMLI",mbg mengenalkan gizi menjaga energi sekaligus menggerakkan pangan lokal dari anak yang semakin mengenal beragam sayuran tetap bersemangat sepulang sekolah hingga hasil panen petani lokal yang berpeluang semakin terserap makanbergizigratis dukungmbg gizianak anaksehat,in,0,0,0,0,22,0,1_root,#MakanBergiziGratis[Latest],,netral,0,https://x.com/mikirdoeloe/status/2093268138418958532
2093255356956995704,2026-08-28 08:32:22,Missae92,Desmawarni,73,"Pembenahan manajemen MBG terus dilakukan untuk mengatasi isu operasional dan memperkuat tata kelola, demi penyaluran nutrisi yang aman dan merata serta generasi Papua yang sehat, cerdas, dan tangguh. #DukungMBGPapua #SDMPapua #MakanBergiziGratis #PapuaSejahtera #MBGPapua https://t.co/Us0ogNfwKg",pembenahan manajemen mbg terus dilakukan untuk mengatasi isu operasional dan memperkuat tata kelola demi penyaluran nutrisi yang aman dan merata serta generasi papua yang sehat cerdas dan tangguh dukungmbgpapua sdmpapua makanbergizigratis papuasejahtera mbgpapua,in,0,0,0,0,4254,0,1_root,#MakanBergiziGratis[Latest],,positif,4,https://x.com/Missae92/status/2093255356956995704
2093252275141820493,2026-08-28 08:20:07,novitraramli777,Novira,111,"Badan Gizi Nasional (BGN) dorong SPPG meningkatkan kualitas pelaksanaan program Makan Bergizi Gratis (MBG).
#MakanBergiziGratis
#IndonesiaSehat https://t.co/f9l7GimRpN",badan gizi nasional bgn dorong sppg meningkatkan kualitas pelaksanaan program makan bergizi gratis mbg makanbergizigratis indonesiasehat,in,34,12,1,0,14375,0,1_root,#MakanBergiziGratis[Latest],,positif,2,https://x.com/novitraramli777/status/2093252275141820493
2093247234364383685,2026-08-28 08:00:05,redinmalika,redinmalika,31,"Dari asupan bergizi lahir generasi yang lebih sehat dan kuat. MBG hadir sebagai langkah mendukung tumbuh kembang anak Indonesia.
#ManfaatMakanBergiziGratis #MakanBergiziGratis #DukungProgramMakanBergiziGratis https://t.co/Rov0lfME2F",dari asupan bergizi lahir generasi yang lebih sehat dan kuat mbg hadir sebagai langkah mendukung tumbuh kembang anak indonesia manfaatmakanbergizigratis makanbergizigratis dukungprogrammakanbergizigratis,in,0,0,0,0,20,0,1_root,#MakanBergiziGratis[Latest],,positif,3,https://x.com/redinmalika/status/2093247234364383685
2093247099093815732,2026-08-28 07:59:33,redinmalika,redinmalika,31,"Gizi yang baik menjadi bekal penting bagi masa depan anak. Mari dukung MBG agar manfaatnya terus dirasakan masyarakat.
#ManfaatMakanBergiziGratis #MakanBergiziGratis #DukungProgramMakanBergiziGratis https://t.co/YYu83ZKGa5",gizi yang baik menjadi bekal penting bagi masa depan anak mari dukung mbg agar manfaatnya terus dirasakan masyarakat manfaatmakanbergizigratis makanbergizigratis dukungprogrammakanbergizigratis,in,0,0,0,0,15,0,1_root,#MakanBergiziGratis[Latest],,positif,2,https://x.com/redinmalika/status/2093247099093815732
2093246874774081623,2026-08-28 07:58:40,redinmalika,redinmalika,31,"MBG hadir mendukung pemenuhan gizi anak dan memberi manfaat bagi masyarakat. Bersama, kita dukung generasi Indonesia tumbuh sehat dan kuat.
#ManfaatMakanBergiziGratis #MakanBergiziGratis #DukungProgramMakanBergiziGratis https://t.co/xHpQd37Csl",mbg hadir mendukung pemenuhan gizi anak dan memberi manfaat bagi masyarakat bersama kita dukung generasi indonesia tumbuh sehat dan kuat manfaatmakanbergizigratis makanbergizigratis dukungprogrammakanbergizigratis,in,0,0,0,0,17,0,1_root,#MakanBergiziGratis[Latest],,positif,3,https://x.com/redinmalika/status/2093246874774081623
2093191994973778259,2026-08-28 04:20:35,VIRGO1409271346,VIRGO1409271346,6744,"#PrayforKalimantan
#MakanBergiziGratis
#Viral https://t.co/W7Q1hAH8rw",prayforkalimantan makanbergizigratis viral,qme,82,53,8,4,6990,0,1_root,#MakanBergiziGratis[Latest],,netral,0,https://x.com/VIRGO1409271346/status/2093191994973778259
2093180855267316063,2026-08-28 03:36:19,renjunhuanm,"Renjun, H.",1803,"Kerja bareng bareng jadi lebih mudah sejak ada MBG, 1,28 juta tenaga kerja ternotice #MakanBergiziGratis https://t.co/lHfPATlxVo",kerja bareng bareng jadi lebih mudah sejak ada mbg 1 28 juta tenaga kerja ternotice makanbergizigratis,in,0,0,0,0,42,0,1_root,#MakanBergiziGratis[Latest],,netral,0,https://x.com/renjunhuanm/status/2093180855267316063
2093161778079490401,2026-08-28 02:20:31,Perjuangan52435,Perjuangan Bersama,102,"Dukung Bersama Program Makan Bergizi Gratis 
#ManfaatMakanBergiziGratis
#MakanBergiziGratis https://t.co/AUIvpb4ZAe",dukung bersama program makan bergizi gratis manfaatmakanbergizigratis makanbergizigratis,in,1,729,0,0,1041,0,1_root,#MakanBergiziGratis[Latest],,positif,3,https://x.com/Perjuangan52435/status/2093161778079490401
