"Tweet_ID","Root_Tweet_ID","Teks_Root","Teks_Komentar","Kategori_Utama","Subkategori_Primer","Kategori_Sekunder","Annotation_Status","Annotator_1","Annotator_2","Adjudicated_Label","Label_Guide_Version"
"1970826347498053720","1970775217908633972","Perawatan Korban Keracunan Makan Bergizi Gratis di Cipongkor https://t.co/lryP6sf2hv","@tempodotco Ini tiap ada kasus mbg kenapa harus ada parjo?","","","","","","","","1.0"
"2022622333987623039","2021941648276816324","Seorang guru honorer bernama Reza Sudrajat menggugat Undang-undang APBN tahun 2026 ke Mahkamah Konstitusi (MK) gara-gara program Makan Bergizi Gratis (MBG) yang menurutnya berimbas dipangkasnya anggaran pendidikan.

Baca selengkapnya: https://t.co/FMYBX2HPse.

~SN #MBG #GuruHonorer #MK #AnggaranDipangkas","@kompascom Peh jan kebangeten lho pemerintah iki. Mosok kerjo sakwulan mung dibayar 350 ewu. Kui ngunu jek dipotong neh nggo iuran","","","","","","","","1.0"
"1880226850213097907","1880223557533282333","BPOM Belum Dilibatkan secara Formal dalam Program Makan Bergizi Gratis
https://t.co/FOz85rDphM","@tempodotco Lucu. Makanan yg disiapkan oleh ratusan vendor catering, dengan menu yg berubah setiap hari, dengan pemasok ribuan supplier, mau diBPOMin spt apa?","","","","","","","","1.0"
"1889906963896774731","1889564364476154223","Mul and Ndut, blood is on your hands","@ffikriawan TOLAK PEMANGKASAN DANA PENDIDIKAN ‼️ 
#daruratpendidikan #savekipkuliah #turunkanuktptn","","","","","","","","1.0"
"2010579014633877760","1914232065618559152","Dugaan Penggelembungan MBG

Program Makan Bergizi Gratis menggunakan sistem reimbursement. Rentan digelembungkan.

Simak selengkapnya Program Bocor Alus Politik di Channel Youtube Tempodotco dan Spotify

#BocorAlusPolitik #PodcastBAP #PodcastTempo https://t.co/EUkUi8QDRY","@tempodotco Kerja Nyata pemerintah atasi stunting dgn program MBG yg bertujuan meningkatkan kualitas gizi anak Indonesia 🇮🇩
#LanjutkanMBG","","","","","","","","1.0"
"1879462370751512610","1879445721478525034","Baiq Silawati, jurnalis perempuan di Lombok Timur, dipaksa HAPUS REKAMAN VIDEO saat meliput dapur program Makan Bergizi Gratis! 

APA ALASANNYA?

#LombokTimur #MakanBergiziGratis #AgamawanSalam https://t.co/piMQ1Ww7Vg","@detikbali__ Badan Gizi Nasional (BGN) mengizinkan masyarakat untuk mengambil foto maupun video menu makan bergizi gratis (MBG) yang disajikan kepada anak sekolah dan ibu hamil https://t.co/A7oSzLTpb7","","","","","","","","1.0"
"1890097236077604894","1889587856714125570","Ternyata Makan bergizi gratis gak ada gratis-gratisnya ya? biayanya pakai kehilangan pekerjaan ayah nya ya?

Kenapa sih hal kecil kaya gini aja harus bohong","@hrdbacot TOLAK PEMANGKASAN DANA PENDIDIKAN ‼️ 
#daruratpendidikan #savekipkuliah #turunkanuktptn","","","","","","","","1.0"
"1919881475144745043","1919741437429592138","Melonjak, BGN Butuh Rp 116,6 Triliun untuk Program Makan Bergizi Gratis Hingga Akhir Tahun
https://t.co/kH9V1SQbFU","@tempodotco makin bnyak lagi murid keracunan https://t.co/RcUcLIemfX","","","","","","","","1.0"
"1983811092217561334","1983440825863549077","Makan Bergizi Gratis (MBG) di Kecamatan Kamal, Bangkalan, Jatim terkontaminasi ulat sayur. Namun, pihak SPPG menilai jenis ulat tersebut bisa dikonsumsi dan tinggi protein.

Baca di sini: https://t.co/xRALTkUXET

~TA #MakanBergiziGratis #Bangkalan https://t.co/yeoPeypvNO","@kompascom @BisKota_ Ngga usah banyak bersilit lidah. Langsung saja pihak sppg mencicipi hidangan ulat sayur itu","","","","","","","","1.0"
"1990467692370014483","1990222341687910706","BERITA DUKA PAGI INI

Nasib teman teman SGz akan dibuat mirip seperti SKM (K3) atau S1 K3 dimana dengan modal sertifikasi 3 bulan ala BNSP maka ""siapapun"" bisa jadi ""Ahli Gizi"" atau ""Pengawas Gizi"" seperti statemen dibawah ini....

#MBG

Source IG: wira.adikaraa https://t.co/SupForwhMA","@dosenkesmas Stop ganti kaidah keilmuan dengan sertifikasi 1-3 bulan anying","","","","","","","","1.0"
"1922539767683600459","1922428201504026792","Diare hingga Tubuh Membiru, Gejala Korban Keracunan MBG di Bogor | #Keracunan #MakanBergiziGratis #Bogor #vjlab https://t.co/tiTaeffVjY","@kompascom Tenang… ada asuransinya 👍🏼

https://t.co/00PzkD34ex","","","","","","","","1.0"
"1879808401640931335","1879783141952651292","Guru Besar Ilmu Gizi Sebut Daun Kelor Tak Bisa Gantikan Susu dalam Menu Makan Bergizi Gratis
https://t.co/uR3QX2MPHl","@tempodotco Susu kotak yang sering dibagi-bagikan Gibran juga tak sehat karena kandungan gizinya buruk. Ini kata ahli gizi, https://t.co/tt2Q7J4hew","","","","","","","","1.0"
"1911246015778476104","1911196549360861222","Program MBG Wujudkan Generasi Sehat dan Cerdas

#MakanBergiziGratis https://t.co/nji95X2NzU","@KotaNusantara Satu langkah besar dari Prabowo buat rakyat, Program MBG nyata meningkatkan gizi dan cegah stunting","","","","","","","","1.0"
"1972137962138931530","1972104726255964224","Prabowo Subianto addresses public calls to end MBG distribution following the surge in cases of children poisoned across regions:

“Tujuan Makan Bergizi adalah untuk anak-anak kita yang sering sulit makan. Mungkin kita-kita ini makan lumayan. Mereka tuh makannya hanya nasi pakai garam. Ini yang harus kita atasi.” (via Kompas)","@IndoPopBase MBG = Makan Bergizi Gratis. Tapi dasar dr program ini aja udah salah, cuma karena ada anak yg gak bisa makan layak bukan real ngasih makan bergizi ke anak2. Ya mending lo kasih aja ke anak2 yg tiap hari gak bisa makan blok (daerah 3T misalnya) biar gak buang2 anggaran","","","","","","","","1.0"
"1909904727435002096","1909700923150287252","Setelah libur Lebaran, 1.050 SPPG siap mengoperasikan program Makan Bergizi Gratis untuk masyarakat! Segera nikmati manfaatnya! #MakanBergiziGratis https://t.co/nhj30iHJNZ","@hexagrap_id Presiden yakinkan, meski banjir, jalur distribusi MBG tetap aman","","","","","","","","1.0"
"1913217279317409997","1913208811369750728","Apa menu yang ideal untuk program makan bergizi gratis?

#TempoNanya","@tempodotco Udahlah Lebih Baik Kasih Ke Orang Tua biar Para ORTU yg Mengelola Makanan Bergizi gratis Jadi Tidak ada Peluang Korupsi @tempodotco","","","","","","","","1.0"
"1943816884140618129","1943613737996337300","Badan Gizi Minta Tambahan Rp 118 Triliun untuk Makan Bergizi Gratis 2026
https://t.co/qsyk153ols","@tempodotco Lo kira negara punya bapak moyang lo...!!!! MBG apaan sih yg kalian banggakan. Menunya aja ga jelas. Suka keracunan. Bgst","","","","","","","","1.0"
"2009302969498628291","2009100069522559063","List gawean yg bisa jadi cuma ada di Indonesia..

- jasa screenshot iphone
- joki strava
- joki skripsi
- jastip merch
- jastip tiket konser
- seller app premium
- kang parkir
- ojek payung
- kang cilok
- manusia silver
- pak ogah
- pawang ujan
- dukun beranak
- buzzer
- pegawai embege","@karirfess jasa kirim menfess","","","","","","","","1.0"
"1867167616374387152","1867110231421096084","Kritik Makan Bergizi Gratis Cuma Rp10 Ribu, Megawati: Dapete Opo Tho Yo?
https://t.co/vqbM6yKl7n","@tempodotco 10 tahun berkuasa @PDI_Perjuangan dapet apa negara ini ?","","","","","","","","1.0"
"2026988083963630061","2026802711891726744","⚠️ Kabar Keracunan Embege! ⚠️

Silakan sebar luaskan! Rabu, 25 Februari 2026. Sebanyak 23 anak-anak tak berdosa telah diracun oleh negara lewat proyek embege dengan perencanaan yang SUPER MENTAH.

Hingga saat ini, anak-anak yang terdaftar sebagai murid di SDN Karang Mekar, Cimahi itu sedang dirawat secara intensif di RS Cibabat. Gejala yang mereka alami adalah pusing, mual, nyeri perut, hingga muntah-muntah.

""Pihak SPPG udah ngasih keterangan sama nerima konsekuensinya Min?""

Tentu saja, seperti biasa, BELUM.

Lanjutkan terus proyek kotor super prioritasmu ini @prabowo, @Gerindra, tanpa ada evaluasi dan tindakan tegas sedikitpun, dan kami harap kalian beserta kroni kalian akan mendapatkan balasan 100x lipat dari derita anak-anak ini. 🫵🏻🙂","@menuembegejelek Yang penting CUAN dan korupsi MASUK REKENING","","","","","","","","1.0"
"1815646072414544154","1815614717593038908","Gibran ke Bogor Lihat Uji Coba Makan Bergizi Gratis, Makanan Diantar Lewat Gojek https://t.co/2uFsEotkUJ #TempoNasional","@tempodotco Nasi putih, ayam goreng, sayur, buah dan susu, diantar gojek.

Rp 7.500? 🤔🤔🤔 https://t.co/Qy9pQgMoP8","","","","","","","","1.0"
"1818942178170970173","1818890941253538185","Gibran Uji Coba Makan Bergizi Gratis di Surabaya, Anggaran Rp 15 Ribu..🍱

#TempoFoto https://t.co/ufl3iPsfyZ","@tempodotco Calon Wapres yg cuma 1 program makan gratis. Buatlah program yg banyak manfaat buat rakyat. Buka lapangan kerja untuk kurangi pengangguran. Kamu sih enak dapat warisan? Lha mereka anak2 muda di luarsana?","","","","","","","","1.0"
"1891022196295844171","1891006572928602218","Presiden Prabowo Subianto mengatakan, pemerintah terpaksa menggunakan dana hasil efisiensi anggaran sebesar Rp 24 triliun untuk mendukung program Makan Bergizi Gratis (MBG). | #Prabowo #MakanSiangGratis #EfisiensiAnggaran 

https://t.co/6db6dqQkWE","@kompascom Terpaksa, katanya.
Apa yang memaksa? Keadaan.
Siapa yg menciptakan keadaan memaksa? Dirinya sendiri.

24 T itu belom untuk semua anak se tanah air. Berapa tambahannya utk semua anak?

Jadi sebetulnya tidak gratis. Dan dengan gizi ala kadarnya.

NDASMU!","","","","","","","","1.0"
"1914995470918889675","1914987076363452886","Prabowo Belum Buka Kesempatan Negara Lain Pelajari Makan Bergizi Gratis
https://t.co/zlhnOO0TT0","@tempodotco Perlu dibawa ke psikiater deh kyknya presiden kita. Suka halu soalnya. Bilangnya banyak negara lain yang mau belajar soal MBG dgn Indonesia. Lah keracunan yang ada anak orang 🤣","","","","","","","","1.0"
"1974180372448698830","1974086585424752775","Sejumlah orang tua siswa SDN Kota Baru 3, Kota Bekasi, memilih tidak lagi mengizinkan anak mereka mengonsumsi makanan dari program MBG setelah diduga menjadi penyebab keracunan pada beberapa murid.

Baca selengkapnya 👇
https://t.co/naEmR0JRYt

~LL #MBG #Bekasi https://t.co/km5RADzTwm","@kompascom Ini ham yg harus dilindungi kan @KomnasHAM .","","","","","","","","1.0"
"1968862932860592483","1968670587078713482","Pada video berdurasi 1 menit 17 detik itu, salah satu wali murid atas nama M Zaini menyampaikan permintaan maaf sambil membaca teks di ponsel.  

Baca di sini: https://t.co/JheGwYt1uY

/ #MakanBergiziGratis https://t.co/fmqlaL6bg8","@kompascom Gini gini, gw bnran bingung. Kalau pun bkn krn MBG, apa perlu didampingi TNI @Puspen_TNI atau @DivHumas_Polri? Kok tugas kalian udh di luar batas ya? Ngurusin pertanian, farmasi, jabatan sipil, siber sipil, skrg MBG? Bsk jdi apa nih? Kuli bangunan, guru, presiden?","","","","","","","","1.0"
"2019928264400318932","2019440648877658550","Wkwkwwkwkw jabingan menu EMBEGE MODEL OPO IKI COOOOKK. Malah koyok bar jajan seko warung meduroo njirrr. SPPGne over confidence tenann bajilaaakk https://t.co/OA8zlBZtdB","@menuembegejelek menu mbg di sekolah adek we tekwan masa???","","","","","","","","1.0"
"1925878559966454067","1925836489532858660","Korban Keracunan MBG Lebih Besar dari Klaim Prabowo
https://t.co/IvOFEWz7o5","@tempodotco Itu hanya angka","","","","","","","","1.0"
"1919981788807758105","1919618563968586130","Presiden Prabowo Subianto mengklaim angka keracunan program makan bergizi gratis lebih kecil dibandingkan penerima manfaatnya. 

Angka kasus keracunan makanan bergizi sekitar 200 dari 3 juta penerima manfaat.

#Tempodotco #Prabowo #MBG https://t.co/xu9aGIeiZv","@tempodotco Masih ada yg keracunan kok dibilang berhasil. Kalo di itung pakai angka emang 99,99% berhasil tapi itu orang keracunan loh masih aj d bilang angka keberhasilannya tinggi","","","","","","","","1.0"
"1862724078072950845","1862466185633452055","Prabowo sebut anggaran makan bergizi gratis Rp 10.000 per anak dan ibu hamil, kira-kira apa menunya?

#TempoNanya","@tempodotco Nasi, ayam (masih bentuk telor), sapi (dalam bentuk penyedap), sayur (toge penelitian)","","","","","","","","1.0"
"1926307697332199654","1925943469618413785","malem malem nangisin trend ""so the winner takes it all"" SEDIH BGT ANJIRRR 💔💔💔💔 BILANGIN KE PEMERINTAH, HARUSNYA TUH YANG GRATIS TUH PENDIDIKAN, BUKAN MAKAN BERGIZI GRATIS :( https://t.co/WJGvHGGGTF","@haeshale Sampahnya itu, ada yang komen ""kita butuh pendidikan gratis, bukan makan gratis"" langsung diserang bajer-bajernya anjjj. Katanya ""lebih penting gizi, dan kalo ga ada gizi kalian ga bakal bisa mikir"" bangsattt, lu liat makanannya anjir, bergizi kagak beracun iya.","","","","","","","","1.0"
"2014332913949737182","2014214195659899161","Masa katanya anak yang putus sekolah juga akan dapat MBG???? wkwkwkwkwkwkwkkwkw bukannya bantu dilanjutin sekolahnya jir gmn sih ini gw yg gila apa mereka yang gila wkwkwkwkwkw","@kaptenAmercia korupsi berkedok kasi gizi🙏🏻","","","","","","","","1.0"
"1876486546226036875","1876482643648200838","Istana Akui Ada Daerah Pakai Uang Pribadi Prabowo untuk Makan Bergizi Gratis
https://t.co/L8TltRSHDd","@tempodotco Harus nya bisa jelaskan rencana program dan pelaksanaannya seperti apa?
Termasuk dana talangan seperti ini sudah bisa dijadwalkan, mungkin bisa keluarkan inpres atau banpres dulu atau apapun namanya
Tapi harus jelaskan dulu rencana kerjanya
Ini urusan negara, bukan pribadi","","","","","","","","1.0"
"2025762288016507017","2025423174159253552","Program MBG Prabowo ditolak ribuan siswa SD, SMP, dan SMA di Papua. Mereka menyuarakan tuntutan agar pemerintah lebih memprioritaskan pendidikan gratis dan layak dibanding sekadar penyediaan makan.

Para pelajar menilai pendidikan yang berkualitas masih menjadi kebutuhan utama. https://t.co/5MazQ3qlsA","@Sammi86Pilang kalian tuh yg di kota, yg udah ngerasain pendidikan gratis easy access, seegois itu sampe ga mikirin yg pelosok negeri. noh kemaren ada yg nawarin pendidikan gratis, malah lu pada pilih makan gratis. perut mulu duluin ampe buncit noh kek oknum aparat.","","","","","","","","1.0"
"1914276022876610955","1914232065618559152","Dugaan Penggelembungan MBG

Program Makan Bergizi Gratis menggunakan sistem reimbursement. Rentan digelembungkan.

Simak selengkapnya Program Bocor Alus Politik di Channel Youtube Tempodotco dan Spotify

#BocorAlusPolitik #PodcastBAP #PodcastTempo https://t.co/EUkUi8QDRY","@tempodotco Kita tidak boleh menunda, Lanjutkan MBG, namun perbaiki sistem supaya lebih efisien dan terhindar dari potensi penggelembungan anggaran yang bisa merusak kredibilitas program ini.","","","","","","","","1.0"
"2011033539845005711","2010970065609359372","Prabowo mengklaim proyek MBG sebagai salah satu keberhasilannya.

#Tempodotco https://t.co/i3flDy1oeb","Kalau yang dibanggakan cuma banyak-banyakan jumlah penerima, Anda jalanin program perbaikan gizi, atau perusahaan kurir? Sekelas pemerintahan negara besar koq masih ngitung output bukan outcome? Gimana rasio cost vs manfaat? Peningkatan kualitas gizi? Rata-rata kualitas makanan terkirim? Berapa banyak dikonsumsi vs dibuang? Banyak metrics yang gak sekedar lucu-lucuan yang bisa dipakai.","","","","","","","","1.0"
"1876179192460751282","1876127805462696292","Budi Arie Tinjau Dapur Makan Bergizi Gratis: Ada Ayam Teriyaki, Baunya Enak
https://t.co/N1MkDDljn9","@tempodotco Kenapa uji cobanya tidak di daerah pelosok yg jauh dari pantauan pusat Pak @prabowo  sy yakin yg di daerah lebih membutuhkan","","","","","","","","1.0"
"1970873839812002178","1970775217908633972","Perawatan Korban Keracunan Makan Bergizi Gratis di Cipongkor https://t.co/lryP6sf2hv","@tempodotco Gue aja pernah makan steak Rp 6 juta keracunan, so?","","","","","","","","1.0"
"1893919242669416868","1893854881204547713","Aksi tolak #MBG berlanjut di Papua. Hari ini (24/2), ribuan gabungan semua pelajar SD, SMP, dan SMU di Paniai, Papua, turun jalan tolak MBG yang dijalankan TNI/Polri.  Mereka menuntut pendidikan gratis.

#IndonesiaGelap
#tolakMBG
#papuaviral https://t.co/Dxl8W9qDL4","@vyeimo83 Kalau MBG bisa lancar, anak Papua nggak perlu pusing mikir biaya sekolah lagi","","","","","","","","1.0"
"2018231402463125789","2018180074642477114","Menteri Koordinator Pangan Zulkifli Hasan menyatakan program makan bergizi gratis (MBG) tetap berlangsung selama Ramadan dengan penyesuaian kudapan.

Ia mengatakan penyaluran MBG pada Ramadan akan disesuaikan berdasarkan jenis penerima manfaat. https://t.co/KRTJFhjniV","@tempodotco Menurut keyakinan saya  ... sepertinya menu dan distribusi MBG akan awur2an di bulan ramadhan. Kita nantikan.","","","","","","","","1.0"
"1997278269251698994","1997155109772648720","Anggaran MBG diproyeksikan 1,2 Triliun per hari. Pak @prabowo gimana klo stop aja dulu MBG selama 2 bulan, dananya dialihkan untuk pemulihan bencana Sumatera secara total. 

Pikirian sederhanya kan gtu :) https://t.co/pFC8S0WTMp","@BosPurwa @prabowo bukan gabisa lebih ke gamau kyknya.","","","","","","","","1.0"
"1974190172498735569","1974086585424752775","Sejumlah orang tua siswa SDN Kota Baru 3, Kota Bekasi, memilih tidak lagi mengizinkan anak mereka mengonsumsi makanan dari program MBG setelah diduga menjadi penyebab keracunan pada beberapa murid.

Baca selengkapnya 👇
https://t.co/naEmR0JRYt

~LL #MBG #Bekasi https://t.co/km5RADzTwm","@kompascom Pilihan bijak

Dapat jatah MBG
Jgn d makan..
Bawa pulang MBG nya
Bekal dari rumah di makan.

Biaaasaaaa.....
*Bocor Aluus di MBG*","","","","","","","","1.0"
"1879741191895597498","1879445721478525034","Baiq Silawati, jurnalis perempuan di Lombok Timur, dipaksa HAPUS REKAMAN VIDEO saat meliput dapur program Makan Bergizi Gratis! 

APA ALASANNYA?

#LombokTimur #MakanBergiziGratis #AgamawanSalam https://t.co/piMQ1Ww7Vg","@detikbali__ Lihat film jepang tentang koki yg dipecat dari restoran kemudian jadi koki sekolah, disana kelihatanya ketat sekali masalah standar gizi dan porsinya, klo disini dilihat lihat kok asal makan saja ya, ga ada standar porsi, apalagi gizi.","","","","","","","","1.0"
"1913023673050751027","1912438000711266498","Mitra dapur yang berada di Kalibata, Jakarta Selatan melaporkan Yayasan Media Berkat Nusantara ke kepolisian. Laporan itu terkait adanya dugaan penggelapan dana program Makan Bergizi Gratis sebesar Rp957.300.000.

#MBG #JakartaSelatan #MakanBergiziGratis #Kalibata #Asumsico https://t.co/6iCIJCpvrv","@asumsico Gimana tanggapan pak @prabowo  ?? Kita liat nanti","","","","","","","","1.0"
"1876541094990889072","1876498298858778996","Udah dipost di Tiktok ternyata. Seperti biasa isi komennya:

“Ini makan bergizi gratis, bukan makan sesuai selera.” ☺️ https://t.co/bcMf67P4eg","@karimasoyou dan endingnya dipaksa untuk nerimo hal beginian.

padahal dengan dana segitu bisa aja untuk distribusi fasilitas sekolah2 terpencil biar bisa keepup dengan sekolah top.

tp milihnya makan gratis yang katanya sehat.

well well…","","","","","","","","1.0"
"1960537771573174695","1960516627977658771","""Tadi malam saya mendapat laporan (MBG) sudah melewati 21 juta (orang  penerima),"" kata Presiden Prabowo  Subianto. 

 Klik untuk baca: https://t.co/C2QvieHeRh

| #MakanBergiziGratis #Prabowo https://t.co/19P2OBwJYC","@kompascom Yang dikejar kuantitas biar bagus di atas kertas. Padahal, banyak kasus keracunan, nampan makanan terindikasi bahan berbahaya, guru ga dapat insentif tambahan tapi kena pinalti klo nampan ilang, target nutrisi sangat rendah karena keterbatasan biaya. Embuh","","","","","","","","1.0"
"2016048422659539159","2015705523405164760","Sebuah video yang memperlihatkan temuan es kue jadul yang diduga berbahan spons di kawasan Kemayoran, Jakarta Pusat, viral di media sosial. Menyikapi hal tersebut, pihak kepolisian langsung turun tangan melakukan penyelidikan.

Dalam video yang beredar, terlihat seorang pria menunjukkan es kue jadul yang dipegangnya dan menyebut makanan tersebut terbuat dari bahan mirip spons. Ia bahkan mencoba membakarnya, hingga terlihat bagian dari es tersebut meleleh. Pria itu pun mengimbau para orang tua untuk lebih waspada terhadap jajanan anak.

Kapolsek Kemayoran, Kompol Agung Ardiansyah, membenarkan adanya laporan tersebut. Ia menyebut kasus ini masih dalam proses penyelidikan oleh Unit Reskrim.","@RadioElshinta Ga punya malu, baju aparat tapi mengintimidasi pedagang kecil. Investigasi noh dapur MBG yg bikin keracunan masal. Semoga mamangnya dilimpahkan rezeki yg melimpah, banyak yg beli dagangannya.","","","","","","","","1.0"
"1991012621500535006","1990441460798472686","Wakil Kepala Badan Gizi Nasional Nanik Sudaryati Deyang menuturkan, masyarakat diminta untuk menanami sayuran dan buah di lahan-lahan kosong, serta memelihara ayam petelur dan pedaging.

👉🏻Baca selengkapnya https://t.co/g4R6r0sYvf

~AM #MBG #Bertani #BadanGiziNasional https://t.co/KcJtkjVYLq","@kompascom Pemerintah meninjau ulang rantai logistik untuk memastikan keamanan setiap bahan Kerja Nyata #LanjutkanMBG","","","","","","","","1.0"
"1900410683537424491","1900326655366963315","Gubernur Jakarta Gandeng Badan Gizi Nasional Dorong Transformasi Kantin Sekolah sebagai Pelengkap MBG
#MakanBergiziGratis https://t.co/Tt6kbDFiMI","@KotaNusantara Seiring di sekolah, kantin sehat jadi langkah awal pencapaian sehat","","","","","","","","1.0"
"1893669159608672412","1893601702273806465","MBG:                                  Equil(e-katalog):
Rp10.000                          Rp34.650 https://t.co/L6khBkGHUA","@ARSIPAJA Kalo MBG tuh menu sama ratakah semua anak? Masalahnya, tiap anak punya kebutuhan gizi yang beda-beda, belom lagi perihal alergi dan lain-lain. Dungu sih kalo masih jalan tuh program","","","","","","","","1.0"
"1924809860971167779","1924264010029154441","makan bergizi gratis? anak teman ga mau makan dari mbg karena biasa makannhangat dan diantar ibunya dari rumah. eh ibunya dipanggil sekolah kenapa anaknya ga mau makan mbg itu. saya kira mudarat proyek politik ini.","@saiful_mujani sebaiknya memang MBG hanya untuk sekolah di daerah 3T saja yg bener2 kesulitan buat makan. Jangan dipaksakan satu indonesia","","","","","","","","1.0"
"1805113731334263041","1805110814602625151","Sri Mulyani Sebut Pemerintah Sepakati Anggaran Makan Bergizi Gratis Rp 71 Triliun

#TempoBisnis
https://t.co/2XXPcn9G2j","@tempodotco Angka yg sangat menggiurkan","","","","","","","","1.0"
"1876185076540854740","1876172762559242292","Anak-anak itu kalau ngomong jujur ga kayak buzzer dan jubir PCO2an..

Krisna kamu kalau besar pasti jadi anak hebat dan pemberani..🔥🔥🔥

""Rasanya Aneh, kulitnya itu sangat keras bikin ga nafsu makan"" https://t.co/UnaDixamiP","@PaltiWest2024 Kalau lihat ruang kelasnya , bukan mereka sasaran makanan tambahan ini. Kalau reporter bisa, coba tanya anak di sekolah di pelosok atau daerah kumuh..","","","","","","","","1.0"
"1914305244793913682","1914174756959773161","Kisruh Proyek Makan Bergizi Gratis, ICW: Lebih Baik MBG Dihentikan
https://t.co/PnJ71ZxoQA","@tempodotco Ekonomi lesu? Tenang, makan gratis.
Pendidikan amburadul? Gak apa-apa, yang penting kenyang.
Korupsi merajalela? Santai, ada lauk rendang dua minggu sekali","","","","","","","","1.0"
"1963119063665656069","1963079448007475294","Kepala Dinas Kesehatan Kabupaten Lebong, Provinsi Bengkulu, menyatakan bahwa hasil uji laboratorium menunjukkan bakso terpapar bakteri menyebabkan 456 siswa di daerah itu keracunan menu MBG beberapa waktu lalu.

Baca selengkapnya 👇
https://t.co/aRd8cJrjY8

~LL #Keracunan #MBG https://t.co/BqMx3wUVnG","@kompascom Pemerintah ini mau mengentaskan kemiskinan dengan cara meracuni penerima MBG kah","","","","","","","","1.0"
"1880117524043583942","1879783141952651292","Guru Besar Ilmu Gizi Sebut Daun Kelor Tak Bisa Gantikan Susu dalam Menu Makan Bergizi Gratis
https://t.co/uR3QX2MPHl","@tempodotco Nunggu ada yg komen, ""ini ibunya pasti anak abah""","","","","","","","","1.0"
"1971159721039302770","1971073094778511523","Nutritionist DR. dr. Tan Shot Yen, M.Hum blasts Badan Gizi Nasional over the poor quality of MBG during DPR meeting. https://t.co/5it2C81elJ","@IndoPopBase @madelinekatrol @kaleyzoo @cerneedhero kirim video ini ke wowok pls, biar ga ayang2an mulu sm bunted","","","","","","","","1.0"
"2021921924071457230","2021887009606783070","Purbaya: Jangan Terus Persoalkan Makan Bergizi Gratis https://t.co/K8FzkM8oSd","@tempodotco Masalahnya anggaran nya itu super gede banget tiap  tahun pak...","","","","","","","","1.0"
"2019452691743723557","2019406266465153282","MBG program yg keren di kepala Prabowo sendiri","@strootsys pdhal banyak yg keracunan","","","","","","","","1.0"
"1917860649759289438","1917784225249636367","Ratusan Siswa SMP Bandung Keracunan Usai Santap Makan Bergizi Gratis
https://t.co/xRPwU7sGS8","@CNNIndonesia Kejadian keracunan MBG terulang kembali ☠️ 
Mohon dievaluasi program ini.. atau jika repot, diganti saja modelnya.","","","","","","","","1.0"
"1849076546797199763","1849013441761267777","Wapres Gibran Uji Coba Makan Bergizi Gratis di SMPN 270 Jakarta https://t.co/H51DEBR81M #TempoFoto","@tempodotco Yang diuji coba, nasi kotak plus snack. Realisasi, nasi bungkus dengan lauk minimalis ala kadarnya.","","","","","","","","1.0"
"1926420214851203183","1925836489532858660","Korban Keracunan MBG Lebih Besar dari Klaim Prabowo
https://t.co/IvOFEWz7o5","@tempodotco Anggaran 10 Rb sampai Hilir tinggal 7 rb sd 8 rb, @negeridaruratkorupsi hanya sebagai ajang korupsi anak buah @prabowo  , berantas korupsi &amp; tegakkan hukum  dulu @prabowo  baru omon-omon lainya, Hukum sudah roboh, Coruptor n crime dunia diduga ijazahnya Aspal malah diselamatkan","","","","","","","","1.0"
"2014292307974262950","2014214195659899161","Masa katanya anak yang putus sekolah juga akan dapat MBG???? wkwkwkwkwkwkwkkwkw bukannya bantu dilanjutin sekolahnya jir gmn sih ini gw yg gila apa mereka yang gila wkwkwkwkwkw","@kaptenAmercia nanti juga ada kebijakan orang yang  udah meninggal dapet MBG, akalin terus sampe penyerapan anggaran 100%.","","","","","","","","1.0"
"2024395241391083909","2024359625244774442","Teruntuk semua pengikut @menuembegejelek yang sudah dan/atau yang kelak akan aktif melapor perihal menu-menu jelek proyek embege, berikut kami umumkan:

Mari sepakati bahwa minuman rasa susu dalam gambar adalah minuman yang 100% DILARANG untuk dipergunakan dalam pendistribusian embege. Minuman ini 100% ultra proses, mengandung bahan-bahan tambahan, tak layak dikonsumsi anak-anak, dan jelas SANGAT TIDAK BOLEH masuk ke dalam daftar menu Makan Bergiji Gratis.

Siapapun yang menemukan unggahan medsos SPPG dengan gambar minuman ini agar segera melapor pada kami, pasti akan kami maki-maki dan viralkan kubangan lumpur itu! 🫵🏻🙂","@menuembegejelek Minuman rasa susu 😭😭😭😭","","","","","","","","1.0"
"2008609566284804551","2008397368291655752","Prabowo Subianto addresses claims the MBG program is being used to gather public support for the 2029 presidential race:

“Tapi kalau rakyat milih saya tahun 2029, apa salah saya?” https://t.co/e17Gi92iG3","@iPopBase Makanya jadi Rakyat harus cerdas memilih Pemimpin jangan mau ditipu dengan Bansos, sembako, nasi kotak sama uang....dengan salah milih berhujung kepada nasib kita kedepan","","","","","","","","1.0"
"2023622196955095132","2022994964255486420","""Embege harus dikatakan berhasil meskipun saya menerima 28.000 laporan kasus keracunan.""

— Si Gendut, di atas podium.

Berkat pernyataan sikap di atas, suatu hari di 'kubangan lumpur' yang orang awam biasa sebut sebagai SPPG:

👧🏻: ""Eh mas, ayam dari suplier Z kok agak bau bacin ya? Ga sedep. Tumben.""
🧒🏻: ""Oiya? Alah, gapapa. Dimasak aja.""
👧🏻: ""Hah? Ya jangan dong, resiko nanti.""
🧒🏻: ""Lha udah jam segini, mau nyari pengganti di mana lagi?? Masa kita ga jadi ngasih ayam. Malu lah, udah di-broadcast ke penerima manfaat juga.""
👧🏻: ""Ya iya sih. Udah ga ada alternatif:(""
🧒🏻: ""Nah, makanya itu.""
👧🏻: ""Kalo yang makan pada keracunan gimana?:(""
🧒🏻: ""Gapapa. Denger noh kata presiden. Aman kita. Ga bakalan diapa-apain.""
👧🏻: ""Ok:(""","@menuembegejelek Bajingan ini pegawai sppg kalo bener ngomong begini","","","","","","","","1.0"
"2021946679810044239","2021887009606783070","Purbaya: Jangan Terus Persoalkan Makan Bergizi Gratis https://t.co/K8FzkM8oSd","@tempodotco Ya jelas jadi persoalan kok. Makan Begizi Gratis tapi tidak dimakan siswa karena udah bau amis, gak selera, jadi gak masuk gizinya. Belum lagi kasus keracunan. Kasus ketimpangan kesejahteraan guru dan SPPG. Transparansi keuangan SPPG, masa ada yang bagus ada yang seadanya","","","","","","","","1.0"
"2008812829470761041","2008397368291655752","Prabowo Subianto addresses claims the MBG program is being used to gather public support for the 2029 presidential race:

“Tapi kalau rakyat milih saya tahun 2029, apa salah saya?” https://t.co/e17Gi92iG3","@iPopBase MBG bertujuan untuk meningkatkan kualitas gizi masyarakat, khususnya anak dan kelompok rentan, guna mendukung kesehatan, tumbuh kembang, serta produktivitas sumber daya manusia secara berkelanjutan. Pemerintah sukses dalam membuat rakyat sejahtera","","","","","","","","1.0"
"1905586022790107413","1905542613962555636","Mantap Pak @prabowo TRISAKTI NO SCOPE 🗣️🔥🔥 #MBG https://t.co/gV8GBTCazW","@Kodokodar @prabowo Voters muda omke gas gaakan ngerti meme ini 💀","","","","","","","","1.0"
"1984152549596049432","1984120887533293716","Prabowo Subianto addresses Polri involvement in MBG:

“Kalau kau berangkat ke Barat, mungkin mereka juga merasa aneh, 'kok polisi urusin jagung?' Oh, masa polisi kok buka dapur?' Ya ini Indonesia, bung.”

(https://t.co/eROrX0XBGb) https://t.co/XVzmfCVKIH","@IndoPopBase to dolist fufummfamfa :
senin : ngundi dorprize lomba mancing.
selasa : bagi - bagi kaos.
rabu : makan pempek tumpah.
kamis : nanem jagung.
jumat : pengajian gus miftah.
sabtu : sidak MBG
minggu : libur https://t.co/T6ywvZYldi","","","","","","","","1.0"
"1893331391213117535","1893329929158434934","Alhamdulillah, hari ini saya berkesempatan kembali bersilaturahmi dengan rekan-rekan Pimpinan Redaksi (Pimred) serta tokoh-tokoh senior media di Padepokan Garuda Yaksa, Hambalang, Bogor, Jawa Barat.

Setelah hampir 20 bulan sejak pertemuan terakhir pada 18 Juni 2023, akhirnya hari ini kami kembali bertemu dalam suasana penuh kehangatan dan kebersamaan selama enam jam.

Kami berdiskusi dan bertukar pandangan mengenai berbagai isu serta kebijakan strategis, di mana media memegang peran penting sebagai ujung tombak penyampaian informasi yang utuh dan terpercaya kepada masyarakat.

Semoga pertemuan ini semakin memperkuat sinergi dan kontribusi media dalam membangun bangsa.","Ahh inilah sebabnya.. prioritas anggaran besar negara untuk media itu benar adanya, dan banyak suara makin terbungkam. 

As Elon said: ""you are the media now!""","","","","","","","","1.0"
"1881979115219419594","1881977601486422477","Curhat Ibu Kantin: Mulai Dagang Nasi sejak 1983, Berhenti karena Makan Bergizi Gratis
https://t.co/mLt8ZnLc57","@tempodotco Demi ""janji kampanye"" mengorbankan pelaku UMKM

Kok setiap hari mereka bisa ya tidur tenang tiap malam?

Dan ga takut apa sesudah kehidupan fana ini berakhir apa yg akan terjadi pada mereka di alam kubur dan seterusnya?","","","","","","","","1.0"
"1891063597821792408","1891006572928602218","Presiden Prabowo Subianto mengatakan, pemerintah terpaksa menggunakan dana hasil efisiensi anggaran sebesar Rp 24 triliun untuk mendukung program Makan Bergizi Gratis (MBG). | #Prabowo #MakanSiangGratis #EfisiensiAnggaran 

https://t.co/6db6dqQkWE","@kompascom Terpaksa","","","","","","","","1.0"
"1919899713643676024","1919682613088027096","Presiden RI Prabowo Subianto mengatakan, program Makan Bergizi Gratis atau MBG tidak berjalan lancar karena berkaitan dengan adat dan tradisi makan langsung menggunakan tangan.

~MD #Keracunan #MBG #Prabowo https://t.co/Uc9SSJDnh3","@kompascom Mungkin perlu dievaluasi buat dapur"" Kecil"" saja sambil berdayakan UMKM/kantin disekitar sekolah"" yg ada, lebih mudah pendistribusian makanan, mudah pengawasan, mudah pertanggung jawaban.. Tapi ada yg lebih penting.. Minimalisir premanisme, LSM, wartawan ilegal","","","","","","","","1.0"
"2019624582110671252","2019440648877658550","Wkwkwwkwkw jabingan menu EMBEGE MODEL OPO IKI COOOOKK. Malah koyok bar jajan seko warung meduroo njirrr. SPPGne over confidence tenann bajilaaakk https://t.co/OA8zlBZtdB","Mumpung ramai, adakah di sini yang ahli gizi / nutritionist? Sini saya follow. Terserah apakah kalian kerja di SPPG atau engga, yang penting kalian aktif menyuarakan dampak-dampak MBG","","","","","","","","1.0"
"1920346131424219276","1920311274795147520","Yayasan Bill &amp; Melinda Gates (Gates Foundation) menyatakan tidak terlibat dalam Program Makan Bergizi Gratis (MBG) di Indonesia.

~SA #BillGates #MBG #GatesFoundation
https://t.co/iDSrxbTveF","@kompascom Prabowo, hati² diracuni program² sesat Bill Gates/vaksin TBC berdalih ""bantuan"", malah rentan penyakitan/ketergantungan obat imbas dikeruk dana kesehatan, agar tolak jangan korbankan aset² anak bangsa, uang &amp; sumberdaya alam.
Salahsatu cara kapital-feodalis cari untung sendiri.","","","","","","","","1.0"
"1880221536608817423","1880155596277923881","Anggota DPR Usul Dana Makan Bergizi Gratis Diambil dari Cukai Rokok
https://t.co/NJgOoA2WvZ","@tempodotco Udahlah, kalau memang program ini sulit terealisasi ya batalkan saja, minta maaf, lalu semua anggaran yang telah disiapkan dialihkan ke pendidikan dan kesehatan. Akan banyak hujatan memang, tapi akan lebih banyak yang memuji. Lagipula masyarakat kita ini mudah lupa kok.","","","","","","","","1.0"
"1889614776017236007","1889587856714125570","Ternyata Makan bergizi gratis gak ada gratis-gratisnya ya? biayanya pakai kehilangan pekerjaan ayah nya ya?

Kenapa sih hal kecil kaya gini aja harus bohong","@hrdbacot padahal orang kalo paham konsep uang, pasti mengerti kalo tidak ada yang gratis di dunia ini. pasti ada harga yg harus dibayar

apalagi utk program yang berjalan tiap hari dalam periode lama dan jangkauan yang luas, tidak mungkin tdk ada syarat dan ketentuan berlaku","","","","","","","","1.0"
"1964680296563175631","1963603951690932341","Alih-alih menurunkan stunting dan meningkatkan gizi anak, program MBG justru mencatat lebih dari 4.000 kasus keracunan makanan hanya dalam 8 bulan pertama pelaksanaan.

Baca di sini: https://t.co/0rRlLx1DLS

~TA #MakanBergiziGratis #Keracunan https://t.co/WQGp6H5wk7","@kompascom @prabowo sebaiknya bapak hentikan saja MBG, karena tidak efektif dan efisien. pihak guru, pengawas dan dapur bersekongkol untuk menyembunyikan kesalahan seperti basi dll, pedagang UMKM banyak mengeluh karena bahan2 produksi naik terutama ayam.","","","","","","","","1.0"
"1912680091899109521","1912349181479645350","Salah satu dapur Makan Bergizi Gratis (MBG) di Kalibata terpaksa berhenti beroperasi sejak akhir Maret 2025.

/ #MakanBergiziGratis 
https://t.co/NX9Ab5MfIA","@kompascom @jagaNKRI__ Bener2 Makan gratis.. Alias yayasan SPPG engga bayar, lari dr tanggung jawab terhadap mitra nya","","","","","","","","1.0"
"1848802055370248568","1848726518916387212","Budiman Sudjatmiko Targetkan Masyarakat Miskin jadi Pemasok Makan Bergizi Gratis https://t.co/x7WMwMP47Q #TempoVideo","@tempodotco Saya rasa 5 th ke depan kita akan seting menikmati muncul menteri2 irrasional di X","","","","","","","","1.0"
"1805398658193543255","1805116723743580405","Menteri Keuangan Sri Mulyani Indrawati mengumumkan pemerintah saat ini dan presiden terpilih menyepakati anggaran makan bergizi gratis sebesar Rp 71 triliun pada 2025.

#TempoHeadliner https://t.co/9FefbrHgIo","@tempodotco benerin harga pokok dulu aja deh bu, kan lumayan banget kalau harga telur murah, nutrisi keluarga terpenuhi, bisa makan telur tanpa merasa bersalah atau boros, nggak ada lagi keluarga yang makan satu telur dipotong potong jadi banyak. kalau nggak bisa murah minimal stabil.","","","","","","","","1.0"
"1882388243972493800","1882269527884562467","100 Hari Kerja Gibran: Blusukan, Bagi Bansos, Cek Makan Bergizi Gratis, hingga Bikin Lapor Mas Wapres
https://t.co/tjrX6cpubG","@tempodotco Urusan negara banyak yang lebih urgent yang dia urus citranya sendiri mulu sama gegaresan
Coba lu urus konflik di perbatasan papua, urus hgb laut &amp; beberapa temuan pagar lain di laut, urus citra kepolisian yang makin anjlok gimana biar bisa balik dll","","","","","","","","1.0"
"1893953590441521437","1893915755403460863","Solidaritas pelajar Paniai.
Papua.
Tolak.#MBG,kami minta pendidikan
Gratis. https://t.co/5nHldObPST","@albert_morafia seandainya pelajar  Indonesia yang lain juga mengikuti seperti ini, saya rasa akan bisa menjadi nilai tawar. Pendidikan dan Kesehatan Gratis lebih baik dan diperlukan Rakyat, daripada makan gratis.","","","","","","","","1.0"
"1815658207689511194","1815614717593038908","Gibran ke Bogor Lihat Uji Coba Makan Bergizi Gratis, Makanan Diantar Lewat Gojek https://t.co/2uFsEotkUJ #TempoNasional","@tempodotco Ongkirnya brp? Brg harga Rp 7.5ribu, brp biaya kirimnya? Wkwkwk","","","","","","","","1.0"
"1960463569134477342","1960335217694015638","work! guys skrg lagi banyak loker accounting buat program MBG, aku juga dapet tawaran. please kasih aku insight soal ini karna nyari tau sendiri info upahnya sampe dirapel 3 bulan😭","@worksfess aku ditawarin tapi aku ga ambil karena ditrmpatinnya pelosok dan gajinya dirapel","","","","","","","","1.0"
"1862712722829533455","1862466185633452055","Prabowo sebut anggaran makan bergizi gratis Rp 10.000 per anak dan ibu hamil, kira-kira apa menunya?

#TempoNanya","@tempodotco Paket Hemat di rumah makan Padang Rp . 12.000,- daging ayam ukurannya 1/2 dari yang dijual reguler+Nasi+lalapan daun singkong dan kuah campur.","","","","","","","","1.0"
"1879554341893439872","1879418237198250217","Sepekan Makan Bergizi Gratis, DPR Terima Keluhan Murid-murid Bosan Menunya dan Rasa Tak Enak
https://t.co/fbQoel9jUN","@tempodotco Gmana kalau makan siang gratis  d jatah seminggu 3 x bgt, jd gak tiap hari, mengingat anggaran katanya cukup sesak","","","","","","","","1.0"
"1863543603689340945","1863468780275601720","Anggaran Makan Bergizi Gratis Menciut Jadi Rp 10.000, Ini Versi Warteg Menu Nasi Rp 10.000

📸Tempo/Subekti

#TempoFoto https://t.co/4fQsCMAiVB","@tempodotco 10rb belum termasuk biaya packing dan kirim. Bersih sekitar 8rb.","","","","","","","","1.0"
"1967963670224543856","1967503899688087724","Ini di Brebes guys. Negara itu salah satu tujuannya melindungi segenap bangsa Indonesia. Ini ortu murid disuruh menanggung resiko dari makanan MBG. Pak @prabowo @setkabgoid @KemensetnegRI please.... https://t.co/oeEWaoPBtn","@ubegebe1 @prabowo @setkabgoid @KemensetnegRI Emang program sampah cuman buang2 anggaran. Perlu ada class action nih gak  bisa didiamkan saja","","","","","","","","1.0"
"1818909957552824477","1818890941253538185","Gibran Uji Coba Makan Bergizi Gratis di Surabaya, Anggaran Rp 15 Ribu..🍱

#TempoFoto https://t.co/ufl3iPsfyZ","@tempodotco Yaa at the end of the day, pokonya kelakon kan konsepnya","","","","","","","","1.0"
"1879170336887087170","1879114539721183666","Ketua Dewan Perwakilan Daerah (DPD) RI Sultan Bachtiar Najamudin mengusulkan agar rakyat memberi sumbangan uang untuk program Makan Bergizi Gratis (MBG).
.
Menurutnya, cara itu dapat membantu menyukseskan program pemerintahan Presiden RI Prabowo Subianto dan Wakil Presiden Gibran Rakabuming Raka.
.
Mengingat, kata Sultan, anggaran negara untuk mendanai program tersebut sangat terbatas.
.
Oktaviani/PRMN
.
#MBG #MakanBergiziGratis #Prabowo #Gibran","@pikiran_rakyat Bacot nya enteng, rakyat cari makan aja sudah sangat sulit.. Loe enak tolol digaji besar, fasilitas lengkap","","","","","","","","1.0"
"1798372562575253789","1798363964755349864","Sri Mulyani Yakin Program Makan Bergizi Gratis Prabowo Dongkrak Pertumbuhan Ekonomi, Ini Alasannya https://t.co/ya8K7e912I #TempoBisnis","@tempodotco Sudah ketebak siapa menkeu periode selanjutnya","","","","","","","","1.0"
"1891174397248991239","1891067025088266358","Program Makan Bergizi Gratis (MBG) di Kabupaten Sumenep, Jawa Timur dihentikan.

Link berita: https://t.co/77ybYs6KJw

/ #MakanBergiziGratis #MBG #Siswa #Sekolah #Sumenep https://t.co/ke9vX0q0OP","@kompascom Terlalu di paksakan tdk baik, biar lah anggaran nya di buat yg lain. Janji2 sdh basi, skrg kan sdh jd presiden, buat apa lg janji, janji hanya buat pencalonan","","","","","","","","1.0"
"1920126216386089072","1920024711091913002","Bagi Prabowo, anak2 yg meregang nyawa keracunan MBG ini hanyalah collateral damage, angka statistik

Tanpa empati, Prabowo membanggakan program MBG dgn mengatakan anak2 yg keracunan ini hanya 0,005%...

Bagi orang tua anak2 tsb, kejadian ini adalah percobaan pembunuhan anak2 mrk https://t.co/49aZ1jJYBm","@MurtadhaOne1 Empati dah hilang
Ga beda jauh sama mulyono
Jangan berharap banyak","","","","","","","","1.0"
"2025802590022422896","2025423174159253552","Program MBG Prabowo ditolak ribuan siswa SD, SMP, dan SMA di Papua. Mereka menyuarakan tuntutan agar pemerintah lebih memprioritaskan pendidikan gratis dan layak dibanding sekadar penyediaan makan.

Para pelajar menilai pendidikan yang berkualitas masih menjadi kebutuhan utama. https://t.co/5MazQ3qlsA","@Sammi86Pilang Betul bgt.. Mbg cmn ldg korupsi bkin hega pokok mlmbung tinggi","","","","","","","","1.0"
"2018257469685043259","2018180074642477114","Menteri Koordinator Pangan Zulkifli Hasan menyatakan program makan bergizi gratis (MBG) tetap berlangsung selama Ramadan dengan penyesuaian kudapan.

Ia mengatakan penyaluran MBG pada Ramadan akan disesuaikan berdasarkan jenis penerima manfaat. https://t.co/KRTJFhjniV","@tempodotco Kenapa dipaksakan MBG disaat ramadhan ini
Seharusnya tutup sementara aja
Ada apa dg MBG ini mungkin kiamat jg hrs tetap kirim makanannya ya","","","","","","","","1.0"
"1876396818764083242","1876257509205577986","Yang ini lebih kasihan lagi.. Malah trauma jadinya..

Makan Bergizi Gratis kok malah jatuhin mental anak-anak!!! https://t.co/9WxV7B9Hps","@PaltiWest2024 Siapa coba yg mikir pas pemilu kmrn ini ide bgs, sampe pada nyoblos calonnya? Dah jelas program gampang d korupsi. Duit segitu jadi eek ujungnya. Mending dibikin program yang jelas, modalin petani, atau apa keq yang bisa bikin ortu anak2 dpt kerjaan.","","","","","","","","1.0"
"1926565337031389359","1925943469618413785","malem malem nangisin trend ""so the winner takes it all"" SEDIH BGT ANJIRRR 💔💔💔💔 BILANGIN KE PEMERINTAH, HARUSNYA TUH YANG GRATIS TUH PENDIDIKAN, BUKAN MAKAN BERGIZI GRATIS :( https://t.co/WJGvHGGGTF","@haeshale aaaaa sadly pemerintahan kita kekk... makin lama pendidikan nih makin susah di reachout. looking at negara lain sekolah gampang di reach out itu such a blessing. semanfat wni 😔","","","","","","","","1.0"
"2015816165256515721","2015593200413790212","Yang klinis dibantah, yang klenik disembah. Yang pakar diragukan, yang sensasional dipertontonkan. Orang pintar dibilang bodoh, orang bodoh merasa pintar. Ternyata, sebaik-baiknya makan bergizi gratis, negeri ini lebih membutuhkan pendidikan gratis","@FiersaBesari Bubarin aja dah negaranya","","","","","","","","1.0"
"2024621723954663462","2024359625244774442","Teruntuk semua pengikut @menuembegejelek yang sudah dan/atau yang kelak akan aktif melapor perihal menu-menu jelek proyek embege, berikut kami umumkan:

Mari sepakati bahwa minuman rasa susu dalam gambar adalah minuman yang 100% DILARANG untuk dipergunakan dalam pendistribusian embege. Minuman ini 100% ultra proses, mengandung bahan-bahan tambahan, tak layak dikonsumsi anak-anak, dan jelas SANGAT TIDAK BOLEH masuk ke dalam daftar menu Makan Bergiji Gratis.

Siapapun yang menemukan unggahan medsos SPPG dengan gambar minuman ini agar segera melapor pada kami, pasti akan kami maki-maki dan viralkan kubangan lumpur itu! 🫵🏻🙂","@menuembegejelek ""minuman rasa susu"" bukan susu murni, kandungan susunya cuma 1% sisanya air sama gula ga ada gizinya blass, harga cuma 2 ribuan, untung berapa banyak tuh SPPG nya
https://t.co/AFbTgjfs4c","","","","","","","","1.0"
"1820419949648818514","1820409695653519854","Gibran Sebut Makan Bergizi Gratis Tak Harus Nasi, Bisa Diganti Mie Asalkan...
https://t.co/NquA9zNQUQ","@tempodotco Ujung ujungnya pembagian pil vitamin aja.😂😂😂","","","","","","","","1.0"
"1813568093198905358","1813424765304230087","Menteri Koordinator Bidang Perekonomian, Airlangga Hartarto, buka suara tentang pemangkasan anggaran program makan bergizi gratis dari Rp 15.000 per anak menjadi Rp 7.500 per anak.

#TempoHeadliner https://t.co/Nn0C1GqlpI","@tempodotco Di anggaran 7500,- sampai dibawah ya 1500,-. Itu belum bungkusnya, karetnya, sendok plastiknya, jadinya tinggal sisa 750,- (nasi 10 sendok + ikan teri kering + aqua gelas mini). Dah, kenyanglah si Mopy","","","","","","","","1.0"
"2014320528736289057","2014214195659899161","Masa katanya anak yang putus sekolah juga akan dapat MBG???? wkwkwkwkwkwkwkkwkw bukannya bantu dilanjutin sekolahnya jir gmn sih ini gw yg gila apa mereka yang gila wkwkwkwkwkw","@kaptenAmercia GUE JUGA KAGET PAS TANTE GUE BIKIN SW ""PEMBAGIAN MBG BUAT WARGA RT..."" MBG BUAT WARGA!??!?! LAH????!?!?! anyink lama² nih mbg buat seluruh rakyat Indonesia, day 1 langsung bangkrut ni negara","","","","","","","","1.0"
"1919609514216530245","1919295231515640049","Ditemukan Ulat di MBG, Siswa Trauma Tak Mau Makan | #MakanBergiziGratis #Yogyakarta  

https://t.co/KghLKXMjKG","@kompascom Makan Bergizi Gratis banyak banget MASALAH woyyy !! Pada picek lu semua??
Keracunan, makanan tidak layak, vendor tidak dibayar dll 🤡🤡🤡🤡🤡🤡🤡🤡🤡","","","","","","","","1.0"
"1971446965918630344","1971420349452730404","Wakil Panglima TNI Jenderal Tandyo Budi Revita menegaskan bahwa program Makan Bergizi Gratis (MBG) yang dijalankan TNI higienis dan bermanfaat langsung bagi masyarakat.

Baca selengkapnya 👇
https://t.co/HhYg4VWiJI

~LL #MBG #TNI https://t.co/1Q2K0dq5Wi","@kompascom Bgtulah contoh pejabat yg gak bisa melihat kenyataan yg dirasakan para ortu murid yg keracunan ,mereka pasti trauma dgn MBG !!","","","","","","","","1.0"
"1862136000354619713","1862121513366978711","Prabowo Curhat Program Makan Bergizi Gratis Diejek: Saya Dibilang Sudah Gila
https://t.co/m7vHqzesvt","@tempodotco Ngak gila pak wo..tapi kalau dana hasil pinjaman lagi itu baru gila namanya..warisan hutang segede gaban..mau bayar pakai apa pak.wo...","","","","","","","","1.0"
"1971298221944430979","1971175352006324351","Badan Gizi Nasional (BGN) menduga ada dua penyebab kasus keracunan makanan yang belakangan terjadi dalam program makan bergizi gratis. Apa saja?

#mbg #keracunan #bgn #tempodotco https://t.co/U6GVO53zoK","@tempodotco STOP MBG!! , kemasan dan sajian tidak layak dan tidak Higienis.","","","","","","","","1.0"
"1893628906143694849","1893601702273806465","MBG:                                  Equil(e-katalog):
Rp10.000                          Rp34.650 https://t.co/L6khBkGHUA","@ARSIPAJA Dulu gw kira adanya e-katalog, harga bisa lebih transparan agar praktik markup menjadi minim

Ternyata biar markup tetap ada dan menjadi ""halal"" karena ga sembunyi2. Karena kalaupun ketauan markup harga, rakyat ga bisa ngapa2in. Hanya bisa misuh2 😶","","","","","","","","1.0"
"1919699712514654418","1919638486786965697","Presiden Prabowo Subianto menduga kasus keracunan makan bergizi gratis karena siswa tidak menggunakan sendok ketika menyantap kudapan yang diberikan. 

Selain itu, anak itu diduga belum cuci tangan dengan bersih.

#TempoHeadliner https://t.co/42PyRpYz2i","@tempodotco Presiden yang nampak terhormat,...
Ketahuilah bahwa keracunan terjadi hanya karena makanan panas dipaksa masuk dalam kemasan tertutup dan dibiarkan dalam waktu lama. 

Sendok tak bersalah!!.

warung padang adalah contoh makan tanpa sendok yang sehat walau kadang lupa cuci tangan.","","","","","","","","1.0"
"2021975917971853474","2021930606360506488","⚠️ // LAGI-LAGI ANOMALI MENU EMBEGE KERING UNTUK BALITA, BUMIL, BUSUI!!!

Ternyata ""sesuatu"" yang menguji kesabaran kami tidak muncul pada Ramadhan nanti, ia sudah lama muncul dan jelas ini membuat kami maraaahhh🫵🏻🤬😡😡

Izin bertanya ke ahli gizi yang melihat unggahan ini, bagaimana pendapat kalian tentang menu-menu ini?? Konflik apa yang sebetulnya terjadi di belakang sehingga tercetus menu-menu seperti ini?? Ini arahan dari mana??","@menuembegejelek Hari ini begini. Minimal, jangan pake plastik. 
Disini katanya warga sendiri yang harus ambil kesana pakai wadah/ompreng, dsb. Kalau yang gak ambil sendiri, diantarkan ya begini. Nasi dicampur dalam plastik keresek. 
Dikira makanan bebek kali ya~ https://t.co/XOxGozdfTi","","","","","","","","1.0"
"2015800235248046468","2015727069381177450","Pelindo menegaskan dapur MBG di rumah kakek Wawan berdiri di lahan milik Pelindo. Pelindo menyebut Wawan hanya membeli bangunan, bukan tanah.

Baca selengkapnya: https://t.co/SyzJUzAl08

_RKD #Pelindo #MBG #Wawan https://t.co/7SbhZeIt6C","@kompascom Kocaq semua mau dibodohii","","","","","","","","1.0"
"2022562941900300379","2021941648276816324","Seorang guru honorer bernama Reza Sudrajat menggugat Undang-undang APBN tahun 2026 ke Mahkamah Konstitusi (MK) gara-gara program Makan Bergizi Gratis (MBG) yang menurutnya berimbas dipangkasnya anggaran pendidikan.

Baca selengkapnya: https://t.co/FMYBX2HPse.

~SN #MBG #GuruHonorer #MK #AnggaranDipangkas","Logika pemerintah benar-benar 'Mind Blowing' 🤯

Niatnya: Kasih Makan Gratis biar anak-anak pinter & bergizi. 
Caranya: Potong anggaran Pendidikan (Gaji/Operasional Guru).
Hasilnya: Muridnya Kenyang, Gurunya Puasa.Terus yang ngajar siapa nanti? Kotak Nasi?

Pak Reza Sudrajat mewakili akal sehat kita semua. Respect! 🫡","","","","","","","","1.0"
"1891673032915103983","1891334694878519429","Wamena, Papua 17 Feb 2025. Ribuan siswa/i melakukan demo di dpn kantor Bupati Wamena menolak program Makan Bergizi Gratis. 

“Alam telah menyediakan segalanya, kami mampu bertahan hidup tanpa ada campur tangan pemerintah, yg kami butuhkan pendidikan gratis”. Kata seorang pelajar. https://t.co/ykkzrerdRQ","@jefry_wnd nangis banget sih…gue pernah ketemu anak di desa yg semangat bgt sekolah. Mereka sejak subuh udah naik sampan. Anak2 pedalaman di pelosok entah lah. Gue saat itu di Tengarong. Haruuu banget. Sekolah bikin mereka bahagia 😭 Semoga adik2 Papua akan mendapatkan keadilan.","","","","","","","","1.0"
"1820432971456974996","1820409695653519854","Gibran Sebut Makan Bergizi Gratis Tak Harus Nasi, Bisa Diganti Mie Asalkan...
https://t.co/NquA9zNQUQ","@tempodotco Pake whiskas aja lebih bergizi &amp; murah https://t.co/J3QWHN4ZMN","","","","","","","","1.0"
"1983656418386616553","1983440825863549077","Makan Bergizi Gratis (MBG) di Kecamatan Kamal, Bangkalan, Jatim terkontaminasi ulat sayur. Namun, pihak SPPG menilai jenis ulat tersebut bisa dikonsumsi dan tinggi protein.

Baca di sini: https://t.co/xRALTkUXET

~TA #MakanBergiziGratis #Bangkalan https://t.co/yeoPeypvNO","@kompascom Untuk anak janganlah coba2..sebelum terlambat untuk menyesali..!!!","","","","","","","","1.0"
"1849042675674325279","1849013441761267777","Wapres Gibran Uji Coba Makan Bergizi Gratis di SMPN 270 Jakarta https://t.co/H51DEBR81M #TempoFoto","@tempodotco Uji coba lah di pelosok NTT, Papua atau desa terpencil,","","","","","","","","1.0"
"1903053283645968499","1903051462932054438","Presiden Republik Indonesia, Prabowo Subianto mengaku banyak negara yang ingin belajar menjalankan program Makan Bergizi Gratis (MBG) dari Indonesia.

Pernyataan tersebut disampaikan Presiden Prabowo dalam sidang kabinet paripurna di Kantor Presiden, Jumat (21/3).

“Banyak kunjungan pimpinan-pimpinan negara lain, mereka bilang salah satu yang mereka ingin belajar dari kita adalah makan bergizi. Padahal kita baru mulai,” ujar Prabowo.

#TirtoDaily","@TirtoID Apakah ada negara yg mau belajar kasih makanan basi ke rakyat ny","","","","","","","","1.0"
"1849074042118303798","1849053595938820302","#TempoFoto Saat Wapres Gibran Uji Coba Makan Bergizi Gratis di SMPN 270 Jakarta..🍱

📸Tempo https://t.co/kyQgvOk73M","@tempodotco Klo nih program jadi utamain yg di pelosok dulu sih harusnya..","","","","","","","","1.0"
"1882249612368757073","1882224797985472681","650 Ribu Anak Sudah Terima MBG, Prabowo Yakin Akademik Meningkat

https://t.co/W5HeeLIoWW","@TirtoID Akademik ga ada bubungan dgn MBG.
Msh byk anak2 yg memiliki potensi besar tdk sanggup bersekolah krn tdk memiliki biaya. Sebaiknya program MBG diganti dgn sekolah gratis, undang semua anak termasuk yg berada di pelosok untuk bersekolah.","","","","","","","","1.0"
"1972975532792000748","1972904242605183343","Keracunan Makan Bergizi Gratis https://t.co/GPOXGys0FB","@tempodotco Gratis? Itu bisa dipertanyakan dasar hukumnya ga? Itu kan pake anggaran apbn bukan cuma2 jadi ga bisa disebut gratis dong.","","","","","","","","1.0"
"2022143914237727159","2021930606360506488","⚠️ // LAGI-LAGI ANOMALI MENU EMBEGE KERING UNTUK BALITA, BUMIL, BUSUI!!!

Ternyata ""sesuatu"" yang menguji kesabaran kami tidak muncul pada Ramadhan nanti, ia sudah lama muncul dan jelas ini membuat kami maraaahhh🫵🏻🤬😡😡

Izin bertanya ke ahli gizi yang melihat unggahan ini, bagaimana pendapat kalian tentang menu-menu ini?? Konflik apa yang sebetulnya terjadi di belakang sehingga tercetus menu-menu seperti ini?? Ini arahan dari mana??","@menuembegejelek saya kadang juga nggak habis pikir, buat apa punya dapur MBG kalau ujung2nya dikasihnya kering2an. Apa gunanya dapur itu?","","","","","","","","1.0"
"1924387640486527081","1924264010029154441","makan bergizi gratis? anak teman ga mau makan dari mbg karena biasa makannhangat dan diantar ibunya dari rumah. eh ibunya dipanggil sekolah kenapa anaknya ga mau makan mbg itu. saya kira mudarat proyek politik ini.","@saiful_mujani Kl di sekolah anak saya, gurunya malah senang kl ada yg bawa bekal sendiri
Ya Alhamdulillah dpt dapur yg masaknya bener, enak, jd anak2 doyan dan sejauh ini ga bermasalah","","","","","","","","1.0"
"1971141376520998912","1971073094778511523","Nutritionist DR. dr. Tan Shot Yen, M.Hum blasts Badan Gizi Nasional over the poor quality of MBG during DPR meeting. https://t.co/5it2C81elJ","@IndoPopBase Boleh MBG tetap jalan. Tapi harus: ganti jajaran pengurus BGN dengan golongan teknokrat di bidangnya, transparansi anggaran, manajemen rantai pasok yg bagus, distribusi yg merata, dan mampu menggerakkan ekonomi rakyat.","","","","","","","","1.0"
"1893675158939836735","1893601702273806465","MBG:                                  Equil(e-katalog):
Rp10.000                          Rp34.650 https://t.co/L6khBkGHUA","@ARSIPAJA efisiensi hnya utk rakyat, pejabat mah gas trus","","","","","","","","1.0"
"1919521540212658679","1919415902879023381","Prabowo Subianto claims that the success rate of the MBG program is 99.99%:

“Yang rawat inap hanya 5 orang. Jadi bisa dikatakan yang keracunan sejumlah 200 orang, itu 200 dari 3 koma sekian juta kalau tidak salah adalah 0,005 persen. Berarti keberhasilannya adalah 99,99 persen.” https://t.co/Vpr9KtyRed","@IndoPopBase lu kalau jadi ketua rt udah digebukin warga anjrit","","","","","","","","1.0"
"1958468131577335952","1958459925472141690","Menteri Koordinator Bidang Pangan Zulkifli Hasan (Zulhas) mengatakan, penyebab para siswa mengalami keracunan MBG karena masih belum terbiasa mengkonsumsinya, bukan karena salah dalam mengolah masakan.

Klik untuk baca: https://t.co/q1ZXrhX4rn 

| #MakanBergiziGratis #Keracunan #Zulhas","@kompascom Setiap dapur harusnya wajib cek quality dari BPOM sebelum dibagikan.","","","","","","","","1.0"
"1818950207398367389","1818890941253538185","Gibran Uji Coba Makan Bergizi Gratis di Surabaya, Anggaran Rp 15 Ribu..🍱

#TempoFoto https://t.co/ufl3iPsfyZ","@tempodotco Katanya prioritas di daerah 3T tapi uji coba di kota terus","","","","","","","","1.0"
"2020720594019299800","2019406266465153282","MBG program yg keren di kepala Prabowo sendiri","@strootsys Waktu dengar IKN akan habiskan ± 500 T aja sudah banyak yang gak setuju… Lha ini Embege kalau berjalan 2 tahun aja sudah melampaui IKN???

Apalagi banyak yang keracunan, rawan dikorupsi + ""dipaksakan"" sampai potong anggaran dari sektor² yang sangat penting bagi rakyat. 🤦😔","","","","","","","","1.0"
"1880236674208444629","1879896388353315025","Anggaran Infrastruktur Dikurangi untuk Makan Bergizi Gratis
https://t.co/POaX5lixvp","@tempodotco gapapa yaa jalan menuju sekolah rusak parah asal sampe sana perut kenyang 🥰🤪🤡","","","","","","","","1.0"
"1915028266471297338","1915028262063071639","Program makan bergizi gratis bakal menghabiskan anggaran Rp 71 triliun tahun ini. Siapa para penikmatnya?🤷‍♀️

#TempoThread https://t.co/0hHLvXsOZT","Akhir Januari dan awal April 2025, Tempo menyambangi Dapur Satuan Pelayanan Pemenuhan Gizi (SPPG) Kebayunan di Depok, Jawa Barat.

Pagi hari itu, pekerja berseragam biru tampak berkemas, dan malam harinya dapur terkunci rapat.","","","","","","","","1.0"
"1876143327776850262","1876127805462696292","Budi Arie Tinjau Dapur Makan Bergizi Gratis: Ada Ayam Teriyaki, Baunya Enak
https://t.co/N1MkDDljn9","@tempodotco Rakyat teriyak ada bau korupsi??","","","","","","","","1.0"
"1998582423928594649","1997155109772648720","Anggaran MBG diproyeksikan 1,2 Triliun per hari. Pak @prabowo gimana klo stop aja dulu MBG selama 2 bulan, dananya dialihkan untuk pemulihan bencana Sumatera secara total. 

Pikirian sederhanya kan gtu :) https://t.co/pFC8S0WTMp","@BosPurwa @prabowo Kerja Nyata pemerintah terlihat dari distribusi MBG yang langsung dialihkan bagi warga banjir, memastikan kebutuhan pangan tetap terpenuhi. #LanjutkanMBG","","","","","","","","1.0"
"1876176517212049530","1876172762559242292","Anak-anak itu kalau ngomong jujur ga kayak buzzer dan jubir PCO2an..

Krisna kamu kalau besar pasti jadi anak hebat dan pemberani..🔥🔥🔥

""Rasanya Aneh, kulitnya itu sangat keras bikin ga nafsu makan"" https://t.co/UnaDixamiP","@PaltiWest2024 Kepolosan anak2 sangat jujur apa adanya...","","","","","","","","1.0"
"1876305514478612797","1876257509205577986","Yang ini lebih kasihan lagi.. Malah trauma jadinya..

Makan Bergizi Gratis kok malah jatuhin mental anak-anak!!! https://t.co/9WxV7B9Hps","@PaltiWest2024 Yang Wawancara pura-pura Tolol, dah tau Makanan Gratis Gak Enak apalagi Bergizi, Roti Bininnya ajah 400 ribu 🤣","","","","","","","","1.0"
"1974463996280664557","1974339875752309143","""Ini kan (MBG) baru sembilan bulan. Jadi kita jangan terus buru-buru kritik sana, kritik sini. Ya kritik boleh lah, enggak ada masalah. Tapi maksud saya ini membangun simpul-simpul ekonomi baru,"" ujar Luhut.

Baca selengkapnya 👇
https://t.co/LRTBTdXk9X

~LL #Luhut #MBG https://t.co/LpLWKlMgPT","@kompascom Kritik kalau sifatnya membangunkan bagus opung","","","","","","","","1.0"
"1919561808450572362","1919363112299528344","Prabowo: Angka Keberhasilan MBG 99,99 Persen https://t.co/iEF8asMhHV","@CNNIndonesia berhasil ini acuannya dari mana? kalo berhasil melihat dengan ""yang penting kan semua anak dapet"" iyaa memang, tapi dilihat ga efek setelahnya? keracunan? kotak kosong? lauk kurang? vendor belum dibayar? logika ga jalan","","","","","","","","1.0"
"2015959504014475720","2015727069381177450","Pelindo menegaskan dapur MBG di rumah kakek Wawan berdiri di lahan milik Pelindo. Pelindo menyebut Wawan hanya membeli bangunan, bukan tanah.

Baca selengkapnya: https://t.co/SyzJUzAl08

_RKD #Pelindo #MBG #Wawan https://t.co/7SbhZeIt6C","@kompascom kok sekelas pelindo ada orang bodoh seperti itu?
nyogok kah pas masuk?
pake orang dalem kah pas masuk?
ijazah paket C kah pas masuk?","","","","","","","","1.0"
"1915575913468879175","1915376093122695573","Kepala Badan Gizi Nasional (BGN) Dadan Hindayana mengungkap, penyebab puluhan siswa keracunan usai makan bergizi gratis di Cianjur sulit dideteksi. 

Menurutnya, sisa makanan yang diduga menimbulkan keracunan itu telah dibersihkan oleh pihak sekolah. 

~J #MBG #MakanGratis https://t.co/5KyHoUhSXm","@kompascom Wk..wk..wk..sbg warga cianjur sangat membagong statement kpl bgn ini, seolah di cjr ga ada lab yg bisa mendeteksi penyebab keracunan selain dr sisa mknan yg diduga penyebabnya...coba cek dilabnya BBPPMPV Pertanian milik kemendikbudriset di mande","","","","","","","","1.0"
"1882781629627912586","1882224797985472681","650 Ribu Anak Sudah Terima MBG, Prabowo Yakin Akademik Meningkat

https://t.co/W5HeeLIoWW","@TirtoID kalo emg niat mau memperbaiki sdm, perhatikan itu petani, peternak, dan nelayan. bantu mereka supaya produksi mereka bs lbh efisien yg artinya akan menambah supply, lalu efisiensi rantai distribusi agar harga pangan murah, jd orang2 ekonomi bawah tetap bs beli makanan bergizi","","","","","","","","1.0"
"2010997185811529964","2010970065609359372","Prabowo mengklaim proyek MBG sebagai salah satu keberhasilannya.

#Tempodotco https://t.co/i3flDy1oeb","@tempodotco Hasilnya??:
1. Bergizi?? TIDAK, menu 8rb perak tak cukup.
2. Menyehatkan?? TIDAK, yg ada malah banyak keracunan.
3. Membuat anak pintar?? TIDAK, menu tak jelas dan hanya sekali /hari.
Hasilnya MBG?? Vendor kenyang dan Prabowo senang krn bisa balas budi politik pakai uang negara","","","","","","","","1.0"
"1919912687128969297","1919611876738056459","Ratusan Siswa Keracunan Makanan, MBG di Sumsel Dihentikan Sementara | #Keracunan #MakanBergiziGratis 

https://t.co/JLcQb9IXvc","@kompascom Baru 0.0005%, lanjutkan.","","","","","","","","1.0"
"2011224074937385415","2010970065609359372","Prabowo mengklaim proyek MBG sebagai salah satu keberhasilannya.

#Tempodotco https://t.co/i3flDy1oeb","@tempodotco ide dan saranya berhasil namun proses di lapangan gagal total kacau balu sarat kepentingan sehingga isi meni dan penyajian diluar nurul jauh dari standar sehat bergizi krna aliran airnya mungkin terlalu panjang bocor sana sini","","","","","","","","1.0"
"1967097422427156621","1967091223149375864","Viral video Presiden Prabowo Subianto yang diputar sebelum film di bioskop.

Menteri Sekretaris Negara Prasetyo Hadi menilai hal ini lumrah sepanjang tak melanggar aturan dan kenyamanan penonton.

Video tersebut menampilkan program pemerintah, termasuk Koperasi Makan Bergizi Gratis, Merah Putih, dan Sekolah Rakyat.

👉 Baca selengkapnya https://t.co/xQERAsRfJ1

< #prabowosubianto #mensesnegprasetyohadi #bioskop","Sungguh sebuah terobosan luar biasa! Sekarang ga perlu repot-repot lagi konferensi pers atau siaran TV yang membosankan. Kini, bioskop menjadi ruang demokrasi baru. Kita bisa menikmati popcorn sambil mendengarkan program makan siang gratis. Sebuah paket komplit, hiburan dan edukasi, dalam satu tiket. 😂","","","","","","","","1.0"
"1920451934353567911","1920311274795147520","Yayasan Bill &amp; Melinda Gates (Gates Foundation) menyatakan tidak terlibat dalam Program Makan Bergizi Gratis (MBG) di Indonesia.

~SA #BillGates #MBG #GatesFoundation
https://t.co/iDSrxbTveF","@kompascom Yang waras pasti takut terlibat krn melihat pengelolaan yg amburadul dan bnyk korban keracunan.","","","","","","","","1.0"
"2018579895140651363","2018565114425929998","Prabowo: Pakar Gedung Putih Mempelajari MBG https://t.co/PKb1PximsP","@tempodotco Klu kita punya teknologi mutakhir bagaimana Negara bebas korupsi &amp; hutang tanpa banyak omon omon,trus Gedung putih minta belajar sama kita, itu baru bener bener membanggakan..

Gedung putih belajar soal MBG yg masih banyak cerita keracunan ini mah turun kelas namanya..😊😅😇","","","","","","","","1.0"
"1967554681389089066","1967503899688087724","Ini di Brebes guys. Negara itu salah satu tujuannya melindungi segenap bangsa Indonesia. Ini ortu murid disuruh menanggung resiko dari makanan MBG. Pak @prabowo @setkabgoid @KemensetnegRI please.... https://t.co/oeEWaoPBtn","@ubegebe1 @prabowo @setkabgoid @KemensetnegRI yang penting masak
yang penting kirim
aman ga aman kita ga tanggung jawab
wadah ilang bayar ganti rugi ya hehe","","","","","","","","1.0"
"2001192909182529933","2001178042962497884","Wakil Kepala Badan Gizi Nasional Nanik Sudaryati Deyang meminta para pengemudi mobil layanan makan bergizi gratis (MBG) mengenakan kostum Power Rangers saat mendistribusikan makanan ke sekolah.

Gimana menurut kalian?🤔 https://t.co/rBLWxCKz48","@tempodotco dimulai dari kepala dan wakil kepala badan gizi nasional dong.. kasih contoh lah","","","","","","","","1.0"
"1862246811135877538","1862121513366978711","Prabowo Curhat Program Makan Bergizi Gratis Diejek: Saya Dibilang Sudah Gila
https://t.co/m7vHqzesvt","@tempodotco Emang gila pak apalagi kalau anggaran nya boleh ngutang atau naikin pajak rakyat. Trus yg ngurus programnya anak buah bapak yg suka korup. Abis dah dananya dikorup pak. Mending dananya buat subsidi listrik, BBM , pupuk dll
Sperti masa mertua bapak dulu. Itu lebih baik pak.","","","","","","","","1.0"
"2021948033592963288","2021930606360506488","⚠️ // LAGI-LAGI ANOMALI MENU EMBEGE KERING UNTUK BALITA, BUMIL, BUSUI!!!

Ternyata ""sesuatu"" yang menguji kesabaran kami tidak muncul pada Ramadhan nanti, ia sudah lama muncul dan jelas ini membuat kami maraaahhh🫵🏻🤬😡😡

Izin bertanya ke ahli gizi yang melihat unggahan ini, bagaimana pendapat kalian tentang menu-menu ini?? Konflik apa yang sebetulnya terjadi di belakang sehingga tercetus menu-menu seperti ini?? Ini arahan dari mana??","@menuembegejelek Ngitung kand gizi nya agak2 gimana gt yah 😂","","","","","","","","1.0"
"1919980364795412649","1919902122071797983","BPOM Siap Awasi Keamanan Program Makan Bergizi Gratis

#MakanBergiziGratis https://t.co/nySOcJYNwl","@GenZNusantara Langkah BPOM semakin meyakinkan, edukasi keamanan pangan bikin masyarakat makin sadar pentingnya kualitas makanan","","","","","","","","1.0"
"1919745553619157145","1919682613088027096","Presiden RI Prabowo Subianto mengatakan, program Makan Bergizi Gratis atau MBG tidak berjalan lancar karena berkaitan dengan adat dan tradisi makan langsung menggunakan tangan.

~MD #Keracunan #MBG #Prabowo https://t.co/Uc9SSJDnh3","@kompascom apaan sih ........... membuat penjelasan yg semakin ga jelas .","","","","","","","","1.0"
"1798394028398092434","1798363964755349864","Sri Mulyani Yakin Program Makan Bergizi Gratis Prabowo Dongkrak Pertumbuhan Ekonomi, Ini Alasannya https://t.co/ya8K7e912I #TempoBisnis","@tempodotco Saya juga yakin... karena akan mendongkrak korupsinya. Seperti kata si Zonk, korupsi itu pelumas dalam pembangunan..","","","","","","","","1.0"
"1917954005671751771","1917784225249636367","Ratusan Siswa SMP Bandung Keracunan Usai Santap Makan Bergizi Gratis
https://t.co/xRPwU7sGS8","@CNNIndonesia Makanan Bergizi, Gizinya kemana? 

Pengelolaan MBG diduga bermasalah, pendanaannya yang fantastis rawan digerogoti korupsi 🐀","","","","","","","","1.0"
"1972236588685173168","1972234934489346217","Istana Cabut Kartu Liputan Wartawan CNN yang Tanya soal MBG ke Prabowo
https://t.co/Q5bulkP3aa","@tempodotco Program MBG telah dikemas menjadi 'Kebijakan Keramat' tdk boleh Dipertanyakan bahkan Kritik ..

Kasus cabut kartu liputan wartawan menjelaskan ada Aroma Busuk &amp; Korupsi dlm Program MBG ..

Program MBG tidak boleh dihentikan walau besok hari ada Siswa yang meninggal sekalipun ..","","","","","","","","1.0"
"1863547880675684407","1863468780275601720","Anggaran Makan Bergizi Gratis Menciut Jadi Rp 10.000, Ini Versi Warteg Menu Nasi Rp 10.000

📸Tempo/Subekti

#TempoFoto https://t.co/4fQsCMAiVB","@tempodotco Ini porsi 10 rb daerah saya. https://t.co/Yh4aTlik6V","","","","","","","","1.0"
"1920097713011491287","1919600034460348506","Siswa Keracunan MBG, Prabowo Singgung Siswa Makan Tak Pakai Sendok🥄
https://t.co/kYRBSbhGAf","@tempodotco Daripada komen yg jd mbuat kita sedih,kecewa, mending segera dlakukan investigasi agar kjadian keracunan makanan MBG yg terus menerus ini bisa di stop. Berani mengakui kalo ada kesalahan,instropeksi kseluruh vendor bahkan mentri maka akan lebih bijak &amp; akan dpt respect @prabowo","","","","","","","","1.0"
"2014759278830354759","2014639245470925048","Di WEF Davos, Prabowo Klaim MBG Ciptakan 600 Ribu Pekerjaan https://t.co/jym9rXeu06","@tempodotco Bentar... MBG dibiayai APBN kan? Berarti 600 ribu ""lapangan kerja"" yang dimaksud ini digaji dari APBN juga? Masuknya kaya subsidi pemerintah dong? 😅","","","","","","","","1.0"
"2008577069006155970","2008359177421545664","Siapa saja pejabat penerima manfaat proyek makan bergizi gratis?

#TempoPlus https://t.co/VOQ1nXdEZw","@tempodotco Jangan biarkan piring anak² kita menjadi ajang mencari keuntungan. Hati siapa yang tidak teriris jika hak gizi mereka dirampas Mari kita kawal bersama agar setiap rupiah menjadi Kerja Nyata yang benar² mengenyangkan perut generasi masa depan, bukan kantong pejabat. #LanjutkanMBG","","","","","","","","1.0"
"2019814902127554618","2019440648877658550","Wkwkwwkwkw jabingan menu EMBEGE MODEL OPO IKI COOOOKK. Malah koyok bar jajan seko warung meduroo njirrr. SPPGne over confidence tenann bajilaaakk https://t.co/OA8zlBZtdB","@menuembegejelek BERGIZINYA MANAA WOK","","","","","","","","1.0"
"1915462527259205883","1915347494973956416","Kepala BGN Dadan Hindayana mengungkap, penyebab puluhan siswa keracunan usai makan bergizi gratis di Cianjur sulit dideteksi. / #makanbergizigratis #cianjur 
https://t.co/sBSzvTRkAk","@kompascom ya pasti sulit lah!

lu kerjanya cuman ongkang-ongkang doang terima anggaran, nunjuk begundal jadi mitra, tuh mitra juga ongkang-ongkang nunjuk sub mitra lagi

tuh sub mitra yg muntah darah nyari jalan ngelola 15rb/porsi potong 2.500/porsi yg masuk kantong begundal elu

KNTL! 🖕","","","","","","","","1.0"
"2023022515967475899","2022994964255486420","""Embege harus dikatakan berhasil meskipun saya menerima 28.000 laporan kasus keracunan.""

— Si Gendut, di atas podium.

Berkat pernyataan sikap di atas, suatu hari di 'kubangan lumpur' yang orang awam biasa sebut sebagai SPPG:

👧🏻: ""Eh mas, ayam dari suplier Z kok agak bau bacin ya? Ga sedep. Tumben.""
🧒🏻: ""Oiya? Alah, gapapa. Dimasak aja.""
👧🏻: ""Hah? Ya jangan dong, resiko nanti.""
🧒🏻: ""Lha udah jam segini, mau nyari pengganti di mana lagi?? Masa kita ga jadi ngasih ayam. Malu lah, udah di-broadcast ke penerima manfaat juga.""
👧🏻: ""Ya iya sih. Udah ga ada alternatif:(""
🧒🏻: ""Nah, makanya itu.""
👧🏻: ""Kalo yang makan pada keracunan gimana?:(""
🧒🏻: ""Gapapa. Denger noh kata presiden. Aman kita. Ga bakalan diapa-apain.""
👧🏻: ""Ok:(""","@menuembegejelek ""Harus"" ini dasar nya apa coba 🤦‍♂️","","","","","","","","1.0"
"1997515736978510302","1997155109772648720","Anggaran MBG diproyeksikan 1,2 Triliun per hari. Pak @prabowo gimana klo stop aja dulu MBG selama 2 bulan, dananya dialihkan untuk pemulihan bencana Sumatera secara total. 

Pikirian sederhanya kan gtu :) https://t.co/pFC8S0WTMp","@BosPurwa @prabowo Kenaysng gaji2 karyawan2 MBG brp lebih nesar drpd anggaran yg d makan si anak manguap uangnya kebanyakan biaya opeasional.
Menunya jg lebih bagus menu catering drod menu MBG .","","","","","","","","1.0"
"1882719981315784821","1882674695784554714","Kepala Badan Gizi Nasional Curhat Kurang Tidur karena Urus Makan Bergizi Gratis
https://t.co/dTooadYE7E","@tempodotco Kalau di rasa berat. 
Mending mundur saja pak","","","","","","","","1.0"
"1990501955270291617","1990441460798472686","Wakil Kepala Badan Gizi Nasional Nanik Sudaryati Deyang menuturkan, masyarakat diminta untuk menanami sayuran dan buah di lahan-lahan kosong, serta memelihara ayam petelur dan pedaging.

👉🏻Baca selengkapnya https://t.co/g4R6r0sYvf

~AM #MBG #Bertani #BadanGiziNasional https://t.co/KcJtkjVYLq","@kompascom MBG ini yg diuntungkan itu si pemilik dapur. Meski yg disajikan makanan jauh dari bergizi seimbang, cenderung basi, dan gak enak rasanya, mereka tetap dibayar.

Harusnya MBG ini distop karena gak efektif dan gak efisien, anggarannya besar namun hasilnya gak sebanding","","","","","","","","1.0"
"1963809003097743833","1963603951690932341","Alih-alih menurunkan stunting dan meningkatkan gizi anak, program MBG justru mencatat lebih dari 4.000 kasus keracunan makanan hanya dalam 8 bulan pertama pelaksanaan.

Baca di sini: https://t.co/0rRlLx1DLS

~TA #MakanBergiziGratis #Keracunan https://t.co/WQGp6H5wk7","@kompascom Netizen yg budiman, coba sekali2 anda awasi sppg yg dkt dr rmh anda...liat, perhatikan bgmn mrk memasak dan menyajikan mbg ? Tanya jg apa ada ahli gizinya ?","","","","","","","","1.0"
"1990625052946313300","1990222341687910706","BERITA DUKA PAGI INI

Nasib teman teman SGz akan dibuat mirip seperti SKM (K3) atau S1 K3 dimana dengan modal sertifikasi 3 bulan ala BNSP maka ""siapapun"" bisa jadi ""Ahli Gizi"" atau ""Pengawas Gizi"" seperti statemen dibawah ini....

#MBG

Source IG: wira.adikaraa https://t.co/SupForwhMA","@dosenkesmas Yang jadi pertanyaan SGz di dapur itu tugasnya monev menu saja apa sampai membuat draf menu yg harus dilaksanakan oleh Koki? Kalo SGz sebagai pengawas menu apa guna ilmunya.","","","","","","","","1.0"
"1971537525513900345","1971420349452730404","Wakil Panglima TNI Jenderal Tandyo Budi Revita menegaskan bahwa program Makan Bergizi Gratis (MBG) yang dijalankan TNI higienis dan bermanfaat langsung bagi masyarakat.

Baca selengkapnya 👇
https://t.co/HhYg4VWiJI

~LL #MBG #TNI https://t.co/1Q2K0dq5Wi","@kompascom Overlaping TNI 🤣 mana mukax diserem seremin gitu 🤣
Besok bikin Undang2 baru ngatur tugas mrk ngurusin warteg,warkop,warnet,warkan,Alkon,pertukangan,distribusi sembako,distribusi rokok,agen wokwok tottot,jasa keamanan hajatan dan sejenisnya
Hankam serahin anak2 STM 👍
Yesss..","","","","","","","","1.0"
"2022266542503936264","2022234307708833869","Prabowo Minta KSP Kumpulkan Klip Video Pengkritik MBG https://t.co/gw86wNs138","@tempodotco TOLONG KIRIM MBG KE KOREA PAK PRABROWO","","","","","","","","1.0"
"1919951079132868884","1919618563968586130","Presiden Prabowo Subianto mengklaim angka keracunan program makan bergizi gratis lebih kecil dibandingkan penerima manfaatnya. 

Angka kasus keracunan makanan bergizi sekitar 200 dari 3 juta penerima manfaat.

#Tempodotco #Prabowo #MBG https://t.co/xu9aGIeiZv","@tempodotco Ketika pemerintah luncurkan sebuah program &amp; saat program tsbt bermasalah, unt menetralisir dipakailah dalil perbandingan besarnya korban akibat masalah dgn efek keberhasilannya. Lagi2 indikasi abai terhdap pentingnya rasa kemanusiaan, pengelolaan &amp; anggaran.","","","","","","","","1.0"
"1968898449652298029","1968470792854978655","Lagi dan lagi.....

Sebanyak 157 siswa SD, SMP, SMA dan SMK di Salakan, Kabupaten Banggai Kepulauan Provinsi Sulawesi Tengah
dilarikan ke rumah sakit Trikora karena kera cunan setelah mengonsumsi makanan bergizi gratis.

Bupati Banggai Kepulauan turun langsung menyampaikan bahwa seluruh tenaga medis dikerahkan untuk membantu, sampai saat ini sebanyak 80 siswa telah dipulangkan dan seluruh siswa tidak ada yg menunjukkan kondisi kritis.","@kenhans03 kirim videonya ke prabowo","","","","","","","","1.0"
"1882350989208179093","1882224797985472681","650 Ribu Anak Sudah Terima MBG, Prabowo Yakin Akademik Meningkat

https://t.co/W5HeeLIoWW","@TirtoID Yang udah keracunan sama makan makanan basi berapa orang ndut??","","","","","","","","1.0"
"1983936388354732334","1983782683139567977","Jumlah korban pada hari ketiga pasca-peristiwa keracunan menu Makan Bergizi Gratis (MBG) di Desa Cibodas, Kecamatan Lembang, Kabupaten Bandung Barat (KBB), Jawa Barat, tembus 230 orang.

Selengkapnya baca di: https://t.co/1O16NbBqR5

| #Keracunan #MakanBergiziGratis #Lembang https://t.co/ImYS3eyAlM","@kompascom gw bingung sma mbg, badan pengawasnya udah sebanyak itu, vendornya bilang kalo ketat banget QC nya. tpi kok msih bisa keracunan terus sih.","","","","","","","","1.0"
"1891375856984936908","1891334694878519429","Wamena, Papua 17 Feb 2025. Ribuan siswa/i melakukan demo di dpn kantor Bupati Wamena menolak program Makan Bergizi Gratis. 

“Alam telah menyediakan segalanya, kami mampu bertahan hidup tanpa ada campur tangan pemerintah, yg kami butuhkan pendidikan gratis”. Kata seorang pelajar. https://t.co/ykkzrerdRQ","@jefry_wnd Mereka yg hidup di daerah 3T aja ogah dikasih makan gratis. Nah elu yg masih bisa makan enak malah nilih makan gratis dibanding pebdidikan gratis.","","","","","","","","1.0"
"1879837997920932129","1879818088931266667","Puluhan siswa Sekolah Dasar (SD) Negeri Dukuh 03, Kabupaten Sukoharjo, Jawa Tengah, mengalami keracunan setelah mengonsumsi menu Makan Bergizi Gratis (MBG) pada Kamis (16/1/2025).

&lt; #MakanBergiziGratis #Sukoharjo 

https://t.co/9FeSjxyNNE","@kompascom Hahaha... udah pernah ada yg pernah bahas... skenario nya... mulai Makan gratis.. lalu ada banyak yg keracunan ..lalu program segera di hentikan... basii ah... sudah lah wo... kalo ga mampu hentikan aja... duit nya pake prasarana lain yg lbh berguna..","","","","","","","","1.0"
"1923067485634408756","1922948999478378549","KEREN! Program Kesayangan @Prabowo MBG masuk berita koran ternama Jepang Asahi Shimbun.

Asahi Shimbun secara luas dianggap sebagai surat kabar harian yang paling dihormati di Jepang karena jurnalismenya.

Asahi Shimbun mengangkat berita program MBG (Makan Bergizi Gratis) yang merupakan program kesayangan/prioritas Presiden RI Prabowo Subianto.

Judul berita Asahi Shimbun yang terbit hari ini (15/5/2025):

無料給食後に吐き気、食中毒症状1千人以上　大統領の肝いり政策波紋

Terjemahannya:

""Lebih dari 1.000 orang menderita mual dan keracunan makanan setelah makan siang gratis di sekolah; Kebijakan kesayangan presiden menimbulkan dampak"".

Link berita: 
https://t.co/ZNtQxuBnJ8","@Piyusaja2 @prabowo Anak2 itu tanggung jawab orang tua nya, yg sekolahin yang ngasih makan.. orang tua nya yang menjadi tanggung jawab negara, gimana caranya bisa dapet rumah yg layak, pekerjaan yg layak. Kalau mau MBG tuh di Papua di pelosok..kasihan sodara Papua kelaparan Dan tidak diperhatikan","","","","","","","","1.0"
"1919741024643252246","1919611876738056459","Ratusan Siswa Keracunan Makanan, MBG di Sumsel Dihentikan Sementara | #Keracunan #MakanBergiziGratis 

https://t.co/JLcQb9IXvc","@kompascom Tetap saja, Prabowo cuma tau nya 200orang keracunan","","","","","","","","1.0"
"1956186979307282650","1956174316137226524","Deputi Bidang Diseminasi dan Media Informasi Kantor Komunikasi Presiden Noudhy Valdryno mengklaim Program Makan Bergizi Gratis (MBG) Presiden Prabowo Subianto telah berdampak positif bagi 20 juta anak Indonesia.

👉 Baca selengkapnya https://t.co/COWHkZ1HaP

~LL #MBG #Prabowo https://t.co/NR4nk5ayJw","@kompascom Bebas aja","","","","","","","","1.0"
"1970820509102428579","1970775217908633972","Perawatan Korban Keracunan Makan Bergizi Gratis di Cipongkor https://t.co/lryP6sf2hv","@tempodotco @prabowo hrs dikasih tunjuk video mengenaskan ini. Bgmn perasaan ortu yg anaknya jadi korban kebijakannya. 
Smtra BGN sesumbar ada 1 Milyar porsi, dan 5000 jiwa nyaris mati dianggap sekedar deretan angka dan dikecilkan dgn sebutan gangguan pencernaan. Bisa ada gerakan #tolakMBG","","","","","","","","1.0"
"1967078339195392479","1967039789447929886","Bangun All, alokasi anggaran dikelola serampangan lagi. @prabowo memilih mengalokasikan anggaran pendidikan untuk program Makan Bergizi Gratis (MBG) ketimbang menjalankan putusan Mahkamah Konstitusi (MK) tentang sekolah tanpa pungutan biaya.

Sebanyak 44,2 persen anggaran pendidikan dialihkan untuk MBG, bukannya melaksanakan putusan sekolah gratis malah langganan nabrak konstitusi lagi.","@barengwarga @prabowo apasih udah ma kagak guna MBG bikin banyak yang keracunan. EH MALAH MOTONG ANGGARAN PENDIDIKAN???","","","","","","","","1.0"
"1877355476616097987","1877168688119312501","Dibalik jahatnya gerombolan sakit hati yg doyan menghina menu makanan Bergizi Gratis dari Presiden Prabowo

Ada pelajar yg rela gak makan jatah makanannya demi bisa makan bareng ibunya dirumah, krn ibunya gak punya uang utk beli makan.

Teruskan Program MBG ini Pak @prabowo https://t.co/0HzScrUEZG","@ajengcute16__ @prabowo Kasihkan duitnya ke ibunya biar ibunya yang masak untuk anak-anaknya.. tidak usah ditenderkan yg bisa jadi akan banyak perkeliruan. Lagian dana majan siang ini hasil pinjaman yang sdh tentu harus dibayar. https://t.co/Gzh8X43QMn","","","","","","","","1.0"
"1805236512147284342","1805116723743580405","Menteri Keuangan Sri Mulyani Indrawati mengumumkan pemerintah saat ini dan presiden terpilih menyepakati anggaran makan bergizi gratis sebesar Rp 71 triliun pada 2025.

#TempoHeadliner https://t.co/9FefbrHgIo","@tempodotco jangan bilang semua duitnya masuk ke katering circle keluarga sendiri dong kan ya? terus distribusi logistik juga pake perusahaan keluarga kan ya?  saling bantu membantu sesama keluarga kan ya? maaf kepercayaanku setipis itu pak @prabowo @jokowi","","","","","","","","1.0"
"2026735995253850442","2026537644721844659","BGN: Jatah MBG Rp 8-10 Ribu Per Porsi, Bukan Rp 15 Ribu https://t.co/1HgDLgarZM","@tempodotco Komisi BGN naik jadi 5rb?","","","","","","","","1.0"
"1943649871036109220","1943613737996337300","Badan Gizi Minta Tambahan Rp 118 Triliun untuk Makan Bergizi Gratis 2026
https://t.co/qsyk153ols","@tempodotco 🤣gassssssssssss terus ach..","","","","","","","","1.0"
"1919255470079922646","1918903415058346404","Marak Keracunan MBG, Prabowo Kumpulkan SPPG di Hambalang: Harus Kau Periksa Tiap Potong Ayam Itu

https://t.co/cMlhbV1rRY","@KompasTV Perasaan jarang bgt mbg pake menu ayam.
Udh sih stop aja tuh program ladang korup. Konsen ke fasilitas pendidikan di indonesia dan lapangan pelerjaan, jgn pelihara tuh ormas2 ato preman","","","","","","","","1.0"
"2010778504884077001","2010715973024944405","Dinas Kesehatan Kabupaten Grobogan, Jawa Tengah, melaporkan sebanyak 658 orang diduga mengalami keracunan setelah menyantap menu makan bergizi gratis. Para korban berasal dari sejumlah sekolah dan satuan pendidikan di Kecamatan Gubug.

#tempodotco #TUpdate #MBG https://t.co/U4RK11UyJl","@tempodotco Hanya keracunan mah gak akan menghentikan proyek ini. Kalau mati baru","","","","","","","","1.0"
"1920349981883437128","1920311274795147520","Yayasan Bill &amp; Melinda Gates (Gates Foundation) menyatakan tidak terlibat dalam Program Makan Bergizi Gratis (MBG) di Indonesia.

~SA #BillGates #MBG #GatesFoundation
https://t.co/iDSrxbTveF","@kompascom program prabowo gagal deh😅😂🤣kaga dapat sponsor dari microsoft😅😂🤣bill gates kaget sih kok ada menu serangga di MBG😅😂🤣bubar deh program MBG di juni 2025 kehabisan dana APBN😅😂🤣","","","","","","","","1.0"
"1880246398861603212","1880201604303094136","Ini juga siapa dia bilang Makan Bergizi Gratis ga penting itu ga relate terus bandingkan dengan Jelly Drink penahan lapar..

Eh TOLOL loe bisa bedain Makan BERGIZI sama penahan lapar ga?! https://t.co/wjELsIzsPs","@PaltiWest2024 Dio berpikir makan hanya menjawab lapar

Bukan Makan untuk memenuhi kebutuhan Gizi anak buat tumbuh kembang anak","","","","","","","","1.0"
"1912657011126509589","1912438000711266498","Mitra dapur yang berada di Kalibata, Jakarta Selatan melaporkan Yayasan Media Berkat Nusantara ke kepolisian. Laporan itu terkait adanya dugaan penggelapan dana program Makan Bergizi Gratis sebesar Rp957.300.000.

#MBG #JakartaSelatan #MakanBergiziGratis #Kalibata #Asumsico https://t.co/6iCIJCpvrv","@asumsico Padahal MBG sadfood gitu dana nya gede juga ya","","","","","","","","1.0"
"1913912480080036180","1913807168048120196","Bocoran nama-nama di proyek MBG detailnya udah ada nih.","@BocorAlusPol MBG kan dari awal adalah Menjadi Bisnis G......","","","","","","","","1.0"
"1880267602997715353","1879783141952651292","Guru Besar Ilmu Gizi Sebut Daun Kelor Tak Bisa Gantikan Susu dalam Menu Makan Bergizi Gratis
https://t.co/uR3QX2MPHl","@tempodotco Menurutku Pemda bisa bantu turunkan Dokter Gizi daerah 
Bantu personil masak makan gizi gratis

Bila perlu ditunda dulu, biar serentak....

Agar anggaran bisa ditekan, Pemda bisa bantu berdayakan pemdes ....

Gak enak dengar berita, sudah jalan sementara ditempat lain belum...","","","","","","","","1.0"
"1919833767151116510","1919611876738056459","Ratusan Siswa Keracunan Makanan, MBG di Sumsel Dihentikan Sementara | #Keracunan #MakanBergiziGratis 

https://t.co/JLcQb9IXvc","@kompascom @prabowo niat untuk mencegah stunting dan memperingan orang yang ga mampu jadi harua mengeluarkan biaya untuk berobat yang besar 😮‍💨","","","","","","","","1.0"
"1893395563149766657","1893301011525075427","Yang Dapat
Makan Bergizi Gratis
Cuma Dua Anak........
😢😢😢😢😢😢 https://t.co/lQkRgZb5jC","@cobeh2022 Dan kepala negara beserta jajaran dan kepala daerah sibuk retreat yg habiskan dana 😮‍💨😡","","","","","","","","1.0"
"2022271542248583462","2022234307708833869","Prabowo Minta KSP Kumpulkan Klip Video Pengkritik MBG https://t.co/gw86wNs138","@tempodotco Kumpulin nama dapur MBG yg bikin keracunan. Blog","","","","","","","","1.0"
"1876318328458981617","1876276342163185879","Istana: Makan Bergizi Gratis di Sejumlah Daerah Masih Pakai Uang Prabowo | #PrabowoSubianto #MakanBergiziGratis https://t.co/Y4aiOEWsAj","@kompascom Lah status dana ini apaan hai @KemenkeuRI: hibah atau pinjaman? Atau ini program @prabowo pribadi bukan program pemerintah?

#UUKeuanganNegara gak kepake lagi?","","","","","","","","1.0"
"1862465942971875501","1862464509044302181","Prabowo: Anggaran Makan Bergizi Gratis Rp 10.000 per Anak dan Ibu Hamil
https://t.co/Gizhx70o3g","@tempodotco cuma dapet utangan dikit kah dari china ?","","","","","","","","1.0"
"1862760412456104010","1862466185633452055","Prabowo sebut anggaran makan bergizi gratis Rp 10.000 per anak dan ibu hamil, kira-kira apa menunya?

#TempoNanya","@tempodotco Dr 15rb....menjadi 10rb. https://t.co/XGMR5dxSr4","","","","","","","","1.0"
"1891124233125732372","1891067025088266358","Program Makan Bergizi Gratis (MBG) di Kabupaten Sumenep, Jawa Timur dihentikan.

Link berita: https://t.co/77ybYs6KJw

/ #MakanBergiziGratis #MBG #Siswa #Sekolah #Sumenep https://t.co/ke9vX0q0OP","@kompascom Motor2 yang dipake distribusi MBG dibegal kabupaten sebelah","","","","","","","","1.0"
"2021882189802303853","2021852147328176412","⚠️ // PENIPUAN DAN TINDAKAN REPRESIF DARI SPPG

Kejadian tak adil dialami oleh siswa-siswi suatu sekolah di bilangan Yogyakarta, yang mana mereka terdaftar sebagai penerima manfaat embege dari SPPG Ngestiharjo 4, Bantul, DIY.

Melalui medsos SPPG, mereka mengunggah bahwa menu kemarin, 11 Februari 2026, akan menghadirkan prohe berupa ikan dori, namun pada kenyatannya yang datang hanya ompreng berisi nasi, tahu, sayur frozen food, semangka dua potong dadu kecil, dan SECUIL PANGSIT.

Atas kekecewaannya, salah seorang siswa mengunggahnya ke medsos dengan maksud memancing SPPG Ngestiharjo 4 untuk memberi keterangan. Namun alih-alih memberi keterangan, mereka malah menon-aktifkan akun Instagramnya dan melakukan tindakan represif dengan cara mengerahkan dua cecunguk buzzer dengan nama pengguna (@)rizal_rockk dan (@)taufikgkmodal. Brengsek.

Sungguh tindakan yang amat sangat menjijikkan dan pengecut dari sebuah SPPG. Kalian layak hancur! 🫵🏻","@menuembegejelek Yaap seperti biasa ada aja kelakuan para pejabat SPPG ini hadeeehh","","","","","","","","1.0"
"2023699948697776427","2022994964255486420","""Embege harus dikatakan berhasil meskipun saya menerima 28.000 laporan kasus keracunan.""

— Si Gendut, di atas podium.

Berkat pernyataan sikap di atas, suatu hari di 'kubangan lumpur' yang orang awam biasa sebut sebagai SPPG:

👧🏻: ""Eh mas, ayam dari suplier Z kok agak bau bacin ya? Ga sedep. Tumben.""
🧒🏻: ""Oiya? Alah, gapapa. Dimasak aja.""
👧🏻: ""Hah? Ya jangan dong, resiko nanti.""
🧒🏻: ""Lha udah jam segini, mau nyari pengganti di mana lagi?? Masa kita ga jadi ngasih ayam. Malu lah, udah di-broadcast ke penerima manfaat juga.""
👧🏻: ""Ya iya sih. Udah ga ada alternatif:(""
🧒🏻: ""Nah, makanya itu.""
👧🏻: ""Kalo yang makan pada keracunan gimana?:(""
🧒🏻: ""Gapapa. Denger noh kata presiden. Aman kita. Ga bakalan diapa-apain.""
👧🏻: ""Ok:(""","@menuembegejelek Hasil MBG dilaporkan ABS ama si botak dan ditanggapi gembira ama omon².....
Seorang yg katanya pemimpin anggap anak² keracunan cuma angka demi cuan (korupsi yg dilegalkan) yg dibagi² ke timses, tentara dan polisi...tanpa audit karena jadi taik.
cc admin akun @prabowo","","","","","","","","1.0"
"2014761366029271361","2014639245470925048","Di WEF Davos, Prabowo Klaim MBG Ciptakan 600 Ribu Pekerjaan https://t.co/jym9rXeu06","@tempodotco Dasar goblok, mayoritas jg ga lu gaji dengan layak, seleksi ga jelas, eksekusi berantakan, makanan ga karuan. Sppg di monopoli temen temen bajingannya, kesejahteraan guru di abaikan. Terus lu bangga?

TOLOL NAMANYA","","","","","","","","1.0"
"1889604501939564967","1889564364476154223","Mul and Ndut, blood is on your hands","@ffikriawan Mul aja keliatan ngaconya baru season 2
Ni ndut langsung bablas jelek sejak awal","","","","","","","","1.0"
"2022254932515246393","2022234307708833869","Prabowo Minta KSP Kumpulkan Klip Video Pengkritik MBG https://t.co/gw86wNs138","@tempodotco kenapa mau di kirimin orderan fiktif ya?","","","","","","","","1.0"
"1876173443756118048","1876127805462696292","Budi Arie Tinjau Dapur Makan Bergizi Gratis: Ada Ayam Teriyaki, Baunya Enak
https://t.co/N1MkDDljn9","@tempodotco proyek berbau cuan baunya ig enak...","","","","","","","","1.0"
"2019893754665267262","2019440648877658550","Wkwkwwkwkw jabingan menu EMBEGE MODEL OPO IKI COOOOKK. Malah koyok bar jajan seko warung meduroo njirrr. SPPGne over confidence tenann bajilaaakk https://t.co/OA8zlBZtdB","@menuembegejelek makanan ringan kemasan itu gak sehat jing","","","","","","","","1.0"
"1990941854666535239","1990441460798472686","Wakil Kepala Badan Gizi Nasional Nanik Sudaryati Deyang menuturkan, masyarakat diminta untuk menanami sayuran dan buah di lahan-lahan kosong, serta memelihara ayam petelur dan pedaging.

👉🏻Baca selengkapnya https://t.co/g4R6r0sYvf

~AM #MBG #Bertani #BadanGiziNasional https://t.co/KcJtkjVYLq","@kompascom Liat mukanya seperti bener2 banget minta tolong tp kalo liat keuntungan orang yg punya dapur MBG malah kita yg kasihan sama diri kita sendiri bisa2 nya dapat keuntungan sebesar itu.","","","","","","","","1.0"
"1914523759261945974","1914457584435962294","Kolaborasi Petani, Peternak, dan Profesional Sukseskan Program MBG di Cimahi

#MakanBergiziGratis https://t.co/iinnvga8PM","@GenZNusantara Bangkit bersama lewat MBG Cimahi buktiin masa depan bisa lebih sehat dan cerah","","","","","","","","1.0"
"2014581981968007420","2014518446344806667","Prabowo: Penyaluran MBG Akan Lampaui McDonald's Per Harinya https://t.co/aCQXiomBnX","@tempodotco Ladang cuan","","","","","","","","1.0"
"2009226149067632722","2009100069522559063","List gawean yg bisa jadi cuma ada di Indonesia..

- jasa screenshot iphone
- joki strava
- joki skripsi
- jastip merch
- jastip tiket konser
- seller app premium
- kang parkir
- ojek payung
- kang cilok
- manusia silver
- pak ogah
- pawang ujan
- dukun beranak
- buzzer
- pegawai embege","@karirfess jastip kirim menfess juga ada","","","","","","","","1.0"
"1984256718046671331","1984120887533293716","Prabowo Subianto addresses Polri involvement in MBG:

“Kalau kau berangkat ke Barat, mungkin mereka juga merasa aneh, 'kok polisi urusin jagung?' Oh, masa polisi kok buka dapur?' Ya ini Indonesia, bung.”

(https://t.co/eROrX0XBGb) https://t.co/XVzmfCVKIH","@IndoPopBase Pantes pada keracunan","","","","","","","","1.0"
"1920490225156891081","1920311274795147520","Yayasan Bill &amp; Melinda Gates (Gates Foundation) menyatakan tidak terlibat dalam Program Makan Bergizi Gratis (MBG) di Indonesia.

~SA #BillGates #MBG #GatesFoundation
https://t.co/iDSrxbTveF","@kompascom trus tanggapan bapak @prabowo apa ya? 😂 https://t.co/wKXTAxMzsV","","","","","","","","1.0"
"1891383709548343384","1891341522773201080","Hari ini (17/2) Ribuan pelajar turun jalan di berbabagai wilayah di tanah Papua tolak Makan Bergizi Gratis (MBG). Anak-anak sekolah dipaksa duduk, dipaksa makan dari tangan yang masih berlumuran darah keluarga mereka.

#mbg https://t.co/dQQHBgbFOB","@vyeimo83 ..pelajar bermartabat dari sebuah pulau yang (sampai) saat ini masih ter'jajah' oleh elite di jakarta","","","","","","","","1.0"
"1919909636762960106","1919618563968586130","Presiden Prabowo Subianto mengklaim angka keracunan program makan bergizi gratis lebih kecil dibandingkan penerima manfaatnya. 

Angka kasus keracunan makanan bergizi sekitar 200 dari 3 juta penerima manfaat.

#Tempodotco #Prabowo #MBG https://t.co/xu9aGIeiZv","@tempodotco Tata kelola buruk, keliru menyalurkan anggaran, hingga dugaan penggelapan mewarnai proyek Makan Bergizi Gratis (MBG). Harus segera dihentikan","","","","","","","","1.0"
"1914529985370656963","1914457055165079682","Siswa MAN 1 Cianjur yang Keracunan Usai Santap MBG Bertambah Jadi 38 Orang | #Keracunan #MakanBergiziGratis #Cianjur 

https://t.co/kNWWU4FSaO","@kompascom - Pihak penyedia ada yang belum dibayar
- Makanan yang dibagikan kurang standart gizi dan kurang higienis 
- Korupsi oleh pihak penyelenggara

Buzzernya diam, menterinya memperkaya diri, wakilnya gak jelas, presidennya pura² sibuk.. 

Negaraku 👍","","","","","","","","1.0"
"2011141062514090351","2010970065609359372","Prabowo mengklaim proyek MBG sebagai salah satu keberhasilannya.

#Tempodotco https://t.co/i3flDy1oeb","@tempodotco Berhasil secara kuantitatif buat apa? Berapa banyak dapur yg menyajikan makanan berkualitas? Dan dapur yang menyimpan sudah berapa banyak yang ditindak?","","","","","","","","1.0"
"1945316656601030826","1945282598722474369","Sejumlah siswa berseragam putih abu-abu di Kabupaten Tuban, Jawa Timur, menemukan larva pada paket menu makan bergizi gratis (MBG) yang didistribusikan ke sekolah-sekolah.

~LL #MBG
https://t.co/zVpjMqx76X","@kompascom Mkn itu bagian dr penambahan protein kata kepala BGN","","","","","","","","1.0"
"1971572015279812899","1971543596244623542","""Mau punyanya jenderal, mau punyanya siapa, kalau melanggar, akan saya tutup. Saya enggak peduli. Karena ini nyangkut nyawa manusia,"" ujar Nanik

Klik untuk baca: https://t.co/feWh0ycakM

| #Jenderal #BadanGiziNasional #MakanBergiziGratis https://t.co/v02UFU3MV5","@kompascom jelas sudah program raksasa penyedot duit rakyat gini cuma bancakan circle yg lagi berkuasa

apapun itu programnya, jdi penguasa tujuannya cuma bagi bagi bancakan anggaran negara dari setoran pajak rakjat 🤣🤣","","","","","","","","1.0"
"2018293850830475447","2018263126114754614","Prabowo Singgung Lagi Distribusi MBG di Sumbar dan Aceh

“Buktinya saya kalah di Sumatera Barat, benar? Tapi tetap MBG sampai ke Sumatera Barat. Saya juga kalah di Aceh, kan? Tapi tetap kami bangun Aceh habis-habisan,” ucapnya. https://t.co/TAuI15TtaK","@tempodotco distribusi MBG dan pembangunan memang kewajiban negara, bukan hadiah politik. justru idealnya tak perlu disebut-sebut soal kalah atau menang.","","","","","","","","1.0"
"1972131160483606583","1972104726255964224","Prabowo Subianto addresses public calls to end MBG distribution following the surge in cases of children poisoned across regions:

“Tujuan Makan Bergizi adalah untuk anak-anak kita yang sering sulit makan. Mungkin kita-kita ini makan lumayan. Mereka tuh makannya hanya nasi pakai garam. Ini yang harus kita atasi.” (via Kompas)","@IndoPopBase Pak, kemana aja??
Dari jaman uji coba juga udah banyak yg protes krn pelaksanaannya di sekolah yg cenderung elite.
Udah pelaksanaan bahkan swasta juga dapat. Dari dulu juga udah banyak yg kasih saran, mulai dari daerah 3T dulu. Lanjut pendataan dsb. Gaharus semua dapat pak…","","","","","","","","1.0"
"1919447379918635425","1919415902879023381","Prabowo Subianto claims that the success rate of the MBG program is 99.99%:

“Yang rawat inap hanya 5 orang. Jadi bisa dikatakan yang keracunan sejumlah 200 orang, itu 200 dari 3 koma sekian juta kalau tidak salah adalah 0,005 persen. Berarti keberhasilannya adalah 99,99 persen.” https://t.co/Vpr9KtyRed","@IndoPopBase beneran pengen blow up ini, kepala sppg yg ngurus MBG ini ada yg ga lulus S1 alias DO 😭","","","","","","","","1.0"
"1798190716709212616","1798144099419406550","Sri Mulyani Dukung Program Makan Bergizi Gratis Prabowo: Untuk Perbaikan Sumber Daya Manusia https://t.co/3Rx5ibLX6o #TempoBisnis","@tempodotco Tak ada dukungan yg gratis...time will tell....","","","","","","","","1.0"
"1890045405179924935","1889587856714125570","Ternyata Makan bergizi gratis gak ada gratis-gratisnya ya? biayanya pakai kehilangan pekerjaan ayah nya ya?

Kenapa sih hal kecil kaya gini aja harus bohong","@hrdbacot @hitosins makan gratis juga harus beli tempat bekal nya dulu, abistu dikasih nya ga tiap hari, enak ga enak. kalau di tanya harus bilangnya enak","","","","","","","","1.0"
"1876506918115750360","1876498298858778996","Udah dipost di Tiktok ternyata. Seperti biasa isi komennya:

“Ini makan bergizi gratis, bukan makan sesuai selera.” ☺️ https://t.co/bcMf67P4eg","@karimasoyou Banyak banget narasi2 seperti ini di apk seblah, bahkan ada yg sampai bilang anaknya ngga tu syukur dan bahkan nyalahin orang tuanya karena ngga membiasakan anaknya makan makanan kek gitu. Aneh banget pola pikirnya","","","","","","","","1.0"
"2013838920673353785","2013481716749582602","Unboxing gaji pegawai MBG &amp; Guru Honorer.....@prabowo tau gak ya 🤔

MBG.                                Guru Honorer https://t.co/AKCf1V3S4J","@yaniarsim @prabowo Yang urus anggaran DPR. Dan para bedebah Senayan itu pada belaga buta tuli terhadap pelecehan thd Guru² kita 😔","","","","","","","","1.0"
"1913023355172913372","1912839980176814311","Sengkarut dapur makan bergizi gratis di Jakarta Selatan jadi bukti bahwa program besar butuh perencanaan matang, bukan sekadar gebrakan.

Bagaimana Badan Gizi Nasional akan membenahi kekacauan ini?🤷‍♀️

#TempoThread https://t.co/9JRkZIHk9Q","@tempodotco Ide yang baik.. Cara yang tolol.. 
Berikan pendidikan gratis bermutu merata.. 
Berikan Makan Gratis di daerah tertinggal.. 
Jaga dan tingkatkan kualitas guru","","","","","","","","1.0"
"1879875161270439995","1879818088931266667","Puluhan siswa Sekolah Dasar (SD) Negeri Dukuh 03, Kabupaten Sukoharjo, Jawa Tengah, mengalami keracunan setelah mengonsumsi menu Makan Bergizi Gratis (MBG) pada Kamis (16/1/2025).

&lt; #MakanBergiziGratis #Sukoharjo 

https://t.co/9FeSjxyNNE","@kompascom Kiranya mbg ini bakal dievaluasi gak ya? Kalo dirasa ga berhasil, bisa dihentikan gitu. Dlm pelaksanaannya aja keliatan konsep kurang matang, anggaran yg jor2an, belum lg standar gizi yg gak terukur itu.","","","","","","","","1.0"
"1971716042608333088","1971543596244623542","""Mau punyanya jenderal, mau punyanya siapa, kalau melanggar, akan saya tutup. Saya enggak peduli. Karena ini nyangkut nyawa manusia,"" ujar Nanik

Klik untuk baca: https://t.co/feWh0ycakM

| #Jenderal #BadanGiziNasional #MakanBergiziGratis https://t.co/v02UFU3MV5","@kompascom Uda paling bener,konsep MBG itu kasih dananya ke orangtua anak..trus  dikasih menu makanan tiap hari ke orangtua..agar orangtua bisa siapin makanan..lebih efektif.daripada repot repot adain dapur MBG  dan lain lain","","","","","","","","1.0"
"1889591236916351003","1889587856714125570","Ternyata Makan bergizi gratis gak ada gratis-gratisnya ya? biayanya pakai kehilangan pekerjaan ayah nya ya?

Kenapa sih hal kecil kaya gini aja harus bohong","@hrdbacot Kan apa ku bilang? Persetan sama pendidikan berkualitas, pendidikan gratis, lapangan kerja mudah, upah layak, fasilitas kesehatan bagus, gratis. Semua masalah tambal aja pake makan siang. Anak kenyang, bapak ibunya dipecat. Efisiensi anggaran cm buat ngasih duit stafsus ga guna.","","","","","","","","1.0"
"1876542242929950769","1876465212112678995","Karut-Marut Makan Bergizi Gratis di Hari Pertama

Badan Gizi Nasional memulai program makan bergizi gratis, Senin, 6 Desember 2025. Sasaran awal program itu sebanyak 600 ribu anak di 26 provinsi. Namun banyak persoalan yang muncul pada hari pertama pelaksanaan janji kampanye Prabowo Subianto tersebut. Pihak sekolah kebingungan akibat ketiadaan petunjuk teknis kegiatan.

Apa saja persoalan makan bergizi gratis yang terjadi di lapangan?

#TempoHarian terbit empat kali sehari dalam bentuk digital. Baca di https://t.co/MR22quwcLm.

#TempoHarian #TempoPlus","@tempodotco Makan paket hemat sekali https://t.co/khTCLYv8fL","","","","","","","","1.0"
"1843600442510717405","1843567650741596241","Prabowo akan Anggarkan Rp 1,2 Triliun per Hari untuk Makan Bergizi Gratis https://t.co/s9TH9ekjqP","@tempodotco 1,2T per hari ? 
438 T per tahun?
ini uang cuma utk barang habis pakai

potensi korupsi yg sangat besar","","","","","","","","1.0"
"1891429092152541595","1891334694878519429","Wamena, Papua 17 Feb 2025. Ribuan siswa/i melakukan demo di dpn kantor Bupati Wamena menolak program Makan Bergizi Gratis. 

“Alam telah menyediakan segalanya, kami mampu bertahan hidup tanpa ada campur tangan pemerintah, yg kami butuhkan pendidikan gratis”. Kata seorang pelajar. https://t.co/ykkzrerdRQ","@jefry_wnd Kemudian daripada itu untuk membentuk suatu pemerintahan negara indonesia yg melindungi segenap bangsa indonesia dan seluruh tumpah darah Indonesia dan untuk memajukan kesejahteraan umum,mencerdaskan kehidupan bangsa. (Pembukaan UUD 45) Ga ada makan , yg ada cerdas kan","","","","","","","","1.0"
"2019636482336780469","2019440648877658550","Wkwkwwkwkw jabingan menu EMBEGE MODEL OPO IKI COOOOKK. Malah koyok bar jajan seko warung meduroo njirrr. SPPGne over confidence tenann bajilaaakk https://t.co/OA8zlBZtdB","@menuembegejelek MBG ini kapan ya di stop 🥲 jujur buang2 anggaran, alokasi dana nya gak maksimal sama sekali. Kalo kek gini penyaluran dana nya transparan apa engga ya huhu","","","","","","","","1.0"
"1879897993710862433","1879896388353315025","Anggaran Infrastruktur Dikurangi untuk Makan Bergizi Gratis
https://t.co/POaX5lixvp","@tempodotco Pengurangan anggaran insfratruktur ini sdh atas persetujuan Jokowi gak? 😂","","","","","","","","1.0"
"2023656331895615518","2021780193162277104","Hentikan program MBG sekarang juga.
Utamakan keselamatan anak daripada ambisi politik dan target program. 
Oleh karena kepala BGN berada dibawah presiden maka presiden Prabowo harus bertanggungjawab atas semua kasus keracunan akibat MBG.
@prabowo 
@DPR_RI https://t.co/IBZR6ng23B","@regar_op0sisi @prabowo @DPR_RI Gampang banget ya kalau ngomong org DPR, giliran UU pemberantasan aset ga ada itu dibahas. MBG kan biar anak2 sekolah yang nggak mampu jangan sampe stunting. Minum susu aja belum tentu mereka, dengan MBG kebutuhan gizi mereka dipenuhin","","","","","","","","1.0"
"1924678778258915516","1924264010029154441","makan bergizi gratis? anak teman ga mau makan dari mbg karena biasa makannhangat dan diantar ibunya dari rumah. eh ibunya dipanggil sekolah kenapa anaknya ga mau makan mbg itu. saya kira mudarat proyek politik ini.","@saiful_mujani Pdhl urusan prut itu mslh ortunya, bisa ditanggulangi dgn memberikan upah perkerjaan yg layak sehingga angka pengangguran menurun dan tingkat kesejahteraan naik. Hrsnya lbh memfokuskan beasiswa untuk masuk skloh gratis bgi anak kurang mampu, pembebasan spp, dan fokus ke daerah 3t","","","","","","","","1.0"
"1945395596279570638","1945282598722474369","Sejumlah siswa berseragam putih abu-abu di Kabupaten Tuban, Jawa Timur, menemukan larva pada paket menu makan bergizi gratis (MBG) yang didistribusikan ke sekolah-sekolah.

~LL #MBG
https://t.co/zVpjMqx76X","@kompascom Program trilyunan, kwalitas buruk... banyak bocor...","","","","","","","","1.0"
"1833695239040872483","1833680502819299726","Promosikan Program Makan Bergizi Gratis pada 2025, Budi Arie Anggarkan Dana Rp 10 Miliar https://t.co/GpE82pY1n6 #TempoBisnis","@tempodotco Kurang itu... 100 M klo promo nya mau mencapai seluruh pelosok negeri","","","","","","","","1.0"
"1923089211512508727","1922948999478378549","KEREN! Program Kesayangan @Prabowo MBG masuk berita koran ternama Jepang Asahi Shimbun.

Asahi Shimbun secara luas dianggap sebagai surat kabar harian yang paling dihormati di Jepang karena jurnalismenya.

Asahi Shimbun mengangkat berita program MBG (Makan Bergizi Gratis) yang merupakan program kesayangan/prioritas Presiden RI Prabowo Subianto.

Judul berita Asahi Shimbun yang terbit hari ini (15/5/2025):

無料給食後に吐き気、食中毒症状1千人以上　大統領の肝いり政策波紋

Terjemahannya:

""Lebih dari 1.000 orang menderita mual dan keracunan makanan setelah makan siang gratis di sekolah; Kebijakan kesayangan presiden menimbulkan dampak"".

Link berita: 
https://t.co/ZNtQxuBnJ8","@Piyusaja2 @prabowo Wo, coba renungkan diri lu deh, keknya otak lu gesrek bjir","","","","","","","","1.0"
"1891384377105412340","1891334694878519429","Wamena, Papua 17 Feb 2025. Ribuan siswa/i melakukan demo di dpn kantor Bupati Wamena menolak program Makan Bergizi Gratis. 

“Alam telah menyediakan segalanya, kami mampu bertahan hidup tanpa ada campur tangan pemerintah, yg kami butuhkan pendidikan gratis”. Kata seorang pelajar. https://t.co/ykkzrerdRQ","@jefry_wnd Maafkan sobat Wamena...sudah dijawab beliau kemarin: 
Ndasmu.","","","","","","","","1.0"
"1963802528556122272","1963603951690932341","Alih-alih menurunkan stunting dan meningkatkan gizi anak, program MBG justru mencatat lebih dari 4.000 kasus keracunan makanan hanya dalam 8 bulan pertama pelaksanaan.

Baca di sini: https://t.co/0rRlLx1DLS

~TA #MakanBergiziGratis #Keracunan https://t.co/WQGp6H5wk7","@kompascom MBG : program keracunan nasional","","","","","","","","1.0"
"1912369412717543871","1912349181479645350","Salah satu dapur Makan Bergizi Gratis (MBG) di Kalibata terpaksa berhenti beroperasi sejak akhir Maret 2025.

/ #MakanBergiziGratis 
https://t.co/NX9Ab5MfIA","@kompascom Di daerah saya kota Salatiga  cuma satu kali  pas ada kunjungan menteri ZULHAS siswapun di minta membeli wadah tempat makan sendiri.","","","","","","","","1.0"
"2022378928607047871","2021930606360506488","⚠️ // LAGI-LAGI ANOMALI MENU EMBEGE KERING UNTUK BALITA, BUMIL, BUSUI!!!

Ternyata ""sesuatu"" yang menguji kesabaran kami tidak muncul pada Ramadhan nanti, ia sudah lama muncul dan jelas ini membuat kami maraaahhh🫵🏻🤬😡😡

Izin bertanya ke ahli gizi yang melihat unggahan ini, bagaimana pendapat kalian tentang menu-menu ini?? Konflik apa yang sebetulnya terjadi di belakang sehingga tercetus menu-menu seperti ini?? Ini arahan dari mana??","@menuembegejelek Ini gak ada yang audit dapur SPPG MBG ? Wah gila sih lama-lama. 

Mendingan dikasih uang saku aja gak sih ? Dengan model tiap bulan di transfer ke rekening, daripada dapetnya menu gajelas gini","","","","","","","","1.0"
"2025723030039842844","2025529318089412646","Lah, berarti, jangan-jangan proyek embege juga hasil dari konsultasi dengan zionist tengik juga. Si anjing. 🙂","@menuembegejelek Kan udah dibilang sama mas2 bem itu, ""maling berkedok gizi""","","","","","","","","1.0"
"2023654782972649490","2021780193162277104","Hentikan program MBG sekarang juga.
Utamakan keselamatan anak daripada ambisi politik dan target program. 
Oleh karena kepala BGN berada dibawah presiden maka presiden Prabowo harus bertanggungjawab atas semua kasus keracunan akibat MBG.
@prabowo 
@DPR_RI https://t.co/IBZR6ng23B","@regar_op0sisi @prabowo @DPR_RI Kalo di kampung, mbg tuh pada seneng orang pada dapet kerjaan, bocil bocil juga pada happy dapet makanan. Kalo eval sistem mah itu jelas sppg saling bersaing supaya ga bikin kesalahan. Kalo bikin kesalahan juga dapet skors diliburkan tuh sppg jadi rugi mereka kalo diliburin","","","","","","","","1.0"
"1893969469749563522","1893915755403460863","Solidaritas pelajar Paniai.
Papua.
Tolak.#MBG,kami minta pendidikan
Gratis. https://t.co/5nHldObPST","@albert_morafia Keren ya pelajar Papua, lebih mengerti kebutuhan dasarnya dari pada pemerintahan yg stroke, bocor...bocor...bocor...
Tidak semua pelajar butuh MBG, seharusnya membuat kebijakan dengan pengecualian, contoh nyata pelajar Paniai, mereka lebih butuh pendidikan gratis","","","","","","","","1.0"
"1876146440168460637","1876127805462696292","Budi Arie Tinjau Dapur Makan Bergizi Gratis: Ada Ayam Teriyaki, Baunya Enak
https://t.co/N1MkDDljn9","@tempodotco Nanti klo yg lain makananya cuma kangkung sama telor rebus tolong diliput juga ya, jangan yg bagus2nya doang","","","","","","","","1.0"
"1879913279851794628","1879834257763504402","Hari Keempat MBG di Palangka Raya, Siswa Keluhkan Ayam Berbau Amis hingga Pisang Busuk | #MakanBergiziGratis #PalangkaRaya 

https://t.co/CYqUrS6WPs","@kompascom Resiko keracunan ini pasti gede coy,soalnya anggaran minim,vendor2 pasti muter otak biar cuan gede..salah satunya cari basian atau ayam tiren🤣🤣🤣","","","","","","","","1.0"
"1915036795609469011","1914987076363452886","Prabowo Belum Buka Kesempatan Negara Lain Pelajari Makan Bergizi Gratis
https://t.co/zlhnOO0TT0","@tempodotco Kekeuh banget ya, sudah tau programnya bermasalah, rawan penyimpangan, korupsi. Masih keras kepala aja seolah-olah programnya sukses, udah tau kasus keracunan dimana-mana. Jadi pengen teriak NDASMU, *dengan lemah lembut.","","","","","","","","1.0"
"2024364701539590250","2024359625244774442","Teruntuk semua pengikut @menuembegejelek yang sudah dan/atau yang kelak akan aktif melapor perihal menu-menu jelek proyek embege, berikut kami umumkan:

Mari sepakati bahwa minuman rasa susu dalam gambar adalah minuman yang 100% DILARANG untuk dipergunakan dalam pendistribusian embege. Minuman ini 100% ultra proses, mengandung bahan-bahan tambahan, tak layak dikonsumsi anak-anak, dan jelas SANGAT TIDAK BOLEH masuk ke dalam daftar menu Makan Bergiji Gratis.

Siapapun yang menemukan unggahan medsos SPPG dengan gambar minuman ini agar segera melapor pada kami, pasti akan kami maki-maki dan viralkan kubangan lumpur itu! 🫵🏻🙂","@menuembegejelek Kesel banget liat anak kecil di kemasan ituu, ngejekin yaa 😒","","","","","","","","1.0"
"1903272624266035531","1903051462932054438","Presiden Republik Indonesia, Prabowo Subianto mengaku banyak negara yang ingin belajar menjalankan program Makan Bergizi Gratis (MBG) dari Indonesia.

Pernyataan tersebut disampaikan Presiden Prabowo dalam sidang kabinet paripurna di Kantor Presiden, Jumat (21/3).

“Banyak kunjungan pimpinan-pimpinan negara lain, mereka bilang salah satu yang mereka ingin belajar dari kita adalah makan bergizi. Padahal kita baru mulai,” ujar Prabowo.

#TirtoDaily","Klaim ""banyak negara belajar MBG dari Indonesia"" adalah narasi yang mengaburkan fakta. Data FAO menunjukkan 72 negara sudah menjalankan program serupa selama 30+ tahun dengan cakupan 80-98%. Finlandia (1948), Brazil (1955), Chile (1964) justru bisa jadi mentori kita. MBG kita baru mencapai 1,2% dari target dan masih dihantui masalah distribusi.","","","","","","","","1.0"
"2010891270898795002","2010715973024944405","Dinas Kesehatan Kabupaten Grobogan, Jawa Tengah, melaporkan sebanyak 658 orang diduga mengalami keracunan setelah menyantap menu makan bergizi gratis. Para korban berasal dari sejumlah sekolah dan satuan pendidikan di Kecamatan Gubug.

#tempodotco #TUpdate #MBG https://t.co/U4RK11UyJl","@tempodotco hati-hati dgn kata-katamu bgn, diakhirat kamu yg diminta pertanggung jawaban. https://t.co/bLDSikxaBk","","","","","","","","1.0"
"1880518411689869442","1879445721478525034","Baiq Silawati, jurnalis perempuan di Lombok Timur, dipaksa HAPUS REKAMAN VIDEO saat meliput dapur program Makan Bergizi Gratis! 

APA ALASANNYA?

#LombokTimur #MakanBergiziGratis #AgamawanSalam https://t.co/piMQ1Ww7Vg","@detikbali__ Takut terindikasi mark-up anggaran","","","","","","","","1.0"
"1863706766451806559","1863468780275601720","Anggaran Makan Bergizi Gratis Menciut Jadi Rp 10.000, Ini Versi Warteg Menu Nasi Rp 10.000

📸Tempo/Subekti

#TempoFoto https://t.co/4fQsCMAiVB","@tempodotco Kalau gitu projectnya kasih ke pemilik Nasi Padang paket hemat aja","","","","","","","","1.0"
"1798166996150018461","1798144099419406550","Sri Mulyani Dukung Program Makan Bergizi Gratis Prabowo: Untuk Perbaikan Sumber Daya Manusia https://t.co/3Rx5ibLX6o #TempoBisnis","@tempodotco Makan bergizi tak perlu lewat pemerintah yg dibutuhkan rakyat biaya pendidikan gratis hingga kuliah dan sembako murah","","","","","","","","1.0"
"1972357353250120095","1972175293734645911","Min @hrdbacot @ecommurz @ainunnajib @CNNIndonesia @CNNIDdaily https://t.co/vHRHV0zPNs","@windumuktiw @hrdbacot @ecommurz @ainunnajib @CNNIndonesia @CNNIDdaily Beliau ini paket lengkap, sih. Mau disebut penjahat cocok, tirani cocok, fasis cocok, skizo jg cocok. Kelamaan hidup di echo chamber pula. Duh, 5 tahun lama benerrrr 😌","","","","","","","","1.0"
"2023265780130046125","2022994964255486420","""Embege harus dikatakan berhasil meskipun saya menerima 28.000 laporan kasus keracunan.""

— Si Gendut, di atas podium.

Berkat pernyataan sikap di atas, suatu hari di 'kubangan lumpur' yang orang awam biasa sebut sebagai SPPG:

👧🏻: ""Eh mas, ayam dari suplier Z kok agak bau bacin ya? Ga sedep. Tumben.""
🧒🏻: ""Oiya? Alah, gapapa. Dimasak aja.""
👧🏻: ""Hah? Ya jangan dong, resiko nanti.""
🧒🏻: ""Lha udah jam segini, mau nyari pengganti di mana lagi?? Masa kita ga jadi ngasih ayam. Malu lah, udah di-broadcast ke penerima manfaat juga.""
👧🏻: ""Ya iya sih. Udah ga ada alternatif:(""
🧒🏻: ""Nah, makanya itu.""
👧🏻: ""Kalo yang makan pada keracunan gimana?:(""
🧒🏻: ""Gapapa. Denger noh kata presiden. Aman kita. Ga bakalan diapa-apain.""
👧🏻: ""Ok:(""","@menuembegejelek dia mana peduli soal kasus keracunan,klopun smpe kematian palingan dibilang karena riwayat penyakit.di gendut gak mau dibilang program nya gagal","","","","","","","","1.0"
"1912351105398300713","1912349181479645350","Salah satu dapur Makan Bergizi Gratis (MBG) di Kalibata terpaksa berhenti beroperasi sejak akhir Maret 2025.

/ #MakanBergiziGratis 
https://t.co/NX9Ab5MfIA","@kompascom amsyong... kena racun omon2... cuma bisa joged2 sekarang...","","","","","","","","1.0"
"1919987504192565569","1919676005943542260","Prabowo Mengaku Bill Gates Tertarik dengan Makan Bergizi Gratis
https://t.co/m4wfVoq03k","@tempodotco Gizi gk seberapa, racun nya gk kira-kira","","","","","","","","1.0"
"1922507012748800337","1922428201504026792","Diare hingga Tubuh Membiru, Gejala Korban Keracunan MBG di Bogor | #Keracunan #MakanBergiziGratis #Bogor #vjlab https://t.co/tiTaeffVjY","@kompascom Selama korupsi masih menjadi bagian dari negeri konoha jangan harap program yg baik dapat berjalan dengan baik, apalagi celah korupnya tinggi.","","","","","","","","1.0"
"1983874753061646365","1983782683139567977","Jumlah korban pada hari ketiga pasca-peristiwa keracunan menu Makan Bergizi Gratis (MBG) di Desa Cibodas, Kecamatan Lembang, Kabupaten Bandung Barat (KBB), Jawa Barat, tembus 230 orang.

Selengkapnya baca di: https://t.co/1O16NbBqR5

| #Keracunan #MakanBergiziGratis #Lembang https://t.co/ImYS3eyAlM","@kompascom Untuk anak janganlah coba2..sebelum terlambat untuk menyesali..!!! #stopmbg","","","","","","","","1.0"
"1924621164472889543","1924264010029154441","makan bergizi gratis? anak teman ga mau makan dari mbg karena biasa makannhangat dan diantar ibunya dari rumah. eh ibunya dipanggil sekolah kenapa anaknya ga mau makan mbg itu. saya kira mudarat proyek politik ini.","@saiful_mujani Dengan pendataan yang jelas, pengeluaran MBG bisa dikurangi tanpa mengurangi manfaatnya.
Evaluasi masih terus dilakukan kok, Lanjutkan MBG untuk lebih baik lagi","","","","","","","","1.0"
"1923125910305202347","1922948999478378549","KEREN! Program Kesayangan @Prabowo MBG masuk berita koran ternama Jepang Asahi Shimbun.

Asahi Shimbun secara luas dianggap sebagai surat kabar harian yang paling dihormati di Jepang karena jurnalismenya.

Asahi Shimbun mengangkat berita program MBG (Makan Bergizi Gratis) yang merupakan program kesayangan/prioritas Presiden RI Prabowo Subianto.

Judul berita Asahi Shimbun yang terbit hari ini (15/5/2025):

無料給食後に吐き気、食中毒症状1千人以上　大統領の肝いり政策波紋

Terjemahannya:

""Lebih dari 1.000 orang menderita mual dan keracunan makanan setelah makan siang gratis di sekolah; Kebijakan kesayangan presiden menimbulkan dampak"".

Link berita: 
https://t.co/ZNtQxuBnJ8","@Piyusaja2 @prabowo Segera ganti MBG dengan Pendidikan Gratis sebelum terlambat! Dan segera #MakzulkanGibran","","","","","","","","1.0"
"1815743436966007193","1815680141089185969","Gibran Pamer Menu Makan Bergizi Gratis Harga Rp 14.900: Sudah Termasuk Ayam, Nasi, Sayur, Buah, Susu https://t.co/tQIyVWwmIi #TempoBisnis","@tempodotco Pamer2 menu doang...realisasinya kapan ngak jelas","","","","","","","","1.0"
"2026626937318486409","2026537644721844659","BGN: Jatah MBG Rp 8-10 Ribu Per Porsi, Bukan Rp 15 Ribu https://t.co/1HgDLgarZM","@tempodotco wadah korup gila2an.","","","","","","","","1.0"
"2015784303981187307","2015705523405164760","Sebuah video yang memperlihatkan temuan es kue jadul yang diduga berbahan spons di kawasan Kemayoran, Jakarta Pusat, viral di media sosial. Menyikapi hal tersebut, pihak kepolisian langsung turun tangan melakukan penyelidikan.

Dalam video yang beredar, terlihat seorang pria menunjukkan es kue jadul yang dipegangnya dan menyebut makanan tersebut terbuat dari bahan mirip spons. Ia bahkan mencoba membakarnya, hingga terlihat bagian dari es tersebut meleleh. Pria itu pun mengimbau para orang tua untuk lebih waspada terhadap jajanan anak.

Kapolsek Kemayoran, Kompol Agung Ardiansyah, membenarkan adanya laporan tersebut. Ia menyebut kasus ini masih dalam proses penyelidikan oleh Unit Reskrim.","@RadioElshinta semoga kakek mendulang pahala dari kezaliman org2 tolol dan dagangannya laku keras rejekinya tumpah ruah aamiin","","","","","","","","1.0"
"1915579457487987063","1915347494973956416","Kepala BGN Dadan Hindayana mengungkap, penyebab puluhan siswa keracunan usai makan bergizi gratis di Cianjur sulit dideteksi. / #makanbergizigratis #cianjur 
https://t.co/sBSzvTRkAk","@kompascom dari awal emang didesain untuk sulit dideteksi, termasuk sulit deteksi korupsi.. bayangin, subjek auditnya udah jadi tokai 💩","","","","","","","","1.0"
"2015960831079677972","2015727069381177450","Pelindo menegaskan dapur MBG di rumah kakek Wawan berdiri di lahan milik Pelindo. Pelindo menyebut Wawan hanya membeli bangunan, bukan tanah.

Baca selengkapnya: https://t.co/SyzJUzAl08

_RKD #Pelindo #MBG #Wawan https://t.co/7SbhZeIt6C","@kompascom Sy gedeg denger istilah MBG,sdhlah uangnya ngentit dana pndidikan yg hrsnya bisa utk mnunjang kprluan pnddikan yg lain. Dtambah lagi menu yg ala kadarnya dibilang bergizi","","","","","","","","1.0"
"1920693108586447026","1920024711091913002","Bagi Prabowo, anak2 yg meregang nyawa keracunan MBG ini hanyalah collateral damage, angka statistik

Tanpa empati, Prabowo membanggakan program MBG dgn mengatakan anak2 yg keracunan ini hanya 0,005%...

Bagi orang tua anak2 tsb, kejadian ini adalah percobaan pembunuhan anak2 mrk https://t.co/49aZ1jJYBm","@MurtadhaOne1 Nyawa org di hargai dengan angka doang , prabocor otaknya bocor 🤡","","","","","","","","1.0"
"2015950609372127569","2015727069381177450","Pelindo menegaskan dapur MBG di rumah kakek Wawan berdiri di lahan milik Pelindo. Pelindo menyebut Wawan hanya membeli bangunan, bukan tanah.

Baca selengkapnya: https://t.co/SyzJUzAl08

_RKD #Pelindo #MBG #Wawan https://t.co/7SbhZeIt6C","@kompascom Waktunya audit kah untuk pemanfaatan aset2 Pelindo? @bpkri @KPK_RI","","","","","","","","1.0"
"1967231670429667755","1967091223149375864","Viral video Presiden Prabowo Subianto yang diputar sebelum film di bioskop.

Menteri Sekretaris Negara Prasetyo Hadi menilai hal ini lumrah sepanjang tak melanggar aturan dan kenyamanan penonton.

Video tersebut menampilkan program pemerintah, termasuk Koperasi Makan Bergizi Gratis, Merah Putih, dan Sekolah Rakyat.

👉 Baca selengkapnya https://t.co/xQERAsRfJ1

< #prabowosubianto #mensesnegprasetyohadi #bioskop","@kompascom prabowo mau minjem china Rp 1,29 kuadrillyun (*apbn sendiri tdk cukup), yg ngerjain proyek adalah adiknya sendiri *nepotisme, wakil presiden anak mulyono, kabinet mulyono, ini lebih parah dari orba, siap2 pajak naik, rakyat sengsara, pemerintah foya2 #konohagelap #Revolusi https://t.co/4DWTIiC0ls","","","","","","","","1.0"
"1879696875445793272","1879445721478525034","Baiq Silawati, jurnalis perempuan di Lombok Timur, dipaksa HAPUS REKAMAN VIDEO saat meliput dapur program Makan Bergizi Gratis! 

APA ALASANNYA?

#LombokTimur #MakanBergiziGratis #AgamawanSalam https://t.co/piMQ1Ww7Vg","@detikbali__ tikus tikus kantor","","","","","","","","1.0"
"2016105422311325878","2015771057807065352","Buset yg beginian doang sampe di tes uji leb, embege yg bikin keracunan mana ada di tes begini dah","@PernebangRoket Ada ada aja cara biar cari anggaran 🫶🏻","","","","","","","","1.0"
"2021927629419655665","2021852147328176412","⚠️ // PENIPUAN DAN TINDAKAN REPRESIF DARI SPPG

Kejadian tak adil dialami oleh siswa-siswi suatu sekolah di bilangan Yogyakarta, yang mana mereka terdaftar sebagai penerima manfaat embege dari SPPG Ngestiharjo 4, Bantul, DIY.

Melalui medsos SPPG, mereka mengunggah bahwa menu kemarin, 11 Februari 2026, akan menghadirkan prohe berupa ikan dori, namun pada kenyatannya yang datang hanya ompreng berisi nasi, tahu, sayur frozen food, semangka dua potong dadu kecil, dan SECUIL PANGSIT.

Atas kekecewaannya, salah seorang siswa mengunggahnya ke medsos dengan maksud memancing SPPG Ngestiharjo 4 untuk memberi keterangan. Namun alih-alih memberi keterangan, mereka malah menon-aktifkan akun Instagramnya dan melakukan tindakan represif dengan cara mengerahkan dua cecunguk buzzer dengan nama pengguna (@)rizal_rockk dan (@)taufikgkmodal. Brengsek.

Sungguh tindakan yang amat sangat menjijikkan dan pengecut dari sebuah SPPG. Kalian layak hancur! 🫵🏻","@menuembegejelek Yang dipake buat bayar program jelek ini kan duit rakyat ya, wajar dong sebagai penerima manfaat komplain kalo menu yang diterima ngga sesuai postingan, hadeh duit dipangkas masuk kantong sih ya gini hasilnya","","","","","","","","1.0"
"1968617636100550786","1968470792854978655","Lagi dan lagi.....

Sebanyak 157 siswa SD, SMP, SMA dan SMK di Salakan, Kabupaten Banggai Kepulauan Provinsi Sulawesi Tengah
dilarikan ke rumah sakit Trikora karena kera cunan setelah mengonsumsi makanan bergizi gratis.

Bupati Banggai Kepulauan turun langsung menyampaikan bahwa seluruh tenaga medis dikerahkan untuk membantu, sampai saat ini sebanyak 80 siswa telah dipulangkan dan seluruh siswa tidak ada yg menunjukkan kondisi kritis.","@kenhans03 Dari awal blm jd jg udah tau ini program sampah.","","","","","","","","1.0"
"1920318691327291848","1920024711091913002","Bagi Prabowo, anak2 yg meregang nyawa keracunan MBG ini hanyalah collateral damage, angka statistik

Tanpa empati, Prabowo membanggakan program MBG dgn mengatakan anak2 yg keracunan ini hanya 0,005%...

Bagi orang tua anak2 tsb, kejadian ini adalah percobaan pembunuhan anak2 mrk https://t.co/49aZ1jJYBm","@MurtadhaOne1 harusnya bilang kami akan berbenah lagi dll, dibenerin lgi, buat yg distribusi akan diperhatikan lagi supaya tidak terjadi seperti ini. malah jawabnya kek gitu 🙄🫠","","","","","","","","1.0"
"1971795877842088003","1971073094778511523","Nutritionist DR. dr. Tan Shot Yen, M.Hum blasts Badan Gizi Nasional over the poor quality of MBG during DPR meeting. https://t.co/5it2C81elJ","@IndoPopBase Ngasih program juga masih itung2an doi di jatah 10rb. tp punya maksud memperbaiki gizi,gizi pala lu","","","","","","","","1.0"
"1923011192517243074","1922948999478378549","KEREN! Program Kesayangan @Prabowo MBG masuk berita koran ternama Jepang Asahi Shimbun.

Asahi Shimbun secara luas dianggap sebagai surat kabar harian yang paling dihormati di Jepang karena jurnalismenya.

Asahi Shimbun mengangkat berita program MBG (Makan Bergizi Gratis) yang merupakan program kesayangan/prioritas Presiden RI Prabowo Subianto.

Judul berita Asahi Shimbun yang terbit hari ini (15/5/2025):

無料給食後に吐き気、食中毒症状1千人以上　大統領の肝いり政策波紋

Terjemahannya:

""Lebih dari 1.000 orang menderita mual dan keracunan makanan setelah makan siang gratis di sekolah; Kebijakan kesayangan presiden menimbulkan dampak"".

Link berita: 
https://t.co/ZNtQxuBnJ8","@Piyusaja2 @prabowo Wadidau, kukira Brita positif, rupanya Brita terlambat bulat (mual).","","","","","","","","1.0"
"1893509450461589997","1893301011525075427","Yang Dapat
Makan Bergizi Gratis
Cuma Dua Anak........
😢😢😢😢😢😢 https://t.co/lQkRgZb5jC","@cobeh2022 Program MBG cuma hanya untuk merealisasi janji Politiknya. Tanpa ada kajian akademik dari para pakar Kuliner, Ekonomi, Ahli Gizi dan Pengamat Sosial lainnya.
Makanya jangan heran kalau dibeberapa tempat ada yang keracunan, kwalitas makanan rendah.
Kita tunggu yang di Korupsi...! https://t.co/uFoczDyRK0","","","","","","","","1.0"
"1972402535135842397","1972175293734645911","Min @hrdbacot @ecommurz @ainunnajib @CNNIndonesia @CNNIDdaily https://t.co/vHRHV0zPNs","@windumuktiw @hrdbacot @ecommurz @ainunnajib @CNNIndonesia @CNNIDdaily MBG banyak masalah,
Kasus keracunan dimana-mana.
Gitu aja kok Repot. 😁😄😄","","","","","","","","1.0"
"1990351192174870822","1990222341687910706","BERITA DUKA PAGI INI

Nasib teman teman SGz akan dibuat mirip seperti SKM (K3) atau S1 K3 dimana dengan modal sertifikasi 3 bulan ala BNSP maka ""siapapun"" bisa jadi ""Ahli Gizi"" atau ""Pengawas Gizi"" seperti statemen dibawah ini....

#MBG

Source IG: wira.adikaraa https://t.co/SupForwhMA","@dosenkesmas @aken_zank @rachasweet123 gini nih kalo gen 50-80an dikasih tau ngeyel nanti bilangnya kamu tau apa tentang gizi saya lebih ngerti daripada kamu gk usah ngajarin wkwkwk eh maap yasalam","","","","","","","","1.0"
"1967279806976024843","1967257410470609263","#intinyadeh

&gt; Viral video Prabowo sebelum penayangan film di bioskop

&gt; Video bahas program MBG, Koperasi Merah Putih, dll

&gt; Byk dikritik netizen: gak nyaman. Uang rakyat dipake buat placement di bioskop

&gt; Mensesneg: lumrah, sepanjang gak langgar aturan &amp; kenyamanan penonton","@intinyadeh LOBANG PUKI.. ITU VIRAL KRN MASYARAKAT UDH RISIH! MKNYA BISA VIRAL. DENGAN ENAKNYA NGOMONG GPP ASAL GAK GANGGU KENYAMANAN PENONTON! IDIOT KNTL!","","","","","","","","1.0"
"1891370099866533918","1891312846215987311","Aksi damai penolakan #MBG di Wamena hari ini (17/2) hari ricuh akibat polisi memblokade demo pelajar di Wamena, #papua. Mereka tuntut pendidikan gratis dan tarik militer. https://t.co/BIHFG9axnq","@vyeimo83 MBG = Makanan Bergizi Gratis jauh dari standar gizi. Protein &amp; sayurnya seuprit dan banyak karbonya. Lebih cocok disebut MSG = Makan Siang Gratis.","","","","","","","","1.0"
"2024368434956636357","2024359625244774442","Teruntuk semua pengikut @menuembegejelek yang sudah dan/atau yang kelak akan aktif melapor perihal menu-menu jelek proyek embege, berikut kami umumkan:

Mari sepakati bahwa minuman rasa susu dalam gambar adalah minuman yang 100% DILARANG untuk dipergunakan dalam pendistribusian embege. Minuman ini 100% ultra proses, mengandung bahan-bahan tambahan, tak layak dikonsumsi anak-anak, dan jelas SANGAT TIDAK BOLEH masuk ke dalam daftar menu Makan Bergiji Gratis.

Siapapun yang menemukan unggahan medsos SPPG dengan gambar minuman ini agar segera melapor pada kami, pasti akan kami maki-maki dan viralkan kubangan lumpur itu! 🫵🏻🙂","@menuembegejelek Anakku dapat MBG kering dikasih minuman kemasan Oat M*lk yang mana kita tau oatmilk kemasan tu UPF, oatnya cuma 8% yg lain bahan2 yg kurang ""nyata"".","","","","","","","","1.0"
"1962856374255428090","1962851032343670917","""Hari ini ada 1 ompreng, salah satu menunya ada jangkriknya. Jangkrik ada di dalam tahu goreng ketika dibelah salah satu anak (ditemukan jangkrik) sudah termasak,"" kata Nugroho.

Klik untuk baca: https://t.co/gCuzNIYXIh

| #MakanBergiziGratis #Yogyakarta https://t.co/fXlVYLyRjp","@kompascom 1 porsi, 1 menu, jangan2 kerjaan manusia2 anti pemerintah","","","","","","","","1.0"
"1855943366640386442","1855901997892776154","Prabowo: China akan Dukung Pendanaan Program Makan Bergizi Gratis https://t.co/Bt9jQpvs11","@tempodotco Ngutang lagi ya Pak @prabowo ...😄😄.
Ngutang itu untuk menggratiskan biaya pendidikan dari PAUD sampai  PT baru jos.
Lah ini ngutang buat makan.
Sangat tidak pas .","","","","","","","","1.0"
"1920673849621819726","1920024711091913002","Bagi Prabowo, anak2 yg meregang nyawa keracunan MBG ini hanyalah collateral damage, angka statistik

Tanpa empati, Prabowo membanggakan program MBG dgn mengatakan anak2 yg keracunan ini hanya 0,005%...

Bagi orang tua anak2 tsb, kejadian ini adalah percobaan pembunuhan anak2 mrk https://t.co/49aZ1jJYBm","@MurtadhaOne1 — program ini saya fikir tanpa pengawasan dari mulai dana sampai ke makanan yang di sajikan @prabowo","","","","","","","","1.0"
"2015625373120336173","2015593200413790212","Yang klinis dibantah, yang klenik disembah. Yang pakar diragukan, yang sensasional dipertontonkan. Orang pintar dibilang bodoh, orang bodoh merasa pintar. Ternyata, sebaik-baiknya makan bergizi gratis, negeri ini lebih membutuhkan pendidikan gratis","@FiersaBesari Mungkin karena selama ini gk dpt makanan yg gandungan gizi tidak berkualitas menyebabkan perkembangan otak tidak optimal dan pola pikir tidak berkembang. Mungkin hal ini yg mau di perbaiki oleh pemerintah kita 🤣😂. wkwkwkkwkwkwkwk. Miris ya liat negara ini 😅","","","","","","","","1.0"
"1971518651972108591","1958459925472141690","Menteri Koordinator Bidang Pangan Zulkifli Hasan (Zulhas) mengatakan, penyebab para siswa mengalami keracunan MBG karena masih belum terbiasa mengkonsumsinya, bukan karena salah dalam mengolah masakan.

Klik untuk baca: https://t.co/q1ZXrhX4rn 

| #MakanBergiziGratis #Keracunan #Zulhas","@kompascom Zulhas ini orang yg pas buat jadi tester mbg di daerah pelosok cicip dulu lah.","","","","","","","","1.0"
"2026997158663377371","2026537644721844659","BGN: Jatah MBG Rp 8-10 Ribu Per Porsi, Bukan Rp 15 Ribu https://t.co/1HgDLgarZM","@tempodotco Oh 10 ribu ya? Kalo gitu mending kasih mbak yang ini aja pengolahannya 😂😭 biar anak-anak Ga minum susu kemasan tinggi gula sama keju kemasan yang gajelas kandungannya https://t.co/Xn6OGQDLS5","","","","","","","","1.0"
"1943682223217037795","1943613737996337300","Badan Gizi Minta Tambahan Rp 118 Triliun untuk Makan Bergizi Gratis 2026
https://t.co/qsyk153ols","@tempodotco Kalau begitu boleh dong rakyat kelas menengah ke bawah minta tambahan anggaran per keluarga buat tambah gizi biar rakyat sehat sehingga bisa menekan biaya pengobatan. 
😇😇","","","","","","","","1.0"
"1968618971206402431","1968615361353322829","Sejak Januari 2025, sudah ada 17 kasus keracunan MBG di 10 provinsi.
Korbannya lebih dari 4.000 siswa Dari TK sampai SMA.

@prabowo mau sampai kapan anak-anak jadi korban keracunan program ugal-ugalan ini?","@barengwarga @prabowo mereka meminimalisasi bahan baku , adapun makanan sisa atau lebih disajikan dua kali. 
Akhirnya keracunan . 

Program dari target dapur n pembayaran pemerintah suka telat. Itu kata Dapur MBG. 
Seharusnya mbg diserahkan kewarung2 n katering2  sekitar sekolahan dengan penjadwalan .","","","","","","","","1.0"
"1974420350881693800","1974086585424752775","Sejumlah orang tua siswa SDN Kota Baru 3, Kota Bekasi, memilih tidak lagi mengizinkan anak mereka mengonsumsi makanan dari program MBG setelah diduga menjadi penyebab keracunan pada beberapa murid.

Baca selengkapnya 👇
https://t.co/naEmR0JRYt

~LL #MBG #Bekasi https://t.co/km5RADzTwm","@kompascom Heee.... Us cerdas biar semua anggaran di hbiskan pejabat yg rakus dan culas","","","","","","","","1.0"
"1971753839545237620","1971543596244623542","""Mau punyanya jenderal, mau punyanya siapa, kalau melanggar, akan saya tutup. Saya enggak peduli. Karena ini nyangkut nyawa manusia,"" ujar Nanik

Klik untuk baca: https://t.co/feWh0ycakM

| #Jenderal #BadanGiziNasional #MakanBergiziGratis https://t.co/v02UFU3MV5","@kompascom Ternyata membual itu penyakit menular.  Menular dikalangan sendiri maksudnya. 

.","","","","","","","","1.0"
"1876558688787558724","1876276342163185879","Istana: Makan Bergizi Gratis di Sejumlah Daerah Masih Pakai Uang Prabowo | #PrabowoSubianto #MakanBergiziGratis https://t.co/Y4aiOEWsAj","@kompascom Tolong dimintakan laporan /audit keuangannya 

Besar dana yg dipakai untuk program ini berapa

Sumber dana masingx2 berapa detilnya (APBN, pribadi)

Menyasar sekolah mana saja,
Dalam 1 sekolah detil siswa yg mendapat paket makan berapa orang dari keseluruhan

Menu dan supplier ?","","","","","","","","1.0"
"1975025585173979462","1974775262580740581","Menteri Keuangan Purbaya Yudhi Sadewa menyatakan akan tetap memotong anggaran program Makan Bergizi Gratis (MBG) jika tidak terserap hingga akhir Oktober 2025.

Baca di sini: https://t.co/pgviQpEu39 

/ #PurbayaYudhiSadewa #MakanBergiziGratis https://t.co/Xr9wAhqG9M","@kompascom Berartijangan buru2 d sah kan penambahan anggaran em be ge sebelum kasus keracunan masal terselesaikan....","","","","","","","","1.0"
"1805159596895723820","1805116723743580405","Menteri Keuangan Sri Mulyani Indrawati mengumumkan pemerintah saat ini dan presiden terpilih menyepakati anggaran makan bergizi gratis sebesar Rp 71 triliun pada 2025.

#TempoHeadliner https://t.co/9FefbrHgIo","@tempodotco 71 trilyun padahal kayaknya bisa tuh buat biaya kuliah biar bisa murah atau bahkan gratis","","","","","","","","1.0"
"1879825905914433613","1879818088931266667","Puluhan siswa Sekolah Dasar (SD) Negeri Dukuh 03, Kabupaten Sukoharjo, Jawa Tengah, mengalami keracunan setelah mengonsumsi menu Makan Bergizi Gratis (MBG) pada Kamis (16/1/2025).

&lt; #MakanBergiziGratis #Sukoharjo 

https://t.co/9FeSjxyNNE","@kompascom Makanannya seharga 10 ribu, berobatnya habis 200 ribu, emaknya tekor 🤣","","","","","","","","1.0"
"1867808732794827262","1867792861179290083","Cak Imin Bilang Anggaran Makan Bergizi Gratis Rp 10 Ribu per Porsi Masih Simulasi
https://t.co/NhHGSAy4Ew","@tempodotco Polemiknya cuma di kalimat ""makan gratis"" klau 10.000 ningkatin gizi yaa tidak layak ... Krna konsepnya harus makan ...
Ganti programnya dengan ""peningkatan gizi anak sekolah"" 10.000 tiap hari itu cukup ...","","","","","","","","1.0"
"2011578355930579073","2010970065609359372","Prabowo mengklaim proyek MBG sebagai salah satu keberhasilannya.

#Tempodotco https://t.co/i3flDy1oeb","@tempodotco Brp persen yg di 3T pak?","","","","","","","","1.0"
"2018750994512065006","2018263126114754614","Prabowo Singgung Lagi Distribusi MBG di Sumbar dan Aceh

“Buktinya saya kalah di Sumatera Barat, benar? Tapi tetap MBG sampai ke Sumatera Barat. Saya juga kalah di Aceh, kan? Tapi tetap kami bangun Aceh habis-habisan,” ucapnya. https://t.co/TAuI15TtaK","@tempodotco Idealnya, kalo udah menjabat ngga perlu lagi tuh mengungkit skor politik di masa lalu. Tugas negara ya harus dijalankan, titik. Mengungkit kekalahan malah terkesan belum bisa ""move on"" sepenuhnya. Alih-alih menghapus stigma ""pilih-kasih"", di sini Prabowo malah keliatan ""baper"".","","","","","","","","1.0"
